-- --------------------------------------------------------
-- Host:                         localhost
-- Server version:               5.7.24 - MySQL Community Server (GPL)
-- Server OS:                    Win64
-- HeidiSQL Version:             10.2.0.5599
-- --------------------------------------------------------

/*!40101 SET @OLD_CHARACTER_SET_CLIENT=@@CHARACTER_SET_CLIENT */;
/*!40101 SET NAMES utf8 */;
/*!50503 SET NAMES utf8mb4 */;
/*!40014 SET @OLD_FOREIGN_KEY_CHECKS=@@FOREIGN_KEY_CHECKS, FOREIGN_KEY_CHECKS=0 */;
/*!40101 SET @OLD_SQL_MODE=@@SQL_MODE, SQL_MODE='NO_AUTO_VALUE_ON_ZERO' */;


-- Dumping database structure for atmservice
CREATE DATABASE IF NOT EXISTS `atmservice` /*!40100 DEFAULT CHARACTER SET utf8mb4 */;
USE `atmservice`;

-- Dumping structure for table atmservice.accessory
CREATE TABLE IF NOT EXISTS `accessory` (
  `id` bigint(20) NOT NULL AUTO_INCREMENT,
  `name` varchar(255) NOT NULL,
  `error_device_id` bigint(20) NOT NULL,
  PRIMARY KEY (`id`),
  KEY `fk_device_1_idx` (`error_device_id`),
  CONSTRAINT `fk_device_1` FOREIGN KEY (`error_device_id`) REFERENCES `error_device` (`id`)
) ENGINE=InnoDB AUTO_INCREMENT=65 DEFAULT CHARSET=utf8mb4;

-- Dumping data for table atmservice.accessory: ~64 rows (approximately)
/*!40000 ALTER TABLE `accessory` DISABLE KEYS */;
INSERT INTO `accessory` (`id`, `name`, `error_device_id`) VALUES
	(1, 'Presenter', 3),
	(2, 'Cuaroa dài', 3),
	(3, 'Cuaroa ngắn', 3),
	(4, 'Trục mút ', 3),
	(5, 'Trục cuốn ', 3),
	(6, 'EPROM', 3),
	(7, 'Thép đỡ clamp', 3),
	(8, 'Cable clamp', 3),
	(9, 'Clamp', 5),
	(10, 'Mô tơ clamp', 5),
	(11, 'Khung clamp', 5),
	(12, 'Cuaroa clamp', 5),
	(13, 'Cặp khóa clamp', 5),
	(14, 'Dẫn hướng clamp', 5),
	(15, 'Extractor', 7),
	(16, 'trục cuốn ', 7),
	(17, 'trục đỡ', 7),
	(18, 'trục đen ', 7),
	(19, 'trục gap', 7),
	(20, 'trục gap nhỏ', 7),
	(21, 'Côn điện', 7),
	(22, 'Cuaroa ', 7),
	(23, 'Răng lược ', 7),
	(24, 'Pick ', 7),
	(25, 'Trục pick ', 7),
	(26, 'DDU', 7),
	(27, 'cable DDU', 7),
	(28, 'Miếng nhựa DDU', 7),
	(29, '4x board', 3),
	(30, 'CMD Board', 3),
	(31, 'TP07', 11),
	(32, 'TP28', 11),
	(33, 'TP27', 11),
	(34, 'Đầu đọc thẻ', 10),
	(35, 'Đầu từ', 10),
	(36, 'Sensor nhận biết thẻ', 10),
	(37, 'Đầu đọc thẻ chip', 10),
	(38, 'Mainboard', 10),
	(39, 'Đầu đọc thẻ', 10),
	(40, 'Đầu từ ', 10),
	(41, 'Đầu đọc thẻ chip', 10),
	(42, 'Mainboard', 10),
	(43, 'Đầu đọc thẻ', 10),
	(44, 'Mainboard', 10),
	(45, 'Nguồn ATM', 8),
	(46, 'Nguồn ATM', 8),
	(47, 'Bộ chia nguồn', 8),
	(48, 'Quạt', 8),
	(49, 'Card mạng', 1),
	(50, 'Mainboard', 1),
	(51, 'Ram', 1),
	(52, 'HDD', 1),
	(53, 'Chip', 1),
	(54, 'Quạt', 1),
	(55, 'Mô tơ khay tiền', 4),
	(56, 'Board khay tiền', 4),
	(57, 'EPPV6', 2),
	(58, 'EPPJ6.1', 2),
	(59, 'EPPV7', 2),
	(60, 'Shutter', 6),
	(61, 'Shutter', 6),
	(62, 'Shutter', 6),
	(63, 'Sel lớn', 9),
	(64, 'Sel nhỏ', 9);
/*!40000 ALTER TABLE `accessory` ENABLE KEYS */;

-- Dumping structure for table atmservice.accessory_series
CREATE TABLE IF NOT EXISTS `accessory_series` (
  `accessory_id` bigint(20) NOT NULL,
  `series_id` bigint(20) NOT NULL,
  KEY `fk_accessory_idx` (`accessory_id`),
  KEY `fk_series_idx` (`series_id`),
  CONSTRAINT `fk_accessory_1` FOREIGN KEY (`accessory_id`) REFERENCES `accessory` (`id`) ON DELETE NO ACTION ON UPDATE NO ACTION,
  CONSTRAINT `fk_series_1` FOREIGN KEY (`series_id`) REFERENCES `series` (`id`) ON DELETE NO ACTION ON UPDATE NO ACTION
) ENGINE=InnoDB DEFAULT CHARSET=utf8mb4;

-- Dumping data for table atmservice.accessory_series: ~200 rows (approximately)
/*!40000 ALTER TABLE `accessory_series` DISABLE KEYS */;
INSERT INTO `accessory_series` (`accessory_id`, `series_id`) VALUES
	(1, 1),
	(1, 2),
	(1, 3),
	(1, 4),
	(2, 1),
	(2, 2),
	(2, 3),
	(2, 4),
	(3, 1),
	(3, 2),
	(3, 3),
	(3, 4),
	(4, 1),
	(4, 2),
	(4, 3),
	(4, 4),
	(5, 1),
	(5, 2),
	(5, 3),
	(5, 4),
	(6, 1),
	(6, 2),
	(6, 3),
	(6, 4),
	(7, 1),
	(7, 2),
	(7, 3),
	(7, 4),
	(8, 1),
	(8, 2),
	(8, 3),
	(8, 4),
	(9, 1),
	(9, 2),
	(9, 3),
	(9, 4),
	(10, 1),
	(10, 2),
	(10, 3),
	(10, 4),
	(11, 1),
	(11, 2),
	(11, 3),
	(11, 4),
	(12, 1),
	(12, 2),
	(12, 3),
	(12, 4),
	(13, 1),
	(13, 2),
	(13, 3),
	(13, 4),
	(14, 1),
	(14, 2),
	(14, 3),
	(14, 4),
	(15, 1),
	(15, 2),
	(15, 3),
	(15, 4),
	(16, 1),
	(16, 2),
	(16, 3),
	(16, 4),
	(17, 1),
	(17, 2),
	(17, 3),
	(17, 4),
	(18, 1),
	(18, 2),
	(18, 3),
	(18, 4),
	(19, 1),
	(19, 2),
	(19, 3),
	(19, 4),
	(20, 1),
	(20, 2),
	(20, 3),
	(20, 4),
	(21, 1),
	(21, 2),
	(21, 3),
	(21, 4),
	(22, 1),
	(22, 2),
	(22, 3),
	(22, 4),
	(23, 1),
	(23, 2),
	(23, 3),
	(23, 4),
	(24, 1),
	(24, 2),
	(24, 3),
	(24, 4),
	(25, 1),
	(25, 2),
	(25, 3),
	(25, 4),
	(26, 1),
	(26, 2),
	(26, 3),
	(26, 4),
	(27, 1),
	(27, 2),
	(27, 3),
	(27, 4),
	(28, 1),
	(28, 2),
	(28, 3),
	(28, 4),
	(29, 1),
	(29, 2),
	(29, 3),
	(29, 4),
	(30, 1),
	(30, 2),
	(30, 3),
	(30, 4),
	(31, 1),
	(32, 2),
	(33, 3),
	(33, 4),
	(34, 1),
	(35, 1),
	(36, 1),
	(37, 1),
	(38, 1),
	(39, 2),
	(39, 3),
	(40, 2),
	(40, 3),
	(40, 4),
	(41, 2),
	(41, 3),
	(41, 4),
	(42, 2),
	(42, 3),
	(43, 4),
	(44, 4),
	(45, 1),
	(46, 2),
	(46, 3),
	(46, 4),
	(47, 1),
	(47, 3),
	(47, 4),
	(48, 1),
	(48, 2),
	(48, 3),
	(48, 4),
	(49, 1),
	(49, 2),
	(49, 3),
	(49, 4),
	(50, 1),
	(50, 2),
	(50, 3),
	(50, 4),
	(51, 1),
	(51, 2),
	(51, 3),
	(51, 4),
	(52, 1),
	(52, 2),
	(52, 3),
	(52, 4),
	(53, 1),
	(53, 2),
	(53, 3),
	(53, 4),
	(54, 1),
	(54, 2),
	(54, 3),
	(54, 4),
	(55, 1),
	(55, 2),
	(55, 3),
	(55, 4),
	(56, 1),
	(56, 2),
	(56, 3),
	(56, 4),
	(57, 1),
	(57, 3),
	(58, 2),
	(59, 4),
	(60, 2),
	(61, 1),
	(62, 3),
	(62, 4),
	(63, 1),
	(63, 2),
	(63, 3),
	(63, 4),
	(64, 1),
	(64, 2),
	(64, 3),
	(64, 4);
/*!40000 ALTER TABLE `accessory_series` ENABLE KEYS */;

-- Dumping structure for table atmservice.atm
CREATE TABLE IF NOT EXISTS `atm` (
  `serial_number` varchar(50) NOT NULL,
  `atm_id` varchar(50) DEFAULT NULL,
  `address` varchar(255) NOT NULL,
  `series_id` bigint(20) DEFAULT NULL,
  `region_id` int(11) DEFAULT NULL,
  `department_id` int(11) DEFAULT NULL,
  `status` tinyint(4) DEFAULT NULL,
  PRIMARY KEY (`serial_number`),
  UNIQUE KEY `serial_number_UNIQUE` (`serial_number`),
  KEY `fk_seri_idx` (`series_id`),
  KEY `fk_region_idx` (`region_id`),
  KEY `fk_department_idx` (`department_id`),
  CONSTRAINT `fk_department` FOREIGN KEY (`department_id`) REFERENCES `department` (`id`) ON DELETE NO ACTION ON UPDATE NO ACTION,
  CONSTRAINT `fk_region` FOREIGN KEY (`region_id`) REFERENCES `region` (`id`),
  CONSTRAINT `fk_seri` FOREIGN KEY (`series_id`) REFERENCES `series` (`id`) ON DELETE NO ACTION ON UPDATE NO ACTION
) ENGINE=InnoDB DEFAULT CHARSET=utf8mb4;

-- Dumping data for table atmservice.atm: ~794 rows (approximately)
/*!40000 ALTER TABLE `atm` DISABLE KEYS */;
INSERT INTO `atm` (`serial_number`, `atm_id`, `address`, `series_id`, `region_id`, `department_id`, `status`) VALUES
	('5300377156', NULL, 'Thị trấn Xuân Trường- Xuân Trường – Nam Định', 1, 3, 4, 1),
	('5300377162', NULL, 'Ấp Phú Hữu, Xã Phú Mỹ, H.Tân Phước, Tiền Giang', 1, 2, 6, 1),
	('5300377168', NULL, '171 Nguyễn Trãi, Thanh Xuân, Hà Nội', 1, 3, 4, 1),
	('5300377181', NULL, 'Ấp 2 Bình Phong Thạnh, Mộc Hóa, Long An', 1, 2, 6, 1),
	('5300377188', NULL, 'NHNo Phú Lộc- Thị trấn Phú Lộc', 1, 1, 1, 1),
	('5300377924', NULL, 'Trụ sở NHNo Hải Hà, 18 Lý Thường Kiệt, Hải Hà', 1, 3, 4, 1),
	('5300377933', NULL, 'Số 75 Phương Mai, Hà Nội', 1, 3, 4, 1),
	('5300377942', NULL, 'Ấp cái dây, UBND T.trấn Châu Hưng, Vĩnh Lợi, Bạc Liêu', 1, 2, 3, 1),
	('5300377957', NULL, '37 Nguyễn Đăng Đạo, P. Suối Hoa, Bắc Ninh', 1, 3, 4, 1),
	('5300377965', NULL, 'Cty chế biến TSXK Tắc Vân, 254B Quốc Lộ 1, Tp. Cà Mau', 1, 2, 3, 1),
	('5300378000', NULL, 'Số 02 Mẹ Suốt -TP. Đồng Hới', 1, 1, 1, 1),
	('5300378007', NULL, 'Khu 11 - Thị trấn Thanh Ba - H.Thanh Ba - Phú Thọ', 1, 3, 4, 1),
	('5300378016', NULL, '30B Gia Long, Khu 1, Thị trấn Trà Ôn, Vĩnh Long', 1, 2, 3, 1),
	('5300378026', NULL, '12 khối 6 TT Cao Lộc, huyện Cao Lộc, Lạng Sơn', 1, 3, 4, 1),
	('5300378031', NULL, 'Trụ sở NHNo Hoành Bồ, Khu 4 thị trấn Trới, Hoành Bồ, Quảng Ninh', 1, 3, 4, 1),
	('5300378149', NULL, 'Xã Bồ Sao, Huyện Vĩnh Tường, Tỉnh Vĩnh Phúc', 1, 3, 4, 1),
	('5300378154', NULL, '233 Hùng Vương, Thị trấn Đăk Tô, tỉnh Kon Tum', 1, 2, 2, 1),
	('5300378177', NULL, '2 Lý Tự Trọng, TX. Bảo Lộc, Lâm Đồng', 1, 2, 6, 1),
	('5300378191', NULL, 'Tầng 1,2,3 Tòa Diamond Flower Tower – 48 Lê Văn Lương, Thanh Xuân, Hà Nội', 1, 3, 4, 1),
	('5300378203', NULL, 'PGD Pháp Vân-tầng 1, nơ 7, KĐT Pháp Vân, Tứ Hiệp', 1, 3, 4, 1),
	('5300378231', NULL, '26/1 QL.80, X.An Nhơn, H.Châu Thành, Đồng Tháp', 1, 2, 6, 1),
	('5300378254', NULL, 'Số 2 Láng Hạ - Q.Ba Đình - Hà Nội', 1, 3, 4, 1),
	('5300378257', NULL, 'Thôn Nà Khán, Hà Lang, Chiêm Hóa, Tuyên Quang (Đ/c cũ: Tổ Trung Tâm 1, Thị trấn Vĩnh Lộc, Chiêm Hóa)', 1, 3, 4, 1),
	('5300378266', NULL, '139 Nguyễn Văn Cừ, p. Hồng Hà, TP Hạ Long', 1, 3, 4, 1),
	('5300378273', NULL, 'CN NHNo Đăk Đoa, 199 Nguyễn Huệ, Đăk Đoa - Gia Lai', 1, 1, 1, 1),
	('5300378276', NULL, 'Số 2 Láng Hạ - Q.Ba Đình - Hà Nội', 1, 3, 4, 1),
	('5300378281', NULL, 'Thị trấn Hoà Mạc - H. Duy Tiên - Hà Nam', 1, 3, 4, 1),
	('5300378290', NULL, 'Tạ Quang Bửu, Q.8, Tp.HCM', 1, 2, 6, 1),
	('5300378293', NULL, 'Thị trấn Văn Giang - H. Văn Giang – Hưng Yên', 1, 3, 4, 1),
	('5300378298', NULL, 'Thị trấn Cái Nước, huyện Cái Nước, Cà Mau', 1, 2, 3, 1),
	('5300378303', NULL, 'KM2 - đường 315- TX.Phú Thọ - Phú Thọ', 1, 3, 4, 1),
	('5300378309', NULL, 'Số 1039 Đường Trần Hưng Đạo, P7, Thị trấn Vị Thanh, Hậu Giang', 1, 2, 3, 1),
	('5300378321', NULL, 'Thôn Đại Bái - Xã Đại Thịnh - Mê Linh – Hà Nội', 1, 3, 4, 1),
	('5300378331', NULL, '250 Trần Phú, P7, TP. Bạc Liêu', 1, 2, 3, 1),
	('5300378347', NULL, '01B Lê Quý Đôn- TX Đông Hà', 1, 1, 1, 1),
	('5300378405', NULL, 'Kim Xuyên, Hồng Lạc, Sơn Dương', 1, 3, 4, 1),
	('5300378410', NULL, 'PGD Mỹ Thắng, xã Mỹ Thắng, huyện Mỹ Lộc, Nam Định', 1, 3, 4, 0),
	('5300378419', NULL, '131 Quốc lộ 13, P.Hiệp Bình Chánh, Q.Thủ Đức', 1, 2, 6, 1),
	('5300378512', NULL, 'Hội sở chi nhánh NHNo Bến Tre', 1, 2, 3, 1),
	('5300378514', NULL, 'Chung cư Phoenix, Trung tâm đô thị Chí Linh, P. Nguyễn An Ninh, TP Vũng Tàu', 1, 2, 6, 1),
	('5300378518', NULL, '479 Lương Ngọc Quyến, TP Thái Nguyên', 1, 3, 4, 1),
	('5300378528', NULL, '594 TL 921, Cờ Đỏ, TP. Cần Thơ', 1, 2, 6, 1),
	('5300378535', NULL, 'KM 20 QL 27 -Eabhok- Thị trấn CưKcuin', 1, 2, 2, 1),
	('5300378547', NULL, 'Khóm 3 - Thị trấn Càng Long', 1, 2, 3, 1),
	('5300378551', NULL, '37 Nguyễn Tất Thành, Hồng Ngự, Đồng Tháp', 1, 2, 6, 1),
	('5300378554', NULL, '01B Lê Quý Đôn- TX Đông Hà', 1, 1, 1, 1),
	('5300378564', NULL, 'CN Đăk R’Lấp, Thị trấn Kiến Đức, H. Đăk R’Lấp', 1, 2, 2, 1),
	('5300378584', NULL, 'CN NHNo Chư Păh, Hùng Vương, Chư Păh', 1, 1, 1, 1),
	('5300378586', NULL, 'Quốc Lộ 51 - Ấp Vạn Hạnh - Thị trấn Phú Mỹ - Tân Thành - BR - VT', 1, 2, 6, 1),
	('5300378595', NULL, 'Số 2 Láng Hạ - Q.Ba Đình - Hà Nội', 1, 3, 4, 1),
	('5300378613', NULL, 'PGD Lăng Cô- Thị trấn Lăng Cô', 1, 1, 1, 1),
	('5300378631', NULL, 'Thị trấn Việt Quang, huyện Bắc Quang, Hà Giang', 1, 3, 4, 1),
	('5300378643', NULL, 'Thôn 2, xã Hòa Ninh, H.Hoà Ninh', 1, 2, 6, 1),
	('5300378805', NULL, '161 Nguyễn Thị Tú, P. Bình Hưng Hòa, Q.Bình Tân', 1, 2, 6, 1),
	('5300378809', NULL, 'Khóm 1, Thị trấn Duyên Hải, H. Duyên Hải, Trà Vinh', 1, 2, 3, 1),
	('5300378821', NULL, 'Thôn Quý Thạnh- Ngũ Phụng- Phú Quý', 1, 2, 6, 1),
	('5300378825', NULL, 'Công ty Texray, khu công nghiệp Lợi Bình Nhơn, Xã Lợi Bình Nhơn, Thành phố Tân An, Long An', 1, 2, 6, 1),
	('5300378829', NULL, 'Ấp Lò Vôi, xã Phước Hưng, Long Điền, tỉnh Bà Rịa - Vũng Tàu', 1, 2, 6, 1),
	('5300378840', NULL, 'Ấp Căn Cứ, xã Mỹ Thạnh, Giồng Trôm, Bến Tre', 1, 2, 3, 1),
	('5300378844', NULL, '35 Võ Thị Sáu - thị trấn Kbang, huyện Kbang, tỉnh Gia Lai', 1, 1, 1, 1),
	('5300378851', NULL, '241 Hậu Giang, Q.6, TPHCM', 1, 2, 6, 1),
	('5300378859', NULL, '10 Lê Lợi - Thị trấn Chợ Mới - H. Chợ Mới - An Giang', 1, 2, 6, 1),
	('5300378866', NULL, 'Số 51 QL 61 Thị trấn Cái Tắc – H. Châu Thành A - Hậu Giang', 1, 2, 3, 1),
	('5300378871', NULL, '927A P.Linh Tây, Thủ Đức', 1, 2, 6, 1),
	('5300378885', NULL, 'Khóm 2 Thị trấn Vũng Liêm, tỉnh Vĩnh Long', 1, 2, 3, 1),
	('5300378895', NULL, 'Xã Đạ Ròn, Đơn Dương, Lâm Đồng', 1, 2, 6, 1),
	('5300378904', NULL, '108 Ấp Long Hoà - Giao Long - Châu Thành', 1, 2, 3, 1),
	('5300378911', NULL, 'Thị trấn Ân Thi - H. Ân Thi - Hưng Yên', 1, 3, 4, 1),
	('5300378916', NULL, 'KCN Phước Tài - Đường Hùng Vương - P.Trần Quang Diệu, TP Quy Nhơn', 1, 1, 1, 1),
	('5300378934', NULL, '43 A đường 30/04, F9, Vũng Tàu', 1, 2, 6, 1),
	('5300378945', NULL, 'Ấp Cá thị trấn Tân Hiệp, Tiền Giang', 1, 2, 6, 1),
	('5300379058', NULL, 'Số 1 QL 50 Thị trấn Cần Giuộc - Long An', 1, 2, 6, 1),
	('5300379072', NULL, 'Thị trấn Bình Gia, huyện Bình Gia, Lạng Sơn', 1, 3, 4, 1),
	('5300379198', NULL, 'Khu B - Thị trấn Hậu Nghĩa - Đức Hoà - Long An', 1, 2, 6, 1),
	('5300379201', NULL, '104 đường 2/4 Thị trấn Thạnh Mỹ, H.Đơn Dương', 1, 2, 6, 1),
	('5300379204', NULL, 'Km28, Thị trấn Thuận Nam, H. Hàm Thuận Nam', 1, 2, 6, 1),
	('5300379205', NULL, 'Quốc lộ 55 - Thị trấn Phước Bữu – Xuyên Mộc - BR-VT', 1, 2, 6, 1),
	('5300379210', NULL, 'NHNo H. Cao Lãnh -172 Nguyễn Trãi, QL 30 Thị trấn Mỹ Thọ', 1, 2, 6, 1),
	('5300379211', NULL, '49 Ngô Gia Tự, TP. Phan Rang – Tháp Chàm, Tỉnh Ninh Thuận', 1, 2, 6, 1),
	('5300379219', NULL, 'NHNo H.Lai Vung, Đg Lê Lợi, Thị trấn Lai Vung', 1, 2, 6, 1),
	('5300379251', NULL, 'NHNo Huyện Đông Hải, khu vực 3, Gành Hào, huyện Đông Hải, Bạc Liêu', 1, 2, 3, 1),
	('5300379933', NULL, 'Thị trấn Buôn Đôn', 1, 2, 2, 1),
	('5300379955', NULL, 'SATRA 460 3Tháng2, Q.10, TPHCM', 1, 2, 6, 1),
	('5300379978', NULL, '8-10 Nam Kỳ Khởi Nghĩa - Ninh Kiều – TP Cần Thơ', 1, 2, 6, 1),
	('5300379996', NULL, 'Thị trấn Cao, huyện Phù Cừ, Hưng Yên', 1, 3, 4, 1),
	('5300380006', NULL, 'NHNo Tứ Kỳ - Đường 391 H. Tứ Kỳ - T. Hải Dương', 1, 3, 4, 1),
	('5300380019', NULL, 'Thị trấn Than Uyên, Lai Châu', 1, 3, 4, 1),
	('5300380027', NULL, 'Tòa nhà Quốc hội, Bắc Sơn, Ba Đình, Hà Nội', 1, 3, 4, 1),
	('5300380043', NULL, '568A Lê Văn Việt, Q.9, Tp. Hồ Chí Minh', 1, 2, 6, 1),
	('5300380053', NULL, 'CN Đăk Song, Thị trấn Đức An, H.Đăk Song', 1, 2, 2, 1),
	('5300380063', NULL, 'Thị trấn Vương - Tiên Lữ - Hưng Yên', 1, 3, 4, 1),
	('5300380208', NULL, 'PGD Mỹ Lâm, Mỹ Bằng, Yên Sơn, Tuyên Quang', 1, 3, 4, 1),
	('5300380267', NULL, '06 Phan Bội Châu,TP.Tam Kỳ, Quảng Nam', 1, 1, 1, 1),
	('5300380271', NULL, 'Tiểu khu 2 - Thị trấn Thắng - H. Hiệp Hòa - Bắc Giang', 1, 3, 4, 1),
	('5300380278', NULL, 'PGD Đại học Nông Nghiệp 1- Trân Quỳ- Gia Lâm', 1, 3, 4, 1),
	('5300380282', NULL, 'Số 41, Quốc lộ 91, Q.Thốt Nốt, Cần Thơ', 1, 2, 6, 1),
	('5300380289', NULL, 'Thị trấn Việt Quang, huyện Bắc Quang, Hà Giang', 1, 3, 4, 1),
	('5300380293', NULL, 'Khu 1- TT Thanh Hà -H. Thanh Hà – T. Hải Dương', 1, 3, 4, 1),
	('5300380297', NULL, '15 Đường D5, P.25, Q. Bình Thạnh, TPHCM', 1, 2, 6, 1),
	('5300380305', NULL, '115 phố Quán Gánh, Thường Tín, Hà Nội', 1, 3, 4, 1),
	('5300380310', NULL, 'NHNo H.Tuần Giáo-Thị trấn Tuần Giáo, H.Tuần Giáo, Điện Biên', 1, 3, 4, 1),
	('5300380314', NULL, '2454 Đại Lộ Hùng Vương - Vân Cơ – Việt Trì - Phú Thọ', 1, 3, 4, 1),
	('5300380318', NULL, 'Đường 1 A Thị trấn Kỳ Anh', 1, 3, 5, 1),
	('5300380322', NULL, 'CN NHNo Ayunpa, 53 Nguyễn Huệ, Ayunpa', 1, 1, 1, 1),
	('5300380326', NULL, 'NHNo Đức Thọ, xóm 5 thị trấn Đức Thọ, Đức Thọ', 1, 3, 5, 1),
	('5300380327', NULL, '45 Đại lộ Bình Dương, TP. Thủ Dầu Một, Tỉnh Bình Dương', 1, 2, 6, 1),
	('5300380332', NULL, 'Ấp Hòa Đông, xã Thạnh Hòa, huyện Tân Phước', 1, 2, 6, 1),
	('5300380340', NULL, 'Thị trấn Đoan Hùng - Phú Thọ', 1, 3, 4, 1),
	('5300380347', NULL, '185 KP3, Thị trấn Đình Văn, H.Lâm Hà', 1, 2, 6, 1),
	('5300380351', NULL, 'Trụ sở NHNo Vân Đồn, Khu 5 thị trấn Cái Rồng, Vân Đồn, Quảng Ninh', 1, 3, 4, 1),
	('5300380354', NULL, 'Xóm Hợp Thuận, Xã Xuân Phổ, Nghi Xuân, Hà Tĩnh (Đ/c cũ: TT Tây Sơn, Hương Sơn, Hà Tĩnh)', 1, 3, 5, 1),
	('5300380358', NULL, 'B9/1 QL1A, ấp 2, xã Bình Chánh, Huyện Bình Chánh', 1, 2, 6, 1),
	('5300380362', NULL, '06 Phan Bội Châu,TP.Tam Kỳ, Quảng Nam', 1, 1, 1, 1),
	('5300380366', NULL, 'Thị trấn Quỳnh Côi, H. Quỳnh Phụ, Thái Bình', 1, 3, 4, 1),
	('5300380374', NULL, 'Đường Nguyễn Tất Thành, TT Buôn Trấp, H.Krông Na', 1, 2, 2, 1),
	('5300380379', NULL, '01 Lê Thị Riêng, P.Thới An, Q.12, TP.HCM', 1, 2, 6, 1),
	('5300380383', NULL, 'NHNo Đồng Bành, Chi Lăng, Lạng Sơn', 1, 3, 4, 1),
	('5300380387', NULL, '654 Quang Trung, P.11, Q. Gò Vấp', 1, 2, 6, 1),
	('5300380391', NULL, '270 Hùng Vương, Ấp thị trấn, TT Ngã Sáu, Châu Thành, Hậu giang', 1, 2, 3, 1),
	('5300380395', NULL, 'CN NHNo Chư Sê, 792 Hùng Vương, Chư Sê', 1, 1, 1, 1),
	('5300380399', NULL, 'Đường Thừa Dụ - Thị trấn Ninh Giang – H. Ninh Giang - T. Hải Dương', 1, 3, 4, 1),
	('5300380406', NULL, '9 Đoàn Thế Trung, Thị trấn Long Phú, huyện Long Phú, tỉnh Sóc Trăng', 1, 2, 3, 1),
	('5300380412', NULL, 'Agribank huyện Thanh Miện, số 163 Nguyễn Lương Bằng, thị trấn Thanh Miện, huyện Thanh Miện, Hải Dương', 1, 3, 4, 1),
	('5300380420', NULL, '106 Phạm Văn Hai, P2, Q.Tân Bình, TP.HCM', 1, 2, 6, 1),
	('5300380438', NULL, 'PGD Hưng Phú - B 13/18 Quốc lộ 50, xã Bình Hưng, Huyện Bình Chánh', 1, 2, 6, 1),
	('5300380445', NULL, 'NHNo huyện Quảng Điền- T Trấn Sịa', 1, 1, 1, 1),
	('5300380461', NULL, 'Thị trấn Sóc Sơn, huyện Sóc Sơn', 1, 3, 4, 1),
	('5300380476', NULL, 'P 107, CC2 Bắc Linh Đàm - Hà Nội', 1, 3, 4, 1),
	('5300380483', NULL, 'Số 02 Mẹ Suốt -TP. Đồng Hới', 1, 1, 1, 1),
	('5300380502', NULL, 'Cty CP Giày Phúc Yên - Đường Trần Phú - P.Phúc Thắng - Phúc Yên - Vĩnh Phúc', 1, 3, 4, 1),
	('5300380510', NULL, 'Khu B - TT Hậu Nghĩa - Đức Hoà - Long An', 1, 2, 6, 1),
	('5300380520', NULL, 'Trụ sở NHNo Tiên Yên, 2C phố Hoà Bình, thị trấn Tiên Yên, Quảng Ninh', 1, 3, 4, 1),
	('5300380530', NULL, 'Số 2 Láng Hạ - Q.Ba Đình - Hà Nội', 1, 3, 4, 1),
	('5300380536', NULL, 'PGD Khu Đông, xã Hùng Dũng, Hưng Hà, Thái Bình', 1, 3, 4, 1),
	('5300380550', NULL, 'Tầng 1,2,3 Tòa Diamond Flower Tower – 48 Lê Văn Lương, Thanh Xuân, Hà Nội', 1, 3, 4, 1),
	('5300380564', NULL, 'Tòa nhà Quốc hội, Bắc Sơn, Ba Đình, Hà Nội', 1, 3, 4, 1),
	('5300380568', NULL, '119 Nguyễn Tất Thành - Thị trấn Tăng Bạt Hổ - Hoài Ân - Bình Định', 1, 1, 1, 1),
	('5300380578', NULL, 'Đường Rừng Sác, ấp Bình Phước, Bình Khánh', 1, 2, 6, 1),
	('5300380587', NULL, '129 Bình Quới P27, Q. Bình Thạnh, Tp. HCM', 1, 2, 6, 1),
	('5300380596', NULL, 'Đường 1 A Cẩm Xuyên - Hà Tĩnh', 1, 3, 5, 1),
	('5300380600', NULL, 'Thị trấn Nam Sách - H. Nam Sách – T. Hải Dương', 1, 3, 4, 1),
	('5300380609', NULL, 'Số 2 Láng Hạ - Q.Ba Đình - Hà Nội', 1, 3, 4, 1),
	('5300380622', NULL, '21 Thanh Niên, TT Phù Mỹ, Phù Mỹ, Bình Định', 1, 1, 1, 1),
	('5300380631', NULL, 'Số 1 Hùng Vương, Ba Đình, Hà Nội', 1, 3, 4, 1),
	('5300380642', NULL, 'Thị trấn Lương Bằng - Kim Động – Hưng Yên', 1, 3, 4, 1),
	('5300380647', NULL, '112 Cầu Diễn, Phúc Diễn, Bắc Từ Liêm, Hà Nội', 1, 3, 4, 1),
	('5300380659', NULL, 'NHNo huyện Phú Lương, TT Đu, huyện Phú Lương, Thái Nguyên', 1, 3, 4, 1),
	('5300380665', NULL, 'Tiểu khu 7 T.trấn Mộc Châu, H. Mộc Châu, Sơn La', 1, 3, 4, 1),
	('5300380669', NULL, '238 Điện Biên Phủ, Q. Thanh Khê, Đà Nẵng', 1, 1, 1, 1),
	('5300380678', NULL, 'Xóm 1 Nam Sơn - Thị trấn Nghèn - Can Lộc - Hà Tĩnh', 1, 3, 5, 1),
	('5300380685', NULL, 'NHNo Sông Công CM10 Tân Quang, TP Sông Công', 1, 3, 4, 1),
	('5300380743', NULL, '431 Hùng Vương, TP.Tam Kỳ, Quảng Nam', 1, 1, 1, 1),
	('5300380747', NULL, 'Số 9 Nguyễn Cảnh Chân - Ba Đình - Hà Nội', 1, 3, 4, 1),
	('5300380757', NULL, 'PGD Chèm, Đường Đông Ngạc, xã Đông Ngạc, Từ Liêm', 1, 3, 4, 1),
	('5300380763', NULL, 'Phố Phúc Lâm - Thị trấn An Lưu – H. Kinh Môn - T. Hải Dương', 1, 3, 4, 1),
	('5300380773', NULL, 'Trường Cao đẳng Du Lịch Đà Nẵng', 1, 1, 1, 1),
	('5300380884', NULL, 'NHNo Tiên Sơn, Bắc Ninh', 1, 3, 4, 1),
	('5300380885', NULL, '154A Tôn Đức Thắng, Q.Đống Đa, Hà Nội', 1, 3, 4, 1),
	('5300380894', NULL, 'NHNo Vĩnh Tường - Vĩnh Tường – Vĩnh Phúc', 1, 3, 4, 1),
	('5300380907', NULL, 'QL 91 Thị trấn An Châu, H. Châu Thành, An Giang', 1, 2, 6, 1),
	('5300380915', NULL, 'Thị trấn Phu Thứ, H.Tây Hoà, Phú Yên', 1, 1, 1, 1),
	('5300380920', NULL, 'Thị trấn Ea Kar- H. Ea Kar - Đắc Lắc', 1, 2, 2, 1),
	('5300380928', NULL, 'Nhà Khách Sa Pa, Đường Ngũ Chỉ Sơn, Thị trấn Sa Pa', 1, 3, 4, 1),
	('5300380938', NULL, 'NHNo Đức Thọ, xóm 5 thị trấn Đức Thọ, Đức Thọ', 1, 3, 5, 1),
	('5300381459', NULL, 'Bệnh viện C17 - Đà Nẵng', 1, 1, 1, 1),
	('5300381470', NULL, 'Tổ 25, P. Tân An, Đường Điện Biên, TX. Nghĩa Lộ', 1, 3, 4, 1),
	('5300381479', NULL, 'Thị trấn Lập Thạch - H. Lập Trạch – Vĩnh Phúc', 1, 3, 4, 1),
	('5300381493', NULL, 'Thị trấn Cổ Lễ, huyện Trực Ninh, Nam Định', 1, 3, 4, 1),
	('5300381498', NULL, '91-95 Nguyễn Tất Thành, Nha Trang, Khánh Hòa', 1, 2, 6, 1),
	('5300381513', NULL, 'PGD Nam Vĩnh Yên, Khai Quan, Vĩnh Yên, Vĩnh Phúc', 1, 3, 4, 1),
	('5300381518', NULL, 'Thôn Trung Tín 1, TT Tuy Phước, Tuy Phước, Bình Định', 1, 1, 1, 1),
	('5300381528', NULL, 'Hợp Châu - Tam Đảo - Vĩnh Phúc', 1, 3, 4, 1),
	('5300381616', NULL, 'Trường ĐH Nha Trang, số 2 Nguyễn Đình Chiểu, Nha Trang, Khánh Hòa', 1, 2, 6, 1),
	('5300381623', NULL, 'NHNo Yên Khánh, H.Yên Khánh, Ninh Bình', 1, 3, 4, 1),
	('5300381628', NULL, 'NHNo huyện Đồng Hỷ, thị trấn Chùa Hang, huyện Đồng Hỷ, Thái Nguyên', 1, 3, 4, 1),
	('5300381645', NULL, 'Tổ 9 P. Nguyễn Thị Minh Khai , TP Bắc Cạn, Bắc Cạn', 1, 3, 4, 1),
	('5300381656', NULL, 'Khối 1 - Thị trấn Hoàng Mai - Quỳnh Lưu - Nghệ An', 1, 3, 5, 1),
	('5300381666', NULL, 'Thị trấn Hoà Thuận, huyện Quảng Hoà, Cao Bằng', 1, 3, 4, 1),
	('5300381669', NULL, '108 đường Trần Phú, Ba Đình, TX. Bỉm Sơn, Thanh Hóa', 1, 3, 5, 1),
	('5300381683', NULL, '194 Trần Hưng Đạo, TP. Quảng Ngãi', 1, 1, 1, 1),
	('5300381701', NULL, '739 Lạc Long Quân, Tây Hồ, Hà Nội', 1, 3, 4, 1),
	('5300381704', NULL, 'Xóm 22, xã Nghi Trung, H.Nghi Lộc, Nghệ An', 1, 3, 5, 1),
	('5300381712', NULL, '42 Trần Phú - TX. Hồng Lĩnh- Hà Tĩnh', 1, 3, 5, 1),
	('5300381717', NULL, 'Thị trấn Ngọc Lặc, Ngọc Lặc, Thanh Hóa', 1, 3, 5, 1),
	('5300381738', NULL, '70 đường 19 tháng 5 - Thị trấn Phố Lu', 1, 3, 4, 1),
	('5300381741', NULL, 'Thị trấn Còng, huyện Tĩnh Gia, Thanh Hóa', 1, 3, 5, 1),
	('5300381749', NULL, 'Thị trấn Phong Thổ, Lai Châu', 1, 3, 4, 1),
	('5300381755', NULL, 'Thôn Tiên Bình, Thị trấn Tiên Kỳ, huyện Tiên Phước', 1, 1, 1, 1),
	('5300381762', NULL, '255 đường Cửa Đại, p.Cẩm Châu, TP.Hội An', 1, 1, 1, 1),
	('5300381766', NULL, '927A P.Linh Tây, Thủ Đức', 1, 2, 6, 1),
	('5300381769', NULL, 'NHNo Lục Ngạn, thị trấn Chũ, Lục Ngạn, Bắc Giang', 1, 3, 4, 1),
	('5300381778', NULL, 'Xã Yên Sơn, H.Đô Lương, Nghệ An', 1, 3, 5, 1),
	('5300381785', NULL, 'NHNo Gia Viễn, Thị trấn Me, Ninh Bình', 1, 3, 4, 1),
	('5300381788', NULL, '146 phố Môi, thị trấn Môi, Thanh Hóa', 1, 3, 5, 1),
	('5300381791', NULL, 'Khối 4, Thị trấn Diễn Châu, H.Diễn Châu, Nghệ An', 1, 3, 5, 1),
	('5300381795', NULL, '37 Nguyễn Đăng Đạo, P. Suối Hoa, Bắc Ninh', 1, 3, 4, 1),
	('5300381801', NULL, 'Thị trấn Vĩnh Trụ, huyện Lý Nhân, Hà Nam', 1, 3, 4, 1),
	('5300381809', NULL, 'BV Phúc Yên - P.Hùng Vương - Phúc Yên - Vĩnh Phúc', 1, 3, 4, 1),
	('5300381810', NULL, 'Võ Văn Kiệt, Sơn Trà, Đà Nẵng – Gemma Hotel', 1, 1, 1, 1),
	('5300381813', NULL, 'Thị trấn Khoái Châu - H. Khoái Châu - Hưng Yên', 1, 3, 4, 1),
	('5310105311', NULL, 'Thôn Hồng Thượng, xã Nam Hồng, huyện Nam Trực', 3, 3, 4, 1),
	('5310105317', NULL, 'Thôn Du La, xã Cẩm Chế, huyện Thanh Hà, Hải Dương', 3, 3, 4, 1),
	('5310105333', NULL, 'Thôn Thiết Bình, xã Vân Hà, Huyện Đông Anh', 3, 3, 4, 1),
	('5310105339', NULL, 'PGD KCN An Dương, Hải Phòng', 3, 3, 4, 1),
	('5310105348', NULL, 'Số 06 khu Yên Sơn, thị trấn Chúc Sơn, huyện Chương Mỹ', 3, 3, 4, 1),
	('5310105354', NULL, 'Khu 4, thị trấn Yên Định, huyện Hải Hậu, Nam Định', 3, 3, 4, 1),
	('5310105466', NULL, 'Khu Quang Trung, thị trấn Thanh Nê, huyện Kiến Xương, Thái Bình', 3, 3, 4, 1),
	('5310105484', NULL, 'Số 34 Tô Hiệu, phường Nguyễn Trãi, quận Hà Đông', 3, 3, 4, 1),
	('5310105800', NULL, 'Số 79 Lê Thanh Nghị, thị trấn Nông Trường Mộc Châu, huyện Mộc Châu, Sơn La', 3, 3, 4, 1),
	('5310105816', NULL, 'Bản Tân Lập, X. Chiềng Khương, H.Sông Mã, Sơn La', 3, 3, 4, 1),
	('5310105833', NULL, 'Agribank huyện Thanh Miện, số 163 Nguyễn Lương Bằng, thị trấn Thanh Miện, huyện Thanh Miện, Hải Dương', 3, 3, 4, 1),
	('5310105856', NULL, 'Thị trấn Như Quỳnh (tòa nhà 5 tầng), huyện Văn Lâm, Hưng Yên', 3, 3, 4, 1),
	('5310105869', NULL, 'Hội sở chi nhánh, số 86 Duy Tân, phường Dịch Vọng Hậu, quận Cầu Giấy, Hà Nội', 3, 3, 4, 1),
	('5310105901', NULL, 'Số 120 đường Trần Hưng Đạo, TP. Hà Giang', 3, 3, 4, 1),
	('5310105909', NULL, 'Trụ sở Agribank CN huyện Yên Mỹ, thôn Thư Thị, xã Tân Lập, Huyện Yên Mỹ', 3, 3, 4, 1),
	('5310106076', NULL, 'Số 64 đường Chiến Thắng Sông Lô, P. Tân Quang, TP. Tuyên Quang', 3, 3, 4, 1),
	('5310106091', NULL, 'Trụ sở PGD Chợ Thi, thôn Gạo Nam, xã Hồ Tùng Mậu, huyện Ân Thi, Hưng Yên', 3, 3, 4, 1),
	('5310106099', NULL, 'Tổ 2 thị trấn Cẩm Thủy, huyện Cẩm Thủy, Thanh Hóa', 3, 3, 5, 1),
	('5310106103', NULL, 'Số 120 đường Trần Hưng Đạo, TP. Hà Giang', 3, 3, 4, 1),
	('5310106109', NULL, 'Khối 4 thị trấn Phù Yên, huyện Phù Yên, Sơn La', 3, 3, 4, 1),
	('5310106119', NULL, 'Tổ 13 Thị trấn An Bài, huyện Quỳnh Phụ, Thái Bình', 3, 3, 4, 1),
	('5310106126', NULL, 'Trung tâm Kinh doanh VNPT, tổ 32, P. Tân Quang, TP. Tuyên Quang', 3, 3, 4, 1),
	('5310106134', NULL, 'Phố Kiểu, xã Yên Trường, huyện Yên Định, Thanh Hóa', 3, 3, 5, 1),
	('5310106144', NULL, 'Số 287 Đường Trần Hưng Đạo, Phố Kinh Hạ, thị Trấn Kinh Môn, huyện Kinh Môn, Hải Dương', 3, 3, 4, 1),
	('5310106147', NULL, 'Đại học Thương Mại, đường Hồ Tùng Mậu, Mai Dịch, quận Cầu Giấy', 3, 3, 4, 1),
	('5310106163', NULL, 'Số 12, xã Nhật Tân, H. Kim Bảng, Hà Nam', 3, 3, 4, 1),
	('5310106165', NULL, 'K85+500 QL 10, xã Tân Bình, TP. Thái Bình', 3, 3, 4, 1),
	('5310106175', NULL, 'Agribank huyện Lý Nhân', 3, 3, 4, 1),
	('5310106185', NULL, 'Khu 5 thị trấn Kim Tân, Thạch Thành, huyện Thạch Thành, Thanh Hóa', 3, 3, 5, 1),
	('5310106194', NULL, 'Số 195 Đường Văn Cao, Phường Trần Quang Khải, TP. Nam Định', 3, 3, 4, 1),
	('5310106946', NULL, 'Sân bay quốc tế Nội Bài, H. Sóc Sơn', 3, 3, 4, 1),
	('5310106969', NULL, 'Trụ sở UBND xã Hương Sơn (ngã tư Đục Khê, Hương Sơn, Mỹ Đức, Hà Nội)', 3, 3, 4, 1),
	('5310106996', NULL, 'Thôn Thuận Trạch, xã Mỹ Thủy, huyện Lệ Thủy, Quảng Bình', 3, 1, 1, 1),
	('5310107015', NULL, 'NHNN Yên Lạc, TT Yên Lạc, H. Yên Lạc, T. Vĩnh Phúc', 3, 3, 4, 1),
	('5310107028', NULL, 'Số 43 đường Đinh Tiên Hoàng, TP. Yên Bái', 3, 3, 4, 1),
	('5310107036', NULL, 'Thị trấn Đình Cả, Võ Nhai, huyện Võ Nhai, Thái Nguyên', 3, 3, 4, 1),
	('5310107039', NULL, 'Số 96 đường Võ Nguyên Giáp, TT Phố Ràng, H. Bảo Yên, Lào Cai', 3, 3, 4, 1),
	('5310107047', NULL, 'Siêu thị DABACO, đường Lý Thái Tổ, TP. Bắc Ninh', 3, 3, 4, 1),
	('5310107050', NULL, 'Phố Lạc Phong, thị trấn Nho Quan, huyện Nho Quan, Ninh Bình', 3, 3, 4, 1),
	('5310107064', NULL, 'Số 28 đường Minh Khai, phường Đông Ngàn, thị xã Từ Sơn, Bắc Ninh', 3, 3, 4, 1),
	('5310107122', NULL, 'Thôn Hòa Lạc, xã Bình Yên, huyện Thạch Thất', 3, 3, 4, 1),
	('5310107143', NULL, 'Số 199 Tô Hiệu, phường Hồ Nam, Quận Lê Chân', 3, 3, 4, 1),
	('5310107147', NULL, 'Số 7, đường Lý Thái Tổ, phường Đông Kinh, TP. Lạng Sơn', 3, 3, 4, 1),
	('5310107167', NULL, 'Phố 1B thị trấn Yên Ninh, huyện Yên Khánh, Ninh Bình', 3, 3, 4, 1),
	('5310107199', NULL, 'Đường 21, thị trấn Cổ Lễ, huyện Trực Ninh, Nam Định', 3, 3, 4, 1),
	('5310107206', NULL, 'Số 18 đường Nguyễn Văn Linh, Xuân Hòa, TX. Phúc Yên, Vĩnh Phúc', 3, 3, 4, 1),
	('5310107221', NULL, 'Số 279 đường Thống Nhất, TP. Thái Nguyên', 3, 3, 4, 1),
	('5310107225', NULL, 'Số 70 đường 19-5 thị trấn Phố Lu, huyện Bảo Thắng, Lào Cai', 3, 3, 4, 1),
	('5310107227', NULL, 'Đại Từ Hoàng Mai Hà Nội', 3, 3, 4, 1),
	('5310107229', NULL, 'Khu trung tâm điều hành KCN, xã Hoàng Ninh, huyện Việt Yên, Bắc Giang', 3, 3, 4, 1),
	('5310107238', NULL, 'Tổ 4, TT. Trại Cau, H. Đồng Hỷ, Thái Nguyên', 3, 3, 4, 1),
	('5310107258', NULL, 'TT. Hồ, huyện Thuận Thành, Bắc Ninh', 3, 3, 4, 1),
	('5310107291', NULL, 'Số 02 Mẹ Suốt, phường Hải Đình, TP. Đồng Hới', 3, 1, 1, 1),
	('5310107302', NULL, 'PGD Hương Xạ, xã hương Xạ, huyện Hạ Hoà, tỉnh Phú Thọ', 3, 3, 4, 1),
	('5310107313', NULL, 'Số 288 đường Giải Phóng, thị trấn Mường Khương, huyện Mường Khương, Lào Cai', 3, 3, 4, 1),
	('5310107327', NULL, 'Phố Trung Yên, thị trấn Yên Thịnh, huyện Yên Mô, Ninh Bình', 3, 3, 4, 1),
	('5310107343', NULL, 'Đường Trung Tâm, TT. Gia Bình, huyện Gia Bình, Bắc Ninh', 3, 3, 4, 1),
	('5310107346', NULL, 'Thôn Dinh Mười, xã Gia Ninh, huyện Quảng Ninh, Quảng Bình', 3, 1, 1, 1),
	('5310107350', NULL, 'PGD Vân Hội, xã Vân Hội, huyện Tam Dương, Vĩnh Phúc', 3, 3, 4, 1),
	('5310107361', NULL, 'Số 751 đường Cù Chính Lan, phường Phương Lâm, TP. Hòa Bình', 3, 3, 4, 1),
	('5310180553', NULL, 'Thôn Nậm Sắt 2, TT Bắc Hà,huyện Bắc Hà, Lào Cai', 4, 3, NULL, 1),
	('5310180574', NULL, 'Ki ốt số 4-6, 6B CT12 Kim Văn, Kim Lũ, Đại Kim, Hoàng Mai HN', 4, 3, NULL, 1),
	('5310180577', NULL, 'Số 297 Trần Hưng Đạo, TP Thái Bình - Thái Bình', 4, 3, 4, 2),
	('5310180591', NULL, '97 đường Nguyễn Văn Trỗi, P.Lương Khánh Thiện, TP.Phủ Lý, tỉnh Hà Nam', 4, 3, NULL, 1),
	('5310180595', NULL, 'Khu Minh Tân 1, TT Vũ Thư, H Vũ Thư, Thái Bình', 4, 3, 4, 2),
	('5310180603', NULL, 'Khu 2, TT Lam Sơn, H Thọ Xuân, tỉnh Thanh Hóa', 4, 3, 5, 1),
	('5310180613', NULL, 'Số 155 Trần Hưng Đạo, TT Quỳnh Côi, Quỳnh Phụ, Thái Bình', 4, 3, NULL, 1),
	('5310180619', NULL, 'PGD Phúc Trạch, xã Hương Trà, huyện Hương Khê, tỉnh Hà Tĩnh', 4, 3, 5, 1),
	('5310180626', NULL, 'Quốc lộ 38B, xã Minh Tân, H.Vụ Bản, Nam Định', 4, 3, NULL, 1),
	('5310180639', NULL, 'phường Đình Bảng, thị xã Từ Sơn, tỉnh Bắc Ninh', 4, 3, NULL, 1),
	('5310180645', NULL, 'Xã Lam Sơn, Huyện Ngọc Lặc, Tỉnh Thanh Hóa', 4, 3, 5, 1),
	('5310180661', NULL, 'Tiểu khu 8 TT Thuận Châu, huyện Thuận Châu, Tỉnh Sơn La', 4, 3, NULL, 1),
	('5310180670', NULL, 'Khối Nam Sơn, TT Kim Sơn, Huyện Quế Phong, Tỉnh Nghệ An', 4, 3, 5, 2),
	('5310180677', NULL, 'Số 192 Nguyễn Lương Bằng, TT Lương Bằng, huyện Kim Động, Tỉnh Hưng Yên ', 4, 3, NULL, 1),
	('5310180683', NULL, 'Số 09 đường Đà Nẵng, TT Núi Đèo, H.Thủy Nguyên, TP.Hải Phòng', 4, 3, 8, 1),
	('5310180692', NULL, 'Thôn 5, xã Vinh Mỹ, huyện Phú Lộc, Tỉnh Thừa Thiên Huế', 4, 1, 1, 1),
	('5310180698', NULL, 'Thị trấn Phú Minh, huyện Phú Xuyên, TP Hà Nội', 4, 3, NULL, 1),
	('5310180706', NULL, 'Tổ 6 TT Đông Hưng, huyện Đông Hưng, Thái Bình', 4, 3, NULL, 1),
	('5310180711', NULL, 'Xã Thái Hòa, huyện Hàm Yên, Tuyên Quang', 4, 3, 7, 1),
	('5310180718', NULL, 'Số 20C, đường Bà Triệu, phường Cẩm Đông, TP Cẩm Phả, Tỉnh Quảng Ninh', 4, 3, NULL, 1),
	('5310180720', NULL, 'Số 388A, Đường Nguyễn Trãi, tổ 9, P.Nguyễn Trãi, TP Hà Giang, Tỉnh Hà Giang', 4, 3, NULL, 1),
	('5310180737', NULL, 'Hoàng Hoa Thám, TT Cầu Gồ, Yên Thế, Bắc Giang', 4, 3, NULL, 1),
	('5310180750', NULL, 'Khối 2, TT Yên Thành, huyện Yên Thành, tỉnh Nghệ An', 4, 3, 5, 2),
	('5310180755', NULL, 'Số 42, đường Trần Phú, TX Hồng Lĩnh, Hà Tĩnh', 4, 3, 5, 1),
	('5310180766', NULL, 'Thôn Thống Nhất - xã Luận Thành, Thường Xuân, Thanh Hóa', 4, 3, 5, 2),
	('5310180779', NULL, 'Tổ Đăng Châu, TT Sơn Dương, Tuyên Quang', 4, 3, 4, 2),
	('5310180785', NULL, 'Tổ dân phố 6, TT Yên Thế, huyện Lục Yên, tỉnh Yên Bái', 4, 3, 4, 2),
	('5310180790', NULL, 'PGD Cầu Xe, thôn Hàm Hy, xã Cộng Lạc, huyện Tứ Kỳ, Tỉnh Hải Dương', 4, 3, NULL, 1),
	('5310180800', NULL, 'Khu 4B, TT Cồn, huyện Hải Hậu, Nam Định', 4, 3, 4, 2),
	('5310180806', NULL, 'Phố Gia Phù, xã Gia Phù, Huyện Phù Yên, tỉnh Sơn La', 4, 3, 4, 2),
	('5310180832', NULL, 'Tổ 8, Thị trấn Sông Mã, Huyện Sông Mã, Tỉnh Sơn La', 4, 3, 4, 2),
	('5310180842', NULL, 'Khu 2 phường Thạch Khôi, TP Hải Dương, Tỉnh Hải Dương', 4, 3, NULL, 1),
	('5310180860', NULL, 'Phố Phúc Hòa 2, TT Hòa Thuận, huyện Phục Hòa, Tỉnh Cao Bằng', 4, 3, NULL, 1),
	('5310180878', NULL, 'Khu 8, thị trấn Hàng Trạm, huyện Yên Thủy, tỉnh Hòa Bình.', 4, 3, 4, 2),
	('5310180883', NULL, 'Agribank Huyện Tam Dương, Phố Me, TT Hợp Hòa,huyện Tam Dương, Tỉnh Vĩnh Phúc', 4, 3, 7, 1),
	('5310180894', NULL, '297 Trần Hưng Đạo, TX Quảng Trị, Tỉnh Quảng Trị', 4, 1, 1, 1),
	('5310180904', NULL, 'Thôn 1, Xã Thọ Thế, Huyện Triệu Sơn, Tỉnh Thanh Hóa', 4, 3, 5, 1),
	('5310180916', NULL, 'xã Tràng Sơn, huyện Đô Lương, Tỉnh Nghệ An', 4, 3, 5, 1),
	('5310180920', NULL, 'Số 37 đường Hồ Xuân Hương, P.Trường Sơn, TT Sầm Sơn, TP Sầm Sơn, tỉnh Thanh Hóa', 4, 3, 5, 1),
	('5310180929', NULL, '27 Nguyễn Thái Học, TT Phùng, huyện Đan Phượng, TP Hà Nội', 4, 3, NULL, 1),
	('5310180949', NULL, 'Khu Thống Nhất, TT Lai Cách, huyện Cầm Giàng, Tỉnh Hải Dương', 4, 3, NULL, 1),
	('5310180972', NULL, 'Số 04 đường Hà Nội, phường Thượng Lý, Q. Hồng Bàng, TP.Hải Phòng', 4, 3, NULL, 1),
	('5310180980', NULL, '109-111 Đường Thanh Niên, Phường Hải Tân, TP Hải Dương, Tỉnh Hải Dương', 4, 3, NULL, 1),
	('5310180987', NULL, 'Xã Phú Lộc, Huyện Nho Quan, Tỉnh Ninh Bình', 4, 3, NULL, 1),
	('5310180996', NULL, '5 Nguyễn Huệ, P. Lào Cai, Tp Lào Cai', 4, 3, NULL, 1),
	('5310181004', NULL, 'Km2, đường 315, phường Trường Thịnh, TX Phú Thọ, tỉnh Phú Thọ', 4, 3, 7, 1),
	('5310181014', NULL, 'Khu trung tâm trại giam Tân Lập, Khu 9, xã vô Trang, huyện Hạ Hòa, tỉnh Phú Thọ', 4, 3, 4, 2),
	('5310181029', NULL, 'số 133, đường Nguyễn Thái Học, TP Yên Bái, tỉnh Yên Bái', 4, 3, 4, 2),
	('5310181033', NULL, 'Số 135, tổ 7, khu 6, p Quanh Hanh, TP Cẩm Phả, Tỉnh Quảng Ninh', 4, 3, NULL, 1),
	('5310181044', NULL, 'Thôn Bình Ri, Xã Hợp Lý, huyện Lập Thạch, Tỉnh Vĩnh Phúc', 4, 3, 7, 1),
	('5310181046', NULL, 'Phố Sim, xã Hợp Thành, huyện Triệu Sơn, tỉnh Thanh Hóa', 4, 3, 5, 2),
	('5310181058', NULL, 'PGD Vạn Thắng, Thôn Chợ Mơ, xã Vạn Thắng, Huyện Ba Vì, TP Hà Nội', 4, 3, NULL, 1),
	('5310181067', NULL, 'Số 289, đường Trường Chính, phường Ba Hàng, thị xã Phổ Yên, tỉnh Thái Nguyên', 4, 3, NULL, 1),
	('5310181077', NULL, 'Tổ 5, TT Điện Biên Đông, huyện Điện Biên Đông, tỉnh Điện Biên', 4, 3, NULL, 1),
	('5310181086', NULL, '97 Tân Dân, TT Thừa, Huyện Lương Tài, Tỉnh Bắc Ninh', 4, 3, NULL, 1),
	('5310181092', NULL, 'Tổ 6, phường Na Lay, TX Mường Lay, tỉnh Điện Biên', 4, 3, 4, 2),
	('5310181101', NULL, 'Xã Trung Hội, huyện Định Hóa, tỉnh Thái Nguyên', 4, 3, NULL, 1),
	('5310181109', NULL, 'Đường Ngô Xuân Quảng, TT Trâu Quỳ, Gia Lâm, Hà Nội', 4, 3, 4, 2),
	('5310181123', NULL, 'TT Thanh Sơn, Sơn Động, Bắc Giang', 4, 3, 4, 2),
	('5310181146', NULL, 'Quỹ TDND xã Bắc Sơn, Huyện Sóc Sơn, TP Hà Nội', 4, 3, NULL, 1),
	('5310181153', NULL, 'Đỗ Trung, Cẩm Tân, H Cẩm Thủy, Tỉnh Thanh Hóa', 4, 3, 5, 1),
	('5310181173', NULL, 'PGD Chợ Lơi, Vụ Bản, Nam Định', 4, 3, NULL, 1),
	('5310181181', NULL, 'Thôn 1, Thạch Đà, Mê Linh, Hà Nội', 4, 3, 4, 2),
	('5310181189', NULL, 'Thôn An Nông, xã Nam Tiến, huyện Nam Trực, Nam Định', 4, 3, NULL, 1),
	('5310181193', NULL, 'Số 364 đường Nguyễn Văn Cừ, phường Hưng Phúc, TP.Vinh, tỉnh Nghệ An', 4, 3, 5, 2),
	('5310181204', NULL, 'Đường Tuệ Tĩnh, Phường Ka Long, Móng Cái, Quảng Ninh', 4, 3, NULL, 1),
	('5310181223', NULL, 'Bệnh viện nhi Tỉnh Nam Định, số 16 Hà Huy Tập, TP Nam Định.', 4, 3, NULL, 1),
	('5310181226', NULL, 'PGD Song Khê, xã Song Khê, TP Bắc Giang, Tỉnh Bắc Giang', 4, 3, NULL, 1),
	('5310181235', NULL, 'Thị trấn Lộc Hà, H.Lộc Hà, Hà Tĩnh', 4, 3, 5, 1),
	('5310181241', NULL, 'Đường Kim Ngọc, Phường Liên Bảo, TP Vĩnh Yên, Tỉnh Vĩnh Phúc', 4, 3, 7, 1),
	('5310181256', NULL, 'PGD  Thủy An, TX Đông Triều, Tỉnh Quảng Ninh', 4, 3, NULL, 1),
	('5310181265', NULL, 'Thôn Bắc Ngầm, xã Xuân Quang, huyện Bảo Thắng, Lào Cai', 4, 3, 4, 2),
	('5310181268', NULL, 'Số 212 Định Công Thượng, quận Hoàng Mai, TP Hà Nội', 4, 3, NULL, 1),
	('5310181281', NULL, 'Chợ Do, thôn Vĩnh Tân, huyện Vĩnh Linh, tỉnh Quảng Trị', 4, 1, 1, 2),
	('5310181300', NULL, 'Đường Trần Hưng Đạo, P.Tân Thành, TP Ninh Bình, Tỉnh Ninh Bình', 4, 3, NULL, 1),
	('5310181317', NULL, 'Agribank TP Cao Bằng, km5 Đề Thám, TP Cao Bằng, Tỉnh Cao Bằng', 4, 3, NULL, 1),
	('5310181322', NULL, 'Đường QLO1A, thôn Sơn Thịnh, xã Kỳ Tiến, huyện Kỳ, Tỉnh Hà Tĩnh', 4, 3, 5, 1),
	('5310181332', NULL, 'Phố Lê Lương - TT Đầm Hà Quảng Ninh, Tỉnh Quảng Ninh', 4, 3, NULL, 1),
	('5310181342', NULL, 'Đường Tuệ Tĩnh, P.Nam Thành, TP Ninh Bình, Tỉnh Ninh Bình', 4, 3, NULL, 1),
	('5310181350', NULL, 'Số 11 đường 351, TT An Dương, H.An Dương, TP.Hải Phòng', 4, 3, 8, 1),
	('5310181356', NULL, 'Thôn Đại Lộc, xã Đại Hợp, huyện Kiến Thụy, Hải Phòng', 4, 3, 8, 1),
	('5310181366', NULL, 'Số 138, Hoàng Văn Thụ, TPTN', 4, 3, NULL, 1),
	('5310181373', NULL, 'Khu phố 1, TT Hương Canh, Bình Xuyên, Vĩnh Phúc', 4, 3, NULL, 1),
	('5310181379', NULL, 'Xã Chấn Hưng, Huyện Vĩnh Tường, Tỉnh Vĩnh Phúc', 4, 3, NULL, 1),
	('5310181383', NULL, 'Phố Bỉ, Ngọc Thiện, huyện Tân Yên, Tỉnh Bắc Giang', 4, 3, NULL, 1),
	('5310181401', NULL, '307 Bà Triệu, Thị trấn Nông Cống, Nông Cống, Thanh Hóa', 4, 3, 5, 1),
	('5310181409', NULL, 'Số 95 Trần Thành Ngọ, quận Kiến An, TP Hải Phòng', 4, 3, 8, 1),
	('5310181415', NULL, 'Trụ sở Agribank TT Cao Thượng, huyện Tân Yên, Tỉnh Bắc Giang', 4, 3, NULL, 1),
	('5310181429', NULL, 'Số 163 đường Trần Đăng Ninh, TP Lạng Sơn, Tỉnh Lạng Sơn', 4, 3, NULL, 1),
	('5310181446', NULL, 'TT Bình Mỹ, Huyện Bình Lục, Tỉnh Hà Nam', 4, 3, NULL, 1),
	('5310181451', NULL, 'TT Đồng Tâm, huyện Chợ Mới, Tỉnh Bắc Kạn', 4, 3, NULL, 1),
	('5310181464', NULL, 'Số 10, đường CMT8, phường Phan Đình Phùng, TP Sông Công', 4, 3, NULL, 1),
	('5310181481', NULL, 'Khối 3, TT Mường Chà, huyện Mường Chà, tỉnh Điện Biên', 4, 3, NULL, 1),
	('5310181485', NULL, 'A2 Chung cư La Khê, Q. Hà Đông, TP. Hà Nội', 4, 3, NULL, 1),
	('5310181493', NULL, 'Trung tâm TM (siêu thị Big C) xã Tân Tiến, TP Bắc Giang, Tỉnh Bắc Giang', 4, 3, NULL, 1),
	('5310181516', NULL, 'Khu 1, thị trấn Kỳ Sơn, huyện Kỳ Sơn, tỉnh Hòa Bình.', 4, 3, NULL, 1),
	('5310181524', NULL, 'Số 003A đường Hoàng Liên, P.Cốc Lếu, TP Lào Cai, Tỉnh Lào Cai', 4, 3, NULL, 1),
	('5310181532', NULL, 'UBND xã Dũng Phong, xã Dũng Phong, huyện Cao Phong, tỉnh Hòa Bình.', 4, 3, 4, 2),
	('5310181535', NULL, 'Số 301 Phố Nam Dư, phường Lĩnh Nam, Hoàng Mai, Hà Nội', 4, 3, NULL, 1),
	('5310181552', NULL, 'Số 351 Đường Lê Duẩn, Phường Chiềng Sinh, TP Sơn La, Tỉnh Sơn La', 4, 3, NULL, 1),
	('5310181560', NULL, 'Phố Hồng Thái mới, TT Quảng Uyên, huyện Quảng Uyên, Tỉnh Cao Bằng', 4, 3, NULL, 1),
	('5310181566', NULL, '57 Trần Hưng Đạo, tt Phú Thái, huyện Kim Thành, tỉnh Hải Dương', 4, 3, 4, 2),
	('5310181577', NULL, 'Xóm Thuần Pháp, xã Điềm Thụy, huyện Phú Bình, tỉnh Thái Nguyên', 4, 3, 4, 2),
	('5310181590', NULL, 'TT Me, huyện Gia Viễn, tỉnh Ninh Bình', 4, 3, NULL, 1),
	('5310181592', NULL, 'Phố Độc Lập, thị trấn Vụ Bản, huyện Lạc Sơn, tỉnh Hòa Bình.', 4, 3, NULL, 1),
	('5310181595', NULL, 'TT Chờ, Yên Phong, Bắc Ninh', 4, 3, NULL, 1),
	('5310181601', NULL, 'Cổng B KCN Thăng Long, Quận Bắc Từ Liêm, TP Hà Nội', 4, 3, NULL, 1),
	('5310181613', NULL, 'phường Đình Bảng, thị xã Từ Sơn, tỉnh Bắc Ninh', 4, 3, 4, 2),
	('5310181617', NULL, 'Tổ dân phố 4, Thị trấn Vũ Quang, Hà Tĩnh', 4, 3, 5, 1),
	('5310181629', NULL, 'Số 4 khu Cẩm Xuân, TT Núi Đối, huyện Kiến Thụy - Hải Phòng', 4, 3, 8, 1),
	('5310181637', NULL, '21 Nguyễn Tất Thành, TT Kiến Giang, Lệ Thủy, Quảng Bình', 4, 1, 1, 1),
	('5310181643', NULL, '61 Hàng Ngang, Quận Hoàn Kiếm, TP Hà Nội', 4, 3, NULL, 1),
	('5310181647', NULL, 'Tổ 6 phường Phùng Chí Kiên, TP Bắc Kạn, Tỉnh Bắc Kạn', 4, 3, NULL, 1),
	('5310181652', NULL, 'Khu 6, TT Diêm Điền, H Thái Thụy, T Thái Bình', 4, 3, NULL, 1),
	('5310181655', NULL, 'Khu Tràng Lộ, P Trà Cổ, TP Móng Cái, Tỉnh Quảng Ninh', 4, 3, NULL, 1),
	('5310181660', NULL, 'Đường Lê Chân, Phường Lê Hồng Phong, TP Phủ Lý, Tỉnh hà Nam', 4, 3, NULL, 1),
	('5310181673', NULL, 'PGD Tự Lạn, xã Tự Lạn, huyện Việt Yên, Tỉnh Bắc Giang', 4, 3, NULL, 1),
	('5310181675', NULL, '17 Lý Thường Kiệt, TT Lim, huyện Tiên Du, tỉnh Bắc Ninh', 4, 3, 4, 2),
	('5310181747', NULL, 'Số 279 đường Thống Nhất, phường Gia Sàng, TP.Thái Nguyên, Tỉnh Thái Nguyên', 4, 3, NULL, 1),
	('5310181805', NULL, 'Tổ dân Phố Nhân Hòa, TT Thiên Cẩm, huyện Cẩm Xuyên, Tỉnh Hà Tĩnh', 4, 3, 5, 1),
	('5310181876', NULL, 'Quốc lộ 38B, xã Yên Bình, huyện Ý Yên, Nam Định', 4, 3, 4, 1),
	('5310181936', NULL, 'SN 37, phố Lê Lợi, phường Quảng Yên, TX Quảng Yên, tỉnh Quảng Ninh', 4, 3, 8, 1),
	('5310182150', NULL, 'Số 347B, đường Trần Phú, phường Cẩm Thành, TP Cẩm Phả, tỉnh Quảng Ninh', 4, 3, NULL, 1),
	('5310182322', NULL, 'Số 112 Nguyễn Văn Cừ, Minh Xuân, Tuyên Quang', 4, 3, NULL, 1),
	('5310182349', NULL, 'Số 76 Trần Phú, phường Lương Khánh Thiện, quận Ngô Quyền, Hải Phòng', 4, 3, 4, 2),
	('5310182357', NULL, 'Tổ 2, Đường Lương Ngọc Quyến, Phường Hoàng Văn Thụ, TP Thái Nguyên, , Tỉnh Thái Nguyên', 4, 3, NULL, 1),
	('5310182365', NULL, 'TT Y tế TX Đông Triều, Phường Hưng Đạo, TX Đông Triều, tỉnh Quảng Ninh', 4, 3, 4, 2),
	('5310182376', NULL, 'Xóm Mậu 2, xã Kim Liên, huyện Nam Đàn, Tỉnh Nghệ An', 4, 3, 5, 1),
	('5310182385', NULL, 'Khu Nhân Cầu 2, TT Hưng Hà, huyện Hưng Hà, Thái Bình', 4, 3, NULL, 1),
	('5310182393', NULL, 'Thị tứ Thanh Quang, xã Thanh Quang, huyện Nam Sách, tỉnh Hải Dương', 4, 3, NULL, 1),
	('5310182407', NULL, 'Thôn Trung tâm, xã Bản Lầu, H Mường Khương, Lào Cai', 4, 3, NULL, 1),
	('5310182416', NULL, 'Đường Lê Chân, Phường Lê Hồng Phong, TP Phủ Lý, Tỉnh hà Nam', 4, 3, NULL, 1),
	('5310182424', NULL, 'A9 The Manor, Phường Mỹ Đình I, Quận Nam Từ Liêm, TP Hà Nội', 4, 3, NULL, 1),
	('5310182429', NULL, 'Đường Kim Ngọc, Phường Liên Bảo, TP Vĩnh Yên, Tỉnh Vĩnh Phúc', 4, 3, 7, 1),
	('5310182442', NULL, 'Trụ sở Agribank Ba Bể, TT Chợ Rã, huyện Ba Bể, Tỉnh Bắc Kạn', 4, 3, NULL, 1),
	('5310182448', NULL, 'Đường Khúc Thừa Dụ, TT Ninh Giang, huyện Ninh Giang, Tỉnh Hải Dương', 4, 3, NULL, 1),
	('5310182457', NULL, 'Cổng B KCN Thăng Long, Quận Bắc Từ Liêm, TP Hà Nội', 4, 3, NULL, 1),
	('5310182468', NULL, 'Khu 1 TT Thanh Hà, huyện Thanh Hà, Tỉnh Hải Dương', 4, 3, NULL, 1),
	('5310182480', NULL, 'Phố An Hòa, P.Ninh Phong, TP.Ninh Bình, Tỉnh Ninh Bình, Tỉnh Ninh Bình', 4, 3, NULL, 1),
	('5310182486', NULL, 'UBND xã Bắc Sơn, Huyện Sóc Sơn, TP Hà Nội', 4, 3, NULL, 1),
	('5310182491', NULL, 'Số 148 phố Lê Hoàn, TT Ngọc Lặc, huyện Ngọc Lặc, tỉnh Thanh Hóa', 4, 3, 5, 1),
	('5310182501', NULL, 'Tổ dân phố 8, TT Mậu A, huyện Văn Yên, tỉnh Yên Bái', 4, 3, NULL, 1),
	('5310182509', NULL, 'số 133, đường Nguyễn Thái Học, TP Yên Bái, tỉnh Yên Bái', 4, 3, 4, 2),
	('5310182525', NULL, 'Tiểu khu 6, TT Hát Lót, huyện Mai Sơn, tỉnh Sơn La', 4, 3, 4, 2),
	('5310182530', NULL, '186 Khâm Thiên, Quận Đống Đa, TP Hà Nội', 4, 3, NULL, 1),
	('5310182550', NULL, 'Khu 5B, Tân Phú, Tân Sơn, Phú Thọ', 4, 3, 4, 2),
	('5310182560', NULL, 'Khu 3, TT Vĩnh Lộc, huyện Vĩnh Lộc, tỉnh Thanh Hóa', 4, 3, 5, 2),
	('5310182568', NULL, 'Xóm 23 xã Đông Kết, huyện Khoái Châu, tỉnh Hưng Yên', 4, 3, 4, 2),
	('5310182590', NULL, 'Số 03, Phố Tiểu Hoàng, TT Tiền Hải, Tỉnh Thái Bình', 4, 3, NULL, 1),
	('5310182599', NULL, 'Thị tứ Chợ Chanh, Xã Nhân Mỹ, Huyện Lý Nhân, Tỉnh Hà Nam', 4, 3, NULL, 1),
	('5310182609', NULL, '24 Láng Hạ, Quận Đống Đa, TP Hà Nội', 4, 3, NULL, 1),
	('5310182628', NULL, 'PGD Bách Nhẫn, xã Hùng Sơn, huyện Hiệp Hòa, Tỉnh Bắc Giang', 4, 3, NULL, 1),
	('5310182640', NULL, 'Đại học Y Thái Bình, Số 373 đường Lý Bôn, TP Thái Bình, Tỉnh Thái Bình', 4, 3, NULL, 1),
	('5310182646', NULL, 'Phố Cà, xã Thanh Nguyên, huyện Thanh Liêm, tỉnh hà Nam', 4, 3, NULL, 1),
	('5310182648', NULL, 'Thôn Quán Trắng, xã Liên Sơn, Huyện Lạc Thủy, T.Hòa Bình.', 4, 3, NULL, 1),
	('5310182666', NULL, 'Bệnh viện Đa khoa Tp Đồng Hới (178 Lê Lợi, Đức Ninh, Đồng Hới)', 4, 1, 1, 2),
	('5310182676', NULL, 'Thôn Giếng, Xã Tiên Lục, Huyện Lạng Giang, Tỉnh Bắc Giang', 4, 3, NULL, 1),
	('5310182682', NULL, 'Tổ 9, TT Nông Trường Trần Phú, huyện Văn Chấn, Yên Bái', 4, 3, NULL, 1),
	('5310182690', NULL, 'Xã Tân Sơn, huyện Kim Bảng,Tỉnh Hà Nam', 4, 3, NULL, 1),
	('5310182702', NULL, 'Số 304 Nguyễn Văn Linh, P.Hiến Nam, TP Hưng Yên, tỉnh Hưng Yên', 4, 3, 4, 2),
	('5310182720', NULL, 'Lê Hồng Phong, phường Văn Giang, TP.Ninh Bình, Tỉnh Ninh Bình', 4, 3, NULL, 1),
	('5310182728', NULL, '30 Lê Đại Hành, Quận Hai Bà Trưng, TP Hà Nội', 4, 3, NULL, 1),
	('5310182742', NULL, 'xã Quang Sơn, huyện Đô Lương, Tỉnh Nghệ An', 4, 3, 5, 1),
	('5310182754', NULL, 'Thôn Văn Hà Tây, xã Thái Hưng, H Thái Thụy, Tỉnh Thái Bình', 4, 3, NULL, 1),
	('5310182771', NULL, 'Khối 2A - TT Thanh Chương, Huyện Thanh Chương, Tỉnh Nghệ An', 4, 3, NULL, 1),
	('5310182781', NULL, 'Số 01, đường Phan Đình Phùng, TP Hà Tĩnh, Tỉnh Hà Tĩnh', 4, 3, 5, 1),
	('5310182799', NULL, 'Số 619, đường Nguyễn Văn Linh, phường Bần Yên Nhân, thị xã Mỹ Hào, tỉnh Hưng Yên', 4, 3, NULL, 1),
	('5310182817', NULL, 'Số 01, đường Phan Đình Phùng, TP Hà Tĩnh', 4, 3, 5, 2),
	('5310182864', NULL, 'Số 619, đường Nguyễn Văn Linh, phường Bần Yên Nhân, thị xã Mỹ Hào, tỉnh Hưng Yên', 4, 3, 4, 2),
	('5310182867', NULL, 'Số 43A, Đường Nguyễn Trãi, Tổ 9, P.Nguyễn Trãi, TP Hà Giang, Tỉnh Hà Giang', 4, 3, NULL, 1),
	('5310182871', NULL, 'Số 821, đường Điện Biên, Khu 2 TT Than Uyên, tỉnh Lai Châu', 4, 3, 4, 2),
	('5310182874', NULL, '377 Quang Trung, TX Ba Đồn, Quảng Trạch, Quảng Bình', 4, 1, 1, 1),
	('5310182886', NULL, 'Quỹ tín dụng Nhân dân xã Trưng Trắc, xã Trưng Trắc, huyện Văn Lâm, tỉnh Hưng Yên', 4, 3, 4, 2),
	('5310182902', NULL, 'Số 43 đường Đinh Tiên Hoàng, TP Yên Bái, Tỉnh Yên Bái', 4, 3, NULL, 1),
	('5310182921', NULL, 'Khối 7 - TT Hưng Nguyên, huyện Hưng Nguyên, tỉnh Nghệ An', 4, 3, 5, 1),
	('5310182944', NULL, 'Khu 2 TT Mường Tè, huyện Mường Tè, tỉnh Lai Châu', 4, 3, NULL, 1),
	('5310182954', NULL, '100 Phạm Ngũ Lão, TT Kẻ Sặt, huyện Bình Giang, Tỉnh Hải Dương', 4, 3, NULL, 1),
	('5310182970', NULL, 'Agribank TP Cao Bằng, km5 Đề Thám, TP Cao Bằng, Tỉnh Cao Bằng', 4, 3, NULL, 1),
	('5310182988', NULL, 'Khối Thịnh Mỹ, Phường Quỳnh Thiện, TX Hoàng Mai, Nghệ An', 4, 3, 5, 2),
	('5310182998', NULL, 'Bản Mỏ Trạng, xã Tam Tiến, huyện Yên Thế, tỉnh Bắc Giang', 4, 3, 4, 2),
	('5310183008', NULL, 'KS Điện Biên II, 164 Mai Thúc Loan , TP Huế, Tỉnh Thừa Thiên Huế', 4, 1, 1, 1),
	('5310183028', NULL, 'Số 43 đường Đinh Tiên Hoàng, phường Đồng Tâm, TP Yên Bái, Tỉnh Yên Bái', 4, 3, NULL, 1),
	('5310183047', NULL, 'Số 09 Đường Nguyễn Trung Thiên, TT Hương Khê, tỉnh Hà Tĩnh', 4, 3, 5, 1),
	('5310183139', NULL, 'Km 0, xã Bản Vược, H Bát Xát, Lào Cai', 4, 3, 4, 2),
	('5310183225', NULL, 'Số 270 đường Hoàng Liên, P.Kim Tân, TP.Lào Cai, Tỉnh Lào Cai', 4, 3, NULL, 1),
	('5310183227', NULL, 'PGD Nầm, thôn Bãi Trạm, xã Sơ Châu, huyện Hương Sơn, Hà Tĩnh', 4, 3, 5, 1),
	('5310183229', NULL, 'Đường Nguyễn Lương Bằng, Tiểu khu 14 Thị trấn Mộc Châu, huyện Mộc Châu, tỉnh Sơn La', 4, 3, 4, 2),
	('5310183231', NULL, 'Thị trấn Yên Lạc, Huyện Yên Lạc, Tỉnh Vĩnh Phúc', 4, 3, 4, 2),
	('5310183233', NULL, 'Tế Tiêu, TT Đại Nghĩa, H.Mỹ Đức, TP Hà Nội', 4, 3, NULL, 1),
	('5310183234', NULL, 'Số 04, đường Tả Ao, Thị trấn Nghi Xuân, Hà Tĩnh', 4, 3, 5, 1),
	('5310183235', NULL, 'Xã Thượng Lâm, huyện Lâm Bình, Tỉnh Tuyên Quang', 4, 3, NULL, 1),
	('5310183238', NULL, 'Thôn 3, Tiên Yên, xã Tân Thành, huyện Hàm Yên', 4, 3, NULL, 1),
	('5310183239', NULL, 'KCN Yên Dương, xã Yên Trị, huyện Ý Yên, Tỉnh Nam Định', 4, 3, 4, 1),
	('5310183240', NULL, 'Xóm Gió, xã Ký Phú, huyện Đại Từ, tỉnh Thái Nguyên', 4, 3, NULL, 1),
	('5310183241', NULL, 'Tổ 3, Thị trấn Yên Minh, Huyện Yên Minh, Tỉnh Hà Giang', 4, 3, NULL, 1),
	('5310183243', NULL, 'Tổ 19, đường Quang Trung, phường Thịnh Đán, TP Thái Nguyên, Tỉnh Thái Nguyên', 4, 3, NULL, 1),
	('5310183244', NULL, 'Xóm Phố, xã La Hiên, huyện Võ Nhai, tỉnh Thái Nguyên', 4, 3, NULL, 1),
	('5310183245', NULL, '73 Đặng Dung, phường Tân Giang, Tp Hà Tĩnh, Tỉnh Hà Tĩnh', 4, 3, 5, 1),
	('5310183246', NULL, 'Số 01 Ngô Quyền, phường Quảng Yên, TX Quảng Yên, Tỉnh Quảng Ninh', 4, 3, 8, 1),
	('5310183305', NULL, 'TT Chờ, Yên Phong, Bắc Ninh', 4, 3, NULL, 1),
	('56HG707930', NULL, 'CN Việt Trì, 1596 Đại lộ Hùng Vương, TP Việt Trì', 2, 3, 4, 1),
	('56HG707931', NULL, 'Số 868 Hùng Vương, Huyện Chư Sê, Gia Lai', 2, 1, 1, 1),
	('56HG707932', NULL, 'Thửa số 58 Cụm CN làng nghề phía Nam TT Lâm, huyện Ý Yên, tỉnh Nam Định', 2, 3, 4, 1),
	('56HG707933', NULL, 'Số 148 Nguyễn Tất Thành, Tổ dân phố 3B, Thị Trấn EAKAR, Tỉnh ĐăkLăk', 2, 2, 2, 1),
	('56HG707934', NULL, 'Thửa đất số 204, tờ bản đồ 35, phố Phú Trung, phường An Lộc, tx Bình Long, tỉnh Bình Phước', 2, 2, 6, 1),
	('56HG707935', NULL, 'Khối An Tân, Phường Cẩm An, TP Hội An, Tỉnh Quảng Nam', 2, 1, 1, 1),
	('56HG707936', NULL, 'Xã Hương Sơn, Huyện Bình Xuyên, Tỉnh Vĩnh Phúc', 2, 3, 4, 1),
	('56HG707937', NULL, 'Trường Sỹ Quan Lục Quân, Xã Cổ Đông, TX Sơn Tây, TP Hà Nội', 2, 3, 4, 1),
	('56HG707938', NULL, 'Thửa đất số 53, tờ bản đồ số 10, đường ĐT 747, phường Uyên Hưng, TX.Tân Uyên,  ', 2, 2, 6, 1),
	('56HG707939', NULL, 'Xã Hoàng Khai, huyện Yên Sơn, tỉnh Tuyên Quang  ', 2, 3, 4, 1),
	('56HG707940', NULL, 'Khu 3, TT Ning Giang, Huyện Ninh Giang, Tỉnh Hải Dương', 2, 3, 4, 1),
	('56HG707941', NULL, 'Đường Quang Trung, P Chi Lăng, TP Lạng Sơn', 2, 3, 4, 1),
	('56HG707942', NULL, '90A3 ĐL Đồng Khởi, Phường Phú Tân, TP. Bến Tre', 2, 2, 6, 1),
	('56HG707943', NULL, 'Thôn Liên Minh, Xã Thụy An, Huyện Ba Vì, TP Hà Nội', 2, 3, 4, 1),
	('56HG707944', NULL, 'Xã Tích Lương - Tp Thái Nguyên, Tỉnh Thái Nguyên', 2, 3, 4, 1),
	('56HG707945', NULL, 'Phường Xuân Hòa, TX Phúc Yên, Vĩnh Phúc', 2, 3, 4, 1),
	('56HG707946', NULL, 'Số 24 - Lý Thái Tổ - Đại Phúc - TP. Bắc Ninh. ', 2, 3, 4, 1),
	('56HG707947', NULL, '98A - Ngụy Như Kon Tum - Nhân Chính – Thanh Xuân – Hà Nội', 2, 3, 4, 1),
	('56HG707948', NULL, 'Lữ đoàn 215 - Binh chủng Tăng Thiết Giáp, Quỳnh Châu, Quỳnh Lưu, Nghệ An', 2, 3, 5, 1),
	('56HG707949', NULL, 'Công ty TNHH MTV Cơ Khí Hóa chất 13, TT Tân Bình, Huyện Yên Sơn, Tỉnh Tuyên Quang', 2, 3, 4, 1),
	('56HG707950', NULL, 'Km6 Đại lộ Thăng Long, Phường Tây Mỗ, Quận Nam Từ Liêm, TP Hà Nội', 2, 3, 4, 1),
	('56HG707951', NULL, 'Lô 1, Khu CN Hòa Xá, TP Nam Định, Tỉnh Nam Định', 2, 3, 4, 1),
	('56HG707952', NULL, 'Khu phố 5, phường Long Phước, tx Phước Long, tỉnh Bình phước', 2, 2, 6, 1),
	('56HG707953', NULL, 'Số 279 A phố Chùa Thông, Sơn Tây, thành phố Hà nội', 2, 3, 4, 1),
	('56HG707954', NULL, 'Cổng Xí nghiệp 2, xã Trung Giáp, Huyện Phù Ninh, Phú Thọ', 2, 3, 4, 1),
	('56HG707955', NULL, 'Thị Trân Đu, Huyện Phú Lương, Tỉnh Thái Nguyên', 2, 3, 4, 1),
	('56HG707956', NULL, 'Công ty TNHH Công Nghiệp Hạ Long- CFG – KCN Khánh Cư, xã Khánh Cư, huyện Yên Khánh, tỉnh Ninh Bình', 2, 3, 4, 1),
	('56HG707957', NULL, 'Xã Cát Hanh, Huyện Phù Cát, Tỉnh Bình Định', 2, 1, 1, 1),
	('56HG707958', NULL, 'Xã Tân Dương, Huyện Thủy Nguyên, TP.Hải Phòng', 2, 3, 4, 1),
	('56HG707959', NULL, 'Nhà máy Z117, Đông Xuân, Sóc Sơn, Hà Nội', 2, 3, 4, 1),
	('56HG707960', NULL, 'KCN Yên Phong, xã Long Châu, Huyện Yên Phong,  Tỉnh Bắc Ninh', 2, 3, 4, 1),
	('56HG707961', NULL, 'PGD Chí Linh (Số 10 Thái Học 2, Sao đỏ, Chí Linh), thị xã Chí Linh, Hải Dương', 2, 3, 4, 1),
	('56HG707962', NULL, 'Tòa nhà An & Huy, Khu CN Ngọc Hồi, Thanh Trì, Hà Nội', 2, 3, 4, 1),
	('56HG707963', NULL, '8/3,Ấp Thanh Hóa, Hố Nai 3, Trảng Bom, Đồng Nai', 2, 2, 6, 1),
	('56HG707964', NULL, 'Thôn Uất Lâm, xã Hòa Hiệp Bắc, huyện Đông Hòa, tỉnh Phú Yên', 2, 1, 1, 1),
	('56HG707965', NULL, 'Lô E3-E3\', KCN Phúc Khánh, TP Thái Bình, Tỉnh Thái Bình', 2, 3, 4, 1),
	('56HG707966', NULL, '433 Đường Nguyễn Tất Thành, Thị Trấn Chợ Lầu, Huyện Bắc Bình, Bình Thuận', 2, 2, 6, 1),
	('56HG707967', NULL, 'CN Công ty Phú Tài - Nhà Máy chế biến Gỗ Phù Cát, Lô B1-B7 Cụm CN Cát Nhơn, Phù Cát, Bình Định', 2, 1, 1, 1),
	('56HG707968', NULL, 'Nhà máy Z179 - Thanh Trì, Hà Nội', 2, 3, 4, 1),
	('56HG707969', NULL, 'Nhà ga hành khách T1, tại Tầng 1 sảnh Công cộng, Cảng Hàng không Quốc Tế Nội Bài, Sóc Sơn, Hà Nội', 2, 3, 4, 1),
	('56HG707970', NULL, 'Số 151, Nguyễn Chí Thanh, Phường Cam Nghĩa, Cam Ranh, Khánh Hòa', 2, 1, 1, 1),
	('56HG707971', NULL, 'CN Tân Cảng - 150 Đường D2 P25 Quận Bình Thạnh, Tp.HCM', 2, 2, 6, 1),
	('56HG707972', NULL, 'Số 26 Lê Duẩn, Khóm 7, Phường 3, TP Sóc Trăng, Tỉnh Sóc Trăng ', 2, 2, 3, 1),
	('56HG707973', NULL, '03 Hoàng Hoa Thám, Phừơng 6, Quận Bình Thạnh, TPHCM', 2, 2, 6, 1),
	('56HG707974', NULL, '114 Trần Hưng Đạo, TP Quy Nhơn, tỉnh Bình Định', 2, 1, 1, 1),
	('56HG707975', NULL, 'Tổ dân phố 2, Mỹ Cương, Phường Bắc Nghĩa, TP Đồng Hới, Quảng Bình', 2, 1, 1, 1),
	('56HG707976', NULL, 'Công ty Legamex số 15 Trường Sơn, Phường 15, Quận 10, TP.HCM', 2, 2, 6, 1),
	('56HG707977', NULL, 'Công ty TNHH Vinasolar Technology\nKhu công nghiệp Vân Trung, xã Vân Trung, huyện Việt Yên, tỉnh Bắc Giang', 2, 3, 4, 1),
	('56HG707978', NULL, 'Sư Đoàn 330, tỉnh lộ 948, TT Chi Lăng, Huyện Tịnh Biên, Tỉnh An Giang', 2, 2, 6, 1),
	('56HG707979', NULL, 'Đài PTTH Cam Lâm, thị trấn Cam Đức, Huyện Cam Lâm, Khánh Hòa', 2, 2, 6, 1),
	('56HG707980', NULL, 'Số 432 đường 30/04, khu phố 2, phường Mỹ Phước, TX.Bến Cát, Bình Dương.', 2, 2, 6, 1),
	('56HG707981', NULL, '199 Đống Đa, Q. hải Châu, TP. Đà Nẵng', 2, 1, 1, 1),
	('56HG707982', NULL, '99A-101 Hùng Vương, TP Tuy Hòa, Phú Yên', 2, 1, 1, 1),
	('56HG707983', NULL, '102 Phổ Quang, P.2,  Tân Bình, TP.HCM', 2, 2, 6, 1),
	('56HG707984', NULL, 'Trường Quân sự Quân Khu 9, Đường Trần Hưng Đạo, Phường 3, TP Sóc Trăng, Tỉnh Sóc Trăng', 2, 2, 3, 1),
	('56HG707985', NULL, 'Số 65 đường Trần Hưng Đạo, Thị xã Phúc Yên, Tỉnh Vĩnh Phúc', 2, 3, 4, 1),
	('56HG707986', NULL, 'PGD Duy Tiên, Khu Công nghiệp Đồng Văn, TT Đồng Văn, Huyện Duy Tiên, Tỉnh Hà Nam', 2, 3, 4, 1),
	('56HG707987', NULL, 'Thửa đất số 147; 149; 159, tờ bản đồ 18, tỉnh lộ 942, ấp Thị, Thị trấn Chợ Mới, tỉnh An Giang,', 2, 2, 6, 1),
	('56HG707988', NULL, 'Lô A2-7 Đường số N4 - KCN Tây Bắc Củ Chi, Ấp Cấy Sộp, Xã Tân An Hội - Huyện Củ Chi, TP HCM.', 2, 2, 6, 1),
	('56HG707989', NULL, 'Số 1D – 1E Hoàng Thái Hiếu, Phường 1, TP. Vĩnh Long, tỉnh Vĩnh Long, Việt Nam', 2, 2, 6, 1),
	('56HG707990', NULL, 'PGD Lục Nam - Số 375 Phố Bình Minh, TT Đồi Ngô, Huyện Lục Nam , TT Bắc Giang ', 2, 3, 4, 1),
	('56HG707991', NULL, 'Xã Long Sơn, TP Vũng Tàu, tỉnh Bà Rịa Vũng Tàu', 2, 2, 6, 1),
	('56HG707992', NULL, 'Kho K856, Cục Quân Khí - Xã Hướng Hiệp, Huyện ĐắKrông, Quảng Trị', 2, 1, 1, 1),
	('56HG805386', NULL, 'Trung đoàn không quân 927, xã Hương Lạc, huyện Lạng Giang, tỉnh Bắc Giang', 2, 3, 4, 1),
	('56HG805387', NULL, 'Công ty Cổ phần Hoàn Cầu Hòa Bình, xã Thành Lập, Lương Sơn, Hòa Bình', 2, 3, 4, 1),
	('56HG805388', NULL, 'Kho 866, xóm 20, xã Nghĩa Thuận, Thị xã Thái Hòa, tỉnh Nghệ An', 2, 3, 4, 1),
	('56HG805389', NULL, 'Xưởng sửa chữa xe tăng X32 + Kho Y, xã Kim Long, huyện Tam Dương, tỉnh Vĩnh Phúc', 2, 3, 4, 1),
	('56HG805390', NULL, 'Kho KV1, Cục Quân Khí, Tổng Cục Kỹ thuật, xã Thanh Sơn, Hữu Lũng, Lạng Sơn', 2, 3, 4, 1),
	('56HG805391', NULL, 'Chi nhánh Thanh Trì - Ban chỉ huy quân sự huyện Thường Tín', 2, 3, 4, 1),
	('56HG805392', NULL, 'Bệnh viện Trung ương Quân Đội 108, 1B Trần Hưng Đạo, Bạch Đằng, Hai Bà Trưng, Hà Nội', 2, 3, 4, 1),
	('56HG805393', NULL, 'Công Ty Cổ Phần Gỗ Tân Thành, Bình Dương', 2, 2, 6, 1),
	('56HG805394', NULL, 'Công Ty Cổ Phần Ánh Sao Dương, Bình Dương', 2, 2, 6, 1),
	('56HG805395', NULL, 'Binh Đoàn 16', 2, 2, 6, 1),
	('56HG805396', NULL, 'Số 01 Lê Lợi TP Hội An, Quảng Nam', 2, 1, 1, 1),
	('56HG805397', NULL, 'BV Quân Y 17', 2, 1, 1, 1),
	('56HG805398', NULL, 'Lữ đoàn 239 Thanh Trì, thôn Xâm Xuyên, Thường Tín, Hà Nội', 2, 3, 4, 1),
	('56HG805399', NULL, 'PGD Rạch Dừa, 478 đường 30/04, TP Vũng Tàu', 2, 2, 6, 1),
	('56HG805400', NULL, 'Trường Sỹ quan tăng thiết giáp, xã Kim Long, huyện Tam Dương, Vĩnh Phúc', 2, 3, 4, 1),
	('56HG805401', NULL, 'Trường Quân sự Quân Khu 1, xã Thượng Đình, huyện Phú Bình, tỉnh Thái Nguyên', 2, 3, 4, 1),
	('56HG805402', NULL, 'Chợ Đêm Phú Quốc, đường Lý Tự Trọng, khu phố 2, TT Dương Đông, huyện Phú Quốc, Kiên Giang', 2, 2, 3, 1),
	('56HG805403', NULL, 'Đường Dương Đông, Cửa Cạn, ấp Ông Lang, huyện Phú Quốc, Kiên Giang', 2, 2, 3, 1),
	('56HG805404', NULL, 'Lữ đoàn Phòng không 573', 2, 1, 1, 1),
	('56HG805405', NULL, 'Công ty đóng tàu Hồng Hà, Lê Thiện, An Dương, Hải Phòng', 2, 3, 4, 1),
	('56HG806299', NULL, 'Số 3 Trần Hưng Đạo, Hoàn Kiếm, Hà Nội', 2, 3, 4, 1),
	('56HG806300', NULL, 'Lữ đoàn 75, đường Đồng Khởi, P.Tân Phong, TP.Biên Hòa, T.Đồng Nai', 2, 2, 6, 1),
	('56HG806301', NULL, 'Tầng 1 toàn nhà Diamond Building, số A1-7, lô 8A đường Lê Hồng Phong, quận Ngô Quyền, TP. Hải Phòng', 2, 3, 4, 1),
	('56HG806302', NULL, '300-300A-300B Huỳnh Tấn Phát, P Tân Thuận Tây, Q7, TP. Hồ Chí Minh', 2, 2, 6, 1),
	('56HG806303', NULL, '65 Hoàng Văn Thụ, TP.Thái Nguyên', 2, 3, 4, 1),
	('56HG806304', NULL, 'Ngân hàng nhà nước tỉnh Đăk Lăk, số 148 Nguyễn Tất Thành, P. Tân Lập, TP. Buôn Mê Thuột, Đăk Lăk', 2, 2, 2, 1),
	('56HG806305', NULL, 'Số 119 đường Hoàng Liên, TP Lào Cai, tỉnh Lào Cai', 2, 3, 4, 1),
	('56HG806306', NULL, 'PGD Sông Hàn – số 47-49 Nguyễn Văn Linh, Phường Phước Ninh, Quận Hải Châu, TP Đà Nẵng', 2, 1, 1, 1),
	('56HG806307', NULL, 'Số 8-Tổ 7, Tân Bình, Xuân Mai, Chương Mỹ, TP. Hà Nội', 2, 3, 4, 1),
	('56HG806308', NULL, 'Số 1 Lê Đức Thọ, Mai Dịch, Cầu Giấy, Hà Nội', 2, 3, 4, 1),
	('56HG806309', NULL, 'Số 238 Hoàng Quốc Việt, Cầu Giấy, Hà Nội', 2, 3, 4, 1),
	('56HG806310', NULL, '248 Nguyễn Lương Bằng, TP. Hải Dương', 2, 3, 4, 1),
	('56HG806311', NULL, 'Bệnh Viên Quân Y 13, TP Quy Nhơn', 2, 1, 1, 1),
	('56HG806312', NULL, 'PGD Buôn Hồ, 563 Hùng Vương, TDP7, P. An Lạc, Tx Buôn Hồ, Đăk Lăk', 2, 2, 2, 1),
	('56HG806313', NULL, '355 Trường Chinh, Thanh Xuân, Hà Nội', 2, 3, 4, 1),
	('56HG806314', NULL, 'Binh đoàn 11, Số 141 Hồ Đắc Di, Đống Đa, HN', 2, 3, 4, 1),
	('56HG806315', NULL, '147 Xã Đàn, Đống Đa, Hà Nội', 2, 3, 4, 1),
	('56HG806316', NULL, 'BCH Quân sự tỉnh Đak lak', 2, 2, 2, 1),
	('56HG806317', NULL, 'Bãi đổ xe - 02 Đào Duy Từ, Phường Cẩm Phô, TP Hội An, Tỉnh Quảng Nam', 2, 1, 1, 1),
	('56HG806318', NULL, '414C-414D NTMK, P5, Q1, TP. HCM', 2, 2, 6, 1),
	('56HG806319', NULL, 'Số 126 Hoàng Quốc Việt, Cầu Giấy, Hà Nội', 2, 3, 4, 1),
	('56HG806320', NULL, 'Số 328, tổ 1B, khu 6A, phường Hồng Hải, TP. Hạ Long, Quảng Ninh ', 2, 3, 4, 1),
	('56HG806321', NULL, 'Khu Công nghiệp An Dương, Đường ngang Số 2 – KCN An Dương, Hải Phòng', 2, 3, 4, 1),
	('56HG806322', NULL, '37 Ngô Mây, TP Quy Nhơn', 2, 1, 1, 1),
	('56HG806323', NULL, 'Lữ đoàn 28, Xuân Phương, huyện Từ Liêm, thành phố Hà Nội', 2, 3, 4, 1),
	('56HG806324', NULL, 'Tòa nhà số 42 phố Trưng Vương, phường Lê Lợi, thị xã Sơn Tây, TP Hà Nội.', 2, 3, 4, 1),
	('56HGL00269', NULL, '189 Lâm Tiên, Thị trấn Đông Anh, Huyện Đông Anh, TP HN', 2, 3, 4, 1),
	('56HGL00270', NULL, 'Tầng 1 tòa nhà Victoria Văn Phú, TP Hà Nội', 2, 3, 4, 1),
	('56HGL00271', NULL, '96-98 Đào Duy Từ, tiểu khu 5, tt Tĩnh Gia, Thanh Hóa', 2, 3, 5, 1),
	('56HGL00272', NULL, 'Công ty TCE Hoằng Hóa', 2, 3, 5, 1),
	('56HGL00273', NULL, 'Công ty HMT, Nga Sơn, Thanh Hóa', 2, 3, 4, 1),
	('56HGL00274', NULL, 'Trường trung cấp Biên phòng 1\nViệt Lập, huyện Tân Yên, tỉnh Bắc Giang', 2, 3, 4, 1),
	('56HGL00275', NULL, 'Trường TCKT Quân Khí, Gia Khánh, Bình Xuyên, Vĩnh Phúc', 2, 3, 4, 1),
	('56HGL00276', NULL, 'Nhà máy Z195, Hợp Châu, Tam Đảo, Vĩnh Phúc', 2, 3, 4, 1),
	('56HGL00277', NULL, 'Tổ 2, ấp Đường Bào, xã Dương Tơ, huyện Phú Quốc, tỉnh Kiên Giang', 2, 2, 3, 1),
	('56HGL00278', NULL, '119/2-3 Nguyễn Anh Thủ, Ấp Trung Chánh 1, TT Hóc Môn, TP. HCM', 2, 2, 6, 1),
	('56HGL00279', NULL, 'Xã Gành Dầu, Tổ 4, ấp Gành Dầu, xã Gành Dầu, huyện Phú Quốc, tỉnh Kiên Giang', 2, 2, 3, 1),
	('56HGL00280', NULL, 'Khu công nghiệp Nhị Xuân, Xuân Thới Sơn, Hóc Môn, TP HCM', 2, 2, 6, 1),
	('56HGL00281', NULL, 'PGD Bà Điểm, Số 10/2A đường Nguyễn Ảnh Thủ, ấp Hưng Lân, xã Bà Điểm, huyện Hóc Môn, TP HCM.', 2, 2, 6, 1),
	('56HGL00282', NULL, '114-116 Nam Kỳ Khởi Nghĩa, phường 1, TP. Mỹ Tho, Tiền Giang', 2, 2, 6, 1),
	('56HGL00283', NULL, 'Khu Công nghiệp Trà Nóc 1, P. Trà Nóc, Q.Bình Thủy, Tp.Cần Thơ', 2, 2, 3, 1),
	('56HGL00284', NULL, 'Trung tâm huấn luyện 334, Sơn Tây, Hà Nội', 2, 3, 4, 1),
	('56HGL00285', NULL, 'Sư đoàn 330 - Trung đoàn 1\nTỉnh lộ 948, TT Chi Lăng, huyện Tịnh Biên, tỉnh An Giang', 2, 2, 6, 1),
	('56HGL00286', NULL, 'MB Trà Vinh, Số TRV-PG2-05, TRV-PG2-05A, TRV-PG2-06, khóm 3, phường 2, thành phố Trà Vinh, tỉnh Trà Vinh.', 2, 2, 3, 1),
	('56HGL00287', NULL, 'Thị trấn Cửa Việt, Gio Linh, Quảng Trị', 2, 1, 1, 1),
	('56HGL00288', NULL, 'Trung tâm huấn luyện Miếu Môn, Xã Đồng Tâm, huyện Mỹ Đức, TP Hà Nội', 2, 3, 4, 1),
	('56HGL00289', NULL, 'BCH Quân sự Tp Cần Thơ, Khu vực 2, phường Hưng Thạnh, quận Cái Răng, TP Cần Thơ', 2, 2, 3, 1),
	('56HGL00290', NULL, 'Đại học Kinh tế Quốc dân, số 207 Giải Phóng, Hai Bà Trưng, Hà Nội', 2, 3, 4, 1),
	('56HGL00291', NULL, 'MB Di Linh, Số 725 đường Hùng Vương, thị trấn Di Linh, huyện Di Linh, tỉnh Lâm Đồng ', 2, 2, 6, 1),
	('56HGL00292', NULL, 'Sư đoàn 341 xã Đông Tân, TP Thanh Hóa, tỉnh Thanh Hóa', 2, 3, 5, 1),
	('56HGL00293', NULL, 'Học viện Hậu cần, cơ sở 2 xã Kim Sơn, thị xã Sơn Tây, TP. Hà Nội', 2, 3, 4, 1),
	('56HGL00294', NULL, '131 tỉnh lộ 8, TT Củ Chi, H. Củ Chi, TP.HCM', 2, 2, 6, 1),
	('56HGL00295', NULL, 'MB Phú Xuân, Số 2049 Huỳnh Tấn Phát, khu phố 6, thị trấn Nhà Bè, huyện Nhà Bè, Thành phố Hồ Chí Minh.', 2, 2, 6, 1),
	('56HGL00296', NULL, 'Trụ sở CN online Võ Chí Công Tầng 1, tòa nhà N01T4 Khu Ngoại giao đoàn, Phường Xuân Tảo, Bắc Từ Liêm, Hà Nội', 2, 3, 4, 1),
	('56HGL00297', NULL, 'PGD Bình Hưng, Tầng trệt (tầng 1), tầng 2 số A23/30, Quốc lộ 50, Ấp 1, xã Bình Hưng, huyện Bình Chánh, Thành phố Hồ Chí Minh', 2, 2, 6, 1),
	('56HGL00298', NULL, 'Khu A Học Viện Lục Quân, Đà Lạt, Số 01 Lý Thường Kiệt, phường 9, TP Đà Lạt, tỉnh Lâm Đồng', 2, 2, 6, 1),
	('56HGL00299', NULL, 'Tiểu Công viên, ngã tư Nguyễn Tất Thành, TP Hội An, tỉnh Quảng Nam', 2, 1, 1, 1),
	('56HGL00300', NULL, 'Cty Scavi Huế, KCN Phong Điền, Thừa Thiên Huế', 2, 1, 1, 1),
	('56HGL00301', NULL, 'Khu đo thị phố chợ Nam Phước, TT Nam Phước, H. Duy Xuyên, Quảng Nam', 2, 1, 1, 1),
	('56HGL00302', NULL, 'MB Tân Châu 1, Số 95, Đ. Trần Văn Trà, Kp. 2, TT Tân Châu, huyện Tân Châu, tỉnh Tây Ninh', 2, 2, 6, 1),
	('56HGL03503', NULL, 'Lữ đoàn 962, Phường Mỹ Bình, TP. Long Xuyên, An Giang', 2, 2, 6, 1),
	('56HGL03504', NULL, 'Lữ đoàn 6, Phường Bình Đức, TP. Long Xuyên, An Giang', 2, 2, 6, 1),
	('56HGL03505', NULL, 'Xã Yên Bài, Huyện Ba Vì, TP Hà Nội', 2, 3, 4, 1),
	('56HGL03506', NULL, 'Tiểu đoàn 565, Vùng 5 Hải Quân Việt Nam , Đường Nguyễn Văn Cừ, \nKhu phố 6, Thị trấn An Thới, Huyện Phú Quốc, tỉnh Kiên Giang', 2, 2, 3, 1),
	('56HGL03507', NULL, 'Chung cư Mường thanh Viễn Triều, Số 03-05 Phạm Văn Đồng. P Vĩnh Phước, \nTP Nha Trang, Khánh Hòa', 2, 2, 6, 1),
	('56HGL03508', NULL, 'Công ty TTB Việt Nam, Thôn Tăng Quang, Bích Sơn, Việt Yên, Bắc Giang', 2, 3, 4, 1),
	('56HGL03509', NULL, 'Công ty Tín Phát, Thôn Hậu, Đại Lâm, Lạng Giang, Bắc Giang', 2, 3, 4, 1),
	('56HGL03510', NULL, 'MB Hội An tại địa chỉ 594 Hai Bà Trưng, Hội An, Quảng Nam', 2, 1, 1, 1),
	('56HGL03511', NULL, 'Lữ đoàn 950, Đường Suổi Cái, Gành Dầu, Xóm mới, Bãi Thơm, Phú Quốc', 2, 2, 3, 1),
	('56HGL03512', NULL, 'Trung đoàn 261, 104/1 Nguyễn Thiện Thuật, Phường Thắng Nhất, TP. Vũng Tàu', 2, 2, 6, 1),
	('56HGL03513', NULL, 'PGD Long Điền, Số 48 tổ 6 ấp Lò Vôi, Phước Hưng, Long Điền, Bà Rịa Vũng Tàu', 2, 2, 6, 1),
	('56HGL03514', NULL, 'MB Hội An tại địa chỉ 594 Hai Bà Trưng, Hội An, Quảng Nam', 2, 1, 1, 1),
	('56HGL03515', NULL, 'Khu Công nghiệp Đại An, Km 51 Quốc lộ 5B, Phường Tứ Minh, \nThành phố Hải Dương, Tỉnh Hải Dương', 2, 3, 4, 1),
	('56HGL03516', NULL, 'Trung đoàn 165, Bắc Sơn, Sóc Sơn, Hà Nội ', 2, 3, 4, 1),
	('56HGL03517', NULL, 'KCN Đồng Văn I, Duy Tiên, Hà Nam', 2, 3, 4, 1),
	('56HGL03518', NULL, 'PGD Xuân Diệu  tại 114 Xuân Diệu, Quảng An, Tây Hồ, Hà Nội', 2, 3, 4, 1),
	('56HGL03519', NULL, 'Trung đoàn 338, Xã Tú Đoạn, huyện Lộc Bình, thành phố Lạng Sơn', 2, 3, 4, 1),
	('56HGL03520', NULL, 'CTCP Lâm Sản Nam Định, Xã Thành Lợi, Huyện Vụ Bản, Tỉnh Nam Định', 2, 3, 4, 1),
	('56HGL03521', NULL, 'Ấp Bát Lê, Cửa Cạn , Phú Quốc', 2, 2, 3, 1),
	('56HGL03522', NULL, 'Khu công nghiệp Bảo Minh, Bắc Lương, Cát Thành, Nam Định', 2, 3, 4, 1),
	('56HGL03523', NULL, 'Nhà hàng bia tươi Louisiana, Lô 29 Công Viên Trần Phú, Lộc Thọ, \nNha Trang, Khánh Hòa', 2, 2, 6, 1),
	('56HGL03524', NULL, 'Xưởng Công nghệ thông tin - Bộ Tham Mưu - Quân Khu IV, Nghi Kim, \nThành Phố Vinh, Nghệ An', 2, 3, 5, 1),
	('56HGL03525', NULL, 'Sư đoàn 304, Huyện Bình Xuyên, Tỉnh Vĩnh Phúc', 2, 3, 4, 1),
	('56HGL03526', NULL, 'Công ty Tân Cảng Hữu Phú, Khu phố 4, Phường Phú Hữu, Quận 9, \nTp Hồ Chí Minh', 2, 2, 6, 1),
	('56HGL03527', NULL, 'Nghĩa Phú, Quảng Ngãi', 2, 1, 1, 1),
	('56HGL03528', NULL, 'Lữ Đoàn 167, Thôn 2, xã Long Sơn, TP Vũng Tàu', 2, 2, 6, 1),
	('56HGL03529', NULL, '829 Tạ Quang Bửu, Q.8, TP. Hồ Chí Minh', 2, 2, 6, 1),
	('56HGL03530', NULL, 'Ban chỉ huy quân sự tỉnh Bình Phước, 1438, QL 14, Xã Tiến Thành, \nThị Xã Đồng Xoài, Bình Phước', 2, 2, 6, 1),
	('56HGL03531', NULL, 'Số 500 đường Trần Văn Thời, phường 6, TP Cà Mau, tỉnh Cà Mau', 2, 2, 3, 1),
	('56HGL03532', NULL, 'Trụ sở CN, số 204-206 Nguyễn Huệ, Phường 2, TP Cao Lãnh, Tỉnh Đồng Tháp', 2, 2, 6, 1),
	('56HGL03533', NULL, 'Phòng giao dịch Lâm Hà, 750 Hùng Vương, Thị Trấn Đinh Văn, Lâm Hà, Lâm Đồng', 2, 2, 6, 1),
	('56HGL03534', NULL, 'Ấp 3 , Xã Sơn Đông,Thành Phố Bến Tre, Tỉnh Bến Tre', 2, 2, 6, 1),
	('56HGL03535', NULL, 'Trung Tâm Thương Mại GIGAMAL, 240 - 242 Phạm Văn Đồng, \nHiệp Bình Chánh, Thủ Đức, TP. HCM ', 2, 2, 6, 1),
	('56HGL03536', NULL, 'Trường TH Suối Ngô B, Ấp 7, Suối Ngô, Huyện Tân Châu, Tây Ninh', 2, 2, 6, 1),
	('56HGL03537', NULL, 'Lô A38-NV16 ô số 11 và ô số 12, Khu đô thị mới hai bên đường Lê Trọng Tấn, xã An Khánh, huyện Hoài Đức, TP Hà Nội', 2, 3, 4, 1),
	('56HGL03538', NULL, 'Ban chỉ huy quân sự tỉnh Trà Vinh, Nguyễn Thị Minh Khai K7p7 Thị Xã Trà Vinh, Phường 7, Trà Vinh', 2, 2, 3, 1),
	('56HGL03539', NULL, 'PGD Trúc Bạch,20 Nguyễn Trường Tộ, Ba Đình, Hà Nội', 2, 3, 4, 1),
	('56HGL03540', NULL, 'Lữ đoàn 45, Xã Cổ Đông, Thị xã Sơn Tây', 2, 3, 4, 1),
	('56HGL03541', NULL, 'Cty Tỷ Bách, Khu công nghiệp Bình Minh, ấp Mỹ Lợi, xã Mỹ Hòa, \nThị xã Bình Minh', 2, 2, 6, 1),
	('56HGL03542', NULL, 'PGD Cư M\'gar tại Số 66 đường Hùng Vương, thị trấn Quảng Phú, \nhuyện Cư M\'gar, tỉnh ĐăkLăk', 2, 2, 6, 1),
	('56HGL03543', NULL, 'Cty Tỷ Bách, Khu công nghiệp Bình Minh, ấp Mỹ Lợi, xã Mỹ Hòa, \nThị xã Bình Minh', 2, 2, 6, 1),
	('56HGL03544', NULL, 'Bệnh viện 105, Trung Sơn Trầm, tx Sơn Tây, TP Hà Nội.', 2, 3, 4, 1),
	('56HGL03545', NULL, 'Khu công nghiệp Phú Nghĩa, Hà Đông, Hà Nội', 2, 3, 4, 1),
	('56HGL03546', NULL, 'Doanh trại Quân đội Phố Hoàng Sâm, Cầu Giấy, Hà Nội', 2, 3, 4, 1),
	('56HGL03547', NULL, 'Trung đoàn 209 – Sư đoàn 312, Phường Thắng Lợi, Sông Công, Thái Nguyên', 2, 3, 4, 1),
	('56HGL03548', NULL, '54-56-60 đường Trần Phú, TP. Thanh Hóa', 2, 3, 5, 1),
	('56HGL03549', NULL, 'Công ty Đại Dương, Xã Trường Lâm Huyện Tĩnh Gia Thanh Hóa', 2, 3, 5, 1),
	('56HGL03550', NULL, 'Nhà máy Z129 BQP, Xã Đội Bình - Yên Sơn - Tuyên Quang', 2, 3, 4, 1),
	('56HGL03551', NULL, 'Số 155, Đường Bình Thuận, Phường Tân Quang, TP Tuyên Quang', 2, 3, 4, 1),
	('56HGL03552', NULL, 'QL2, Chí Đảm, Đoan Hùng, Phú Thọ', 2, 3, 4, 1),
	('56HGL03553', NULL, 'Khuôn viên Trung đoàn không quân 921, Phường Nam Cường, \nTP Yên Bái, tỉnh Yên Bái', 2, 3, 4, 1),
	('J821001570', NULL, 'Lữ đoàn tăng thiết giáp 202, Quân đoàn I, Phố Rịa, Huyện Nho Quan, Tỉnh Ninh Bình', 2, 3, 4, 1),
	('J821001572', NULL, '102-103 K2 Khu 7,2ha Vĩnh Phúc- Ba Đình- Hà Nội – Việt Nam', 2, 3, 4, 1),
	('J821001574', NULL, 'Trường Quân Sự Quân Khu 2, Vĩnh Yên, Vĩnh Phúc', 2, 3, 4, 1),
	('J821001575', NULL, 'Lữ đoàn tăng thiết giáp 203. Xã Đông Hưng, huyện Lục Nam, tỉnh Bắc Giang', 2, 3, 4, 1),
	('J821001576', NULL, 'Tòa nhà Viettel – KĐT Chùa Hà Tiên – Vĩnh Yên – Vĩnh Phúc', 2, 3, 4, 1),
	('J821001577', NULL, 'Nhà máy thép Hòa Phát Dung Quất – Xã Bình Đông – Huyện Binh Sơn – Tỉnh Quảng Ngãi', 2, 1, 1, 1),
	('J821001579', NULL, 'Siêu thị AEON MALL HÀ ĐÔNG', 2, 3, 4, 1),
	('J821001580', NULL, 'Số 1124, đường 30/4,p. 11, tp vùng tàu,tỉnh bà rịa - vũng tàu', 2, 2, 6, 1),
	('J821001581', NULL, '63 Lê Văn Lương, Cầu Giấy, Hà Nội', 2, 3, 4, 1),
	('J821001582', NULL, 'Nhà máy in Thanh Trì, Lưu Phái, Ngủ Hiệp, Thanh Trì, Hà Nội', 2, 3, 4, 1),
	('J821001583', NULL, '312 Nguyễn Ảnh Thủ, P. Hiệp Thành, Q.12, TP. HCM', 2, 2, 6, 1),
	('J821001597', NULL, 'Số 1177 đường Tôn Đức Thắng (QL91), Khu vực 11, P. Châu Văn Liêm, Q. Ô Môn, Tp. Cần Thơ (trụ sở PGD Ô Môn – CN Cần Thơ);', 2, 2, 3, 1),
	('J821001598', NULL, 'Công ty CP Hoàng Quân Mê Kông, Khu công nghiệp Bình Minh, Xã Bình Minh, Tỉnh Vĩnh Long', 2, 2, 6, 1),
	('J821001599', NULL, 'PGD Kinh Môn, Ngã Tư Hiệp Sơn, Thị Trấn Kinh Môn, Tỉnh Hải Dương', 2, 3, 4, 1),
	('J821001600', NULL, 'Xã Hóa Thượng - Huyện Đồng Hỷ - Tỉnh Thái Nguyên', 2, 3, 4, 1),
	('J821001601', NULL, 'ATM Bãi Thơm/ATM Hàm Ninh', 2, 2, 3, 1),
	('J821001602', NULL, 'ATM Bãi Thơm/ATM Hàm Ninh', 2, 2, 3, 1),
	('J821001603', NULL, 'Đường Lam Sơn, P. Tích Sơn, TP. Vĩnh Yên, Tỉnh Vĩnh Phúc', 2, 3, 4, 1),
	('J821001604', NULL, 'Đường Trần Phú, P. Đình Bảng, TX. Từ Sơn, T. Bắc Ninh', 2, 3, 4, 1),
	('J821001606', NULL, '17 Tông Đản - Tràng Tiền - Hoàn Kiếm - Hà Nội', 2, 3, 4, 1),
	('J821002762', NULL, 'Công ty TNHH Công nghiệp Bellinturf Việt Nam KCN Long Giang, Ấp 4, Xã Tân Lập 1, Huyện Tân Phước, tỉnh Tiền Giang', 2, 2, 6, 1),
	('J821002763', NULL, 'MB Nhơn Trạch, Lô B1,B2,B3 KDC Thăng Long Home TT Hiệp Phước Nhơn Trạch Đồng Nai', 2, 2, 6, 1),
	('J821002764', NULL, 'Công ty TNHH Công nghiệp Bellinturf Việt Nam KCN Long Giang, Ấp 4, Xã Tân Lập 1, Huyện Tân Phước, tỉnh Tiền Giang', 2, 2, 6, 1),
	('J821002765', NULL, 'Số 03 đường Nguyễn Oanh, P. 10, Q. Gò Vấp, TP Hồ Chí Minh', 2, 2, 6, 1),
	('J821002766', NULL, 'MB Long Thành, số 301, đường Lê Duẩn, K. Phước Hải, TT Long Thành, huyện Long Thành, tỉnh Đồng Nai', 2, 2, 6, 1),
	('J821002767', NULL, 'Autobank, CN Nam Sài Gòn', 2, 2, 6, 1),
	('J821002768', NULL, 'KDT PHU MY HUNG , Tòa nhà Happy Residence premier đường Nguyễn Lương Bằng, phường Tân Phú, Quận 7', 2, 2, 6, 1),
	('J821002769', NULL, 'CT4 – KĐT Xa La', 2, 3, 4, 1),
	('J821002770', NULL, 'PGD Diêu Trì, Tuy Phước, Bình Định', 2, 1, 1, 1),
	('J821002771', NULL, 'Trường Sỹ Quan Lục Quân (1), Sơn Tây, Hà Nội', 2, 3, 4, 1),
	('J821002772', NULL, 'Tòa nhà MB, Số 63 Lê Văn Lương, Hà Nội', 2, 3, 4, 1),
	('J821002773', NULL, '273 đường 23/10, phường Ngọc Hiệp, Nha Trang, Khánh Hòa', 2, 2, 6, 1),
	('J821002774', NULL, 'Số 05 Trần Hưng Đạo – phường Hoàng Văn Thụ - quận Hồng Bàng – TP Hải Phòng', 2, 3, 4, 1),
	('J821002775', NULL, 'Số 03 đường Nguyễn Oanh, P. 10, Q. Gò Vấp, TP Hồ Chí Minh', 2, 2, 6, 1),
	('J821002776', NULL, 'Doanh Trại Quân đội, P. Long Bình, Tp. Biên Hòa, Đồng Nai', 2, 2, 6, 1),
	('J821002777', NULL, 'Nhà máy Z 111, số 284 Bà Triệu, TP Thanh Hóa', 2, 3, 5, 1),
	('J821002778', NULL, 'Nhà máy May Phù Mỹ, TTPhù Mỹ, Bình Định', 2, 1, 1, 1),
	('J821002779', NULL, 'Shilla Monogram Quảng Nam Đà Nẵng Resort – Đường Lạc Long Quân, Phường Điện Ngọc, Thị xã Điện Bàn, Tỉnh Quảng Nam', 2, 1, 1, 1),
	('J821002780', NULL, 'PGD Hoàng Diệu, Khánh Hòa', 2, 2, 6, 1),
	('J821003616', NULL, 'Công ty CP Hoàng Quân Mê Kông, Khu công nghiệp Bình Minh, Xã Bình Minh, Tỉnh Vĩnh Long', 2, 2, 6, 1),
	('J821006575', NULL, 'GF-58B- Tầng trệt , Crescent Mall 101 Tôn Dật Tiên , Khu đô thị mới Phú Mỹ Hưng , Phường Tân Phú, Quận 7, TP.HCM', 2, 2, 6, 1),
	('J821006576', NULL, 'KĐT Imperia An Phú - Quận 2, TP Hồ Chí Minh', 2, 2, 6, 1),
	('J821006577', NULL, 'Lô thương mại 01.09. Dự án The Botanica, Số 104 Phổ Quang, phường 2, quận Tân Bình, TP.HCM', 2, 2, 6, 1),
	('J821006578', NULL, 'Shophouse RS3-SH.18, Khu 1, Chung cư Khu thương mại dịch vụ và căn hộ số 278A Hòa Bình, P. Hiệp Tân, Q. Tân Phú, TP. HCM', 2, 2, 6, 1),
	('J821006579', NULL, 'Tầng trệt thuộc cao ốc The Sun Avenue, 28 Mai Chí Thọ, P.An Phú, Q2, TPHCM', 2, 2, 6, 1),
	('J821006580', NULL, 'Cổng A Chung cư cao cấp Mulberry Lane, Khu đô thị Mỗ Lao, Hà Đông, Hà Nội', 2, 3, 4, 1),
	('J821006581', NULL, 'Căn hộ số C.0.16 Lô C – Khu chung cư Emerald (Plot A1), phường Sơn Kỳ, quận Tân Phú, TP.HCM', 2, 2, 6, 1),
	('J821006582', NULL, 'Smartbank KĐT Vinhome - Quận 9, căn 01S03 tòa S101, KĐT Vinhomes Grand Park, 200 Nguyễn Xiển, Q.9, TP. HCM', 2, 2, 6, 1),
	('J821006583', NULL, 'CH03-16 DA C2-Gamuda gardens, Yên Sở, HM, HN', 2, 3, 4, 1),
	('J821006584', NULL, 'Công ty Z115 phường Quyết Thắng, TP Thái Nguyên', 2, 3, 4, 1),
	('J821006585', NULL, 'SmartBank Vạn Phúc -Thủ Đức, KĐT Vạn Phúc City, đường Nguyễn Thị Nhung, QL 13, P. Hiệp Bình Chánh, Thủ Đức, TP. HCM', 2, 2, 6, 1),
	('J821006586', NULL, 'Smartbank Làng Quốc tế: Nhà A5, làng Quốc tế Thăng Long, Dịch vọng, Cầu giấy, Hà nội', 2, 3, 4, 1),
	('J821006587', NULL, 'A8-5-01 Tại DA Ngôi Sao - Tòa An Bình 2 Khu ĐT-TP Giao Lưu, P Cổ Nhuế 1 - BTL, HN', 2, 3, 4, 1),
	('J821006588', NULL, 'Số 1 S18 tầng 1 Tòa S2.10 - KĐT Vinhomes Ocenpark Gia Lâm', 2, 3, 4, 1),
	('J821006589', NULL, 'VP chủ tịch nước - Số 1A, ngõ 1B Hoàng Hoa Thám, Phường Ngọc Hà, Quận Ba Đình, Hà Nội', 2, 3, 4, 1),
	('J821006590', NULL, 'Tòa nhà PHC-COMPLEX 158 Nguyễn Sơn, P Bồ Để, LB, HN', 2, 3, 4, 1),
	('J821006591', NULL, 'Căn S205 Kiot 01S01 tại Vin Smart Tây Mỗ', 2, 3, 4, 1),
	('J821006592', NULL, 'Parkson Hùng Vương, 126 Hùng Vương, P12, Q5, TP. HCM', 2, 2, 6, 1),
	('J821006593', NULL, 'CTY TNHH Eland VN, 78/28 Nguyễn Thị Nè, xã Phú Hòa Đông, huyện Củ Chi, TP. HCM', 2, 2, 6, 1),
	('J821006594', NULL, 'SMARTBANK LINH ĐÀM, Tầng 1 tòa nhà CT5-X2,KĐT Bắc Linh Đàm, Hoàng Mai, Hà Nội', 2, 3, 4, 1),
	('J821006595', NULL, 'Chi nhánh Hà Tĩnh - Số 80 Phan Đình Phùng, TP. Hà Tĩnh', 2, 3, 5, 1),
	('J821006596', NULL, 'Nhà máy giày Liên Dinh. Km9 đường Phạm Văn Đồng, Dương Kinh, Hải Phòng', 2, 3, 4, 1),
	('J821006597', NULL, 'KIOT 2.2 B1 tòa nhà ROMA – Đ/C Đường Tố Hữu, P. Đại Mỗ, Q. Nam Từ Liêm, TP. Hà Nội.', 2, 3, 4, 1),
	('J821006598', NULL, 'Cổng số 1 nhà máy Thép Hòa Phát, Xã Bình Đông, Huyện Bình Sơn, Tỉnh Quang Ngãi', 2, 1, 1, 1),
	('J821006599', NULL, 'Tòa nhà sông đà HH4 (18 Phạm Hùng) P Mỹ Đình , Q Nam TL, HN', 2, 3, 4, 1),
	('J821006600', NULL, 'SmartBank Phú Mỹ Hưng 2 - Sky Garden – Số 1032 Khu Sky Garden 1-R1-1, Khu Phố 03, Phường Tân Phong, Quận 7', 2, 2, 6, 1),
	('J821006601', NULL, 'MB Hai Bà Trưng, Một phần tầng 1 toà TOWER 1 Số 458 Minh Khai – HBT – HN', 2, 3, 4, 1),
	('J821006602', NULL, 'Tòa nhà Gold Field - số 24 Nguyễn Cơ Thạch - NTL', 2, 3, 4, 1),
	('J821006603', NULL, 'Smartbank Tân Tây Đô: CT2A-LK 12A Khu đô thị Tân Tây Đô, Tân Lập, Đan Phượng, HN', 2, 3, 4, 1),
	('J821006604', NULL, 'Smartbank SAIGON ROYAL, chung cư Sài Gòn Royal, 34-35 Bến Vân Đồn, Q. 4, TP. HCM', 2, 2, 6, 1),
	('J821012672', NULL, 'Nhà máy A32, Đà Nẵng', 2, 1, 1, 1),
	('J821012673', NULL, '', 2, NULL, NULL, 1),
	('J821012674', NULL, 'Công ty Dệt may Huế', 2, 1, 1, 1),
	('J821012675', NULL, 'Khu Cảng Cát Lái, Q.2,Khu Cảng Cát Lái, Q.2, TP Hồ Chí Minh', 2, 2, 6, 1),
	('J821012676', NULL, 'Khu Cảng Cát Lái, Q.2,Khu Cảng Cát Lái, Q.2, TP Hồ Chí Minh', 2, 2, 6, 1),
	('J821012677', NULL, '', 2, NULL, NULL, 1),
	('J821012678', NULL, '55 Nam Kỳ Khởi Nghĩa-P.Nguyễn Thái Bình-Quận 1– TP Thủ Đức - TP.HCM', 2, 2, 6, 1),
	('J821012679', NULL, 'Nhà máy A32, Đà Nẵng', 2, 3, 1, 1),
	('J821012680', NULL, '', 2, NULL, NULL, 1),
	('J821012681', NULL, '', 2, NULL, NULL, 1),
	('J821012682', NULL, '', 2, NULL, NULL, 1),
	('J821012683', NULL, '', 2, NULL, NULL, 1),
	('J821012684', NULL, '99 Hồ Đắc Di, An Cựu, TP Huế', 2, 1, 1, 1),
	('J821012685', NULL, '103 Tô Vĩnh Diện, Thanh Xuân, Hà Nội', 2, 3, 4, 1),
	('J821012686', NULL, 'Bệnh viện 108, Hà Nội', 2, 3, 4, 1),
	('J821012687', NULL, 'HVMM, Chiến Thắng, Tân Triều, Thanh Xuân', 2, 3, NULL, 1),
	('J821012688', NULL, 'Công ty X26, Phường Ngọc Thụy, Long Biên, Hà Nội', 2, 3, 4, 1),
	('J821012689', NULL, 'Cty Z127, Dương Tự Minh, Thái Nguyên', 2, 3, 4, 1),
	('J821012690', NULL, '08 Phạm Hùng, Hà Nội', 2, 3, NULL, 1),
	('J821012691', NULL, '461 Đội Cấn, Hà Nội', 2, 3, 4, 1),
	('J821012692', NULL, '', 2, NULL, NULL, 1),
	('J821012693', NULL, 'Viện 103, Phùng Hưng, Hà Nội', 2, 3, 4, 1),
	('J821012694', NULL, 'Trụ sở Ngân hàng TMCP Quân Đội - chi nhánh Quảng Trị, \nSố 134 Quốc Lộ 9, TP. Đông Hà, tỉnh Quảng Trị', 2, 1, 1, 1),
	('J821012695', NULL, 'Trường Quân Sự Quân Khu 5, Đà Nẵng', 2, 1, 1, 1),
	('J821012696', NULL, 'Lữ đoàn 273, Thôn Hà Lòng, xã Kdang, Huyện Đăk Đoa, Tỉnh Gia Lai', 2, 1, 1, 1),
	('J821012697', NULL, '174 Lê Đình Lý, Q. Hải Châu, thành phố Đà Nẵng', 2, 1, 1, 1),
	('J821012698', NULL, 'Số 01 Yết Kiêu, Quận Sơn Trà, Thành phố Đà Nẵng', 2, 1, 1, 1),
	('J821012699', NULL, 'Trường Đại học An Ninh Km 18 Xa lộ Hà Nội, Phường Linh Trung, Thủ Đức', 2, 2, 6, 1),
	('J821012700', NULL, 'Công ty shints TN, TT Đu, Phú Lương', 2, 3, 4, 1),
	('J821012701', NULL, 'Số 1 Giang Văn Minh, Ba Đình, Hà Nội', 2, 3, NULL, 1),
	('J821012702', NULL, '', 2, NULL, NULL, 1),
	('J821012703', NULL, 'PGD Quy Nhơn, 285 Trần Hưng Đạo, Thành Phố Quy Nhơn', 2, 1, 1, 1),
	('J821012704', NULL, '', 2, NULL, NULL, 1),
	('J821012705', NULL, '171 Trường Chinh, Hà Nội', 2, 3, 4, 1),
	('J821012706', NULL, '', 2, NULL, NULL, 1),
	('J821012707', NULL, '', 2, NULL, NULL, 1),
	('J821012708', NULL, '', 2, NULL, NULL, 1),
	('J821012709', NULL, '', 2, NULL, NULL, 1),
	('J821012710', NULL, 'Khu Cảng Cát Lái, Q.2,Khu Cảng Cát Lái, Q.2, TP Hồ Chí Minh', 2, 2, 6, 1),
	('J821012711', NULL, '192 đường Trần Quang Khải, phường Tân Định, quận 1, thành phố Hồ Chí Minh', 2, 2, 6, 1),
	('J821012712', NULL, '', 2, NULL, NULL, 1),
	('J821012713', NULL, 'Tòa nhà ICD Tân Cảng, Số 7/20, Đường DT743, Phường Bình Hòa,\nThành Phố Thuận An, Bình Dương', 2, 2, 6, 1),
	('J821012714', NULL, '', 2, NULL, NULL, 1),
	('J821012715', NULL, 'Trường Cao Đẳng Hải Quan, Số 125A Nguyễn Thị Định, Cát Lái, Quận 2, TP Thủ Đức', 2, 2, 6, 1),
	('J821012716', NULL, '86 - 88 Đinh Tiên Hoàng Str., Ward 1, Dist Bình Thạnh, HCMC, VietNam', 2, 2, 6, 1),
	('J821012717', NULL, '', 2, NULL, NULL, 1),
	('J821012718', NULL, '', 2, NULL, NULL, 1),
	('J821012719', NULL, 'PKKQ 171 Trường Chinh, Thanh Xuân, Hà Nội (2)', 2, 3, 4, 1),
	('J821012720', NULL, '96 Yết Kiêu, Phường Thọ Quang, Quận Sơn Trà, TP Đà Nẵng', 2, 1, 1, 1),
	('J821012721', NULL, '', 2, NULL, NULL, 1),
	('J821012722', NULL, '', 2, NULL, NULL, 1),
	('J821012723', NULL, 'BCH Quân Sự đường Mang Cá', 2, 1, 1, 1),
	('J821012724', NULL, '', 2, NULL, NULL, 1),
	('J821012725', NULL, '', 2, NULL, NULL, 1),
	('J821012726', NULL, '198A Đường 3 tháng 2 – P.12 – Q.10 – Tp.HCM', 2, 2, 6, 1),
	('J821012727', NULL, '', 2, NULL, NULL, 1),
	('J821012728', NULL, '', 2, NULL, NULL, 1),
	('J821012729', NULL, '', 2, NULL, NULL, 1),
	('J821012730', NULL, 'Trung đoàn 83 Đà Nẵng', 2, 1, 1, 1),
	('J821012731', NULL, '', 2, NULL, NULL, 1),
	('J821012732', NULL, '', 2, NULL, NULL, 1),
	('J821012733', NULL, '', 2, NULL, NULL, 1),
	('J821012734', NULL, '', 2, NULL, NULL, 1),
	('J821012735', NULL, '', 2, NULL, NULL, 1),
	('J821012736', NULL, '', 2, NULL, NULL, 1),
	('J821012737', NULL, '', 2, NULL, NULL, 1),
	('J821012738', NULL, 'Khu Cảng Cát Lái, Q.2,Khu Cảng Cát Lái, Q.2, TP Hồ Chí Minh', 2, 2, 6, 1),
	('J821012739', NULL, '', 2, NULL, NULL, 1),
	('J821012740', NULL, '', 2, NULL, NULL, 1),
	('J821012741', NULL, 'ATM BV 30/4, Số 09 Sư Vạn Hạnh, Phường 9, Quận 5', 2, 2, 6, 1);
/*!40000 ALTER TABLE `atm` ENABLE KEYS */;

-- Dumping structure for table atmservice.bank
CREATE TABLE IF NOT EXISTS `bank` (
  `id` bigint(20) NOT NULL AUTO_INCREMENT,
  `name` varchar(255) NOT NULL,
  PRIMARY KEY (`id`)
) ENGINE=InnoDB AUTO_INCREMENT=4 DEFAULT CHARSET=utf8mb4;

-- Dumping data for table atmservice.bank: ~2 rows (approximately)
/*!40000 ALTER TABLE `bank` DISABLE KEYS */;
INSERT INTO `bank` (`id`, `name`) VALUES
	(1, 'Ngân hàng thương mại cổ phần Quân đội - MBBank'),
	(2, 'Ngân hàng Nông nghiệp và Phát triển nông thôn - Agribank'),
	(3, 'Ngân hàng liên doanh Việt Nga - VRB');
/*!40000 ALTER TABLE `bank` ENABLE KEYS */;

-- Dumping structure for table atmservice.contract
CREATE TABLE IF NOT EXISTS `contract` (
  `id` bigint(8) NOT NULL AUTO_INCREMENT,
  `name` varchar(255) NOT NULL,
  `bank_id` bigint(20) NOT NULL,
  `start_time` datetime DEFAULT NULL,
  `end_time` datetime DEFAULT NULL,
  `status` tinyint(1) NOT NULL,
  `maintenance_cycle` int(11) NOT NULL,
  `type` tinyint(4) NOT NULL,
  PRIMARY KEY (`id`),
  KEY `fk_bank_idx` (`bank_id`),
  CONSTRAINT `fk_bank` FOREIGN KEY (`bank_id`) REFERENCES `bank` (`id`) ON DELETE NO ACTION ON UPDATE NO ACTION
) ENGINE=InnoDB AUTO_INCREMENT=16 DEFAULT CHARSET=utf8mb4;

-- Dumping data for table atmservice.contract: ~14 rows (approximately)
/*!40000 ALTER TABLE `contract` DISABLE KEYS */;
INSERT INTO `contract` (`id`, `name`, `bank_id`, `start_time`, `end_time`, `status`, `maintenance_cycle`, `type`) VALUES
	(1, 'Hợp đồng số 86/Agribank-MITEC/Baotri ATM-2019', 2, '2019-12-01 00:00:00', '2022-12-30 00:00:00', 1, 3, 2),
	(2, 'Đơn đặt hàng số 03 ký ngày 09/03/2020', 1, '2021-09-10 00:00:00', '2022-09-09 00:00:00', 1, 12, 2),
	(4, 'Hợp đồng bảo trì ATM số 02', 1, '2021-04-01 00:00:00', '2024-03-31 00:00:00', 1, 6, 2),
	(5, 'Hợp đồng số 56/Agribank-MITEC/Baotri ATM-2020', 2, '2020-09-02 00:00:00', '2021-09-01 00:00:00', 1, 3, 2),
	(6, 'Hợp đồng cung cấp 61', 2, NULL, NULL, 1, 3, 2),
	(7, 'Hợp đồng số 02 ký ngày 17/02/2021', 1, '2021-02-17 00:00:00', '2022-02-16 00:00:00', 1, 12, 2),
	(8, 'Hợp đồng bảo trì số 02', 1, '2021-04-01 00:00:00', '2024-03-31 00:00:00', 1, 6, 2),
	(9, 'Hợp đồng số 01 ký ngày 12/08/2020', 1, '2021-12-21 00:00:00', '2022-12-20 00:00:00', 1, 12, 2),
	(10, 'Hợp đồng bảo trì số 01', 1, '2021-03-01 00:00:00', '2024-02-29 00:00:00', 1, 6, 2),
	(11, 'Hợp đồng số 03 ký ngày 01/03/2021', 1, '2021-03-01 00:00:00', '2021-02-28 00:00:00', 1, 12, 2),
	(12, 'Hợp đồng số 56/Agribank-MITEC/Baotri ATM-2021', 2, '2021-09-06 00:00:00', '2024-09-07 00:00:00', 1, 6, 2),
	(13, '2021.03/AGRIBANKBACNINH-MITEC', 2, '2021-09-06 00:00:00', NULL, 1, 3, 1);
/*!40000 ALTER TABLE `contract` ENABLE KEYS */;

-- Dumping structure for table atmservice.contract_atm
CREATE TABLE IF NOT EXISTS `contract_atm` (
  `id` bigint(20) NOT NULL AUTO_INCREMENT,
  `contract_id` bigint(20) NOT NULL,
  `serial_number` varchar(50) NOT NULL,
  `order_number` int(11) DEFAULT NULL,
  PRIMARY KEY (`id`),
  KEY `fk_contract_idx` (`contract_id`),
  KEY `fk_atm_idx` (`serial_number`),
  CONSTRAINT `fk_atm` FOREIGN KEY (`serial_number`) REFERENCES `atm` (`serial_number`) ON DELETE NO ACTION ON UPDATE NO ACTION,
  CONSTRAINT `fk_contract_2` FOREIGN KEY (`contract_id`) REFERENCES `contract` (`id`) ON DELETE NO ACTION ON UPDATE NO ACTION
) ENGINE=InnoDB AUTO_INCREMENT=1201 DEFAULT CHARSET=utf8mb4;

-- Dumping data for table atmservice.contract_atm: ~994 rows (approximately)
/*!40000 ALTER TABLE `contract_atm` DISABLE KEYS */;
INSERT INTO `contract_atm` (`id`, `contract_id`, `serial_number`, `order_number`) VALUES
	(1, 1, '5310107343', 37),
	(2, 6, '5310180860', NULL),
	(3, 11, 'J821012722', NULL),
	(4, 11, 'J821012721', NULL),
	(5, 11, 'J821012724', NULL),
	(6, 11, 'J821012725', NULL),
	(7, 11, 'J821012728', NULL),
	(8, 11, 'J821012727', NULL),
	(9, 6, '5310180626', NULL),
	(10, 11, 'J821012729', NULL),
	(11, 1, '5310107346', 60),
	(12, 10, '56HG805405', NULL),
	(13, 10, '56HG805404', NULL),
	(14, 10, '56HG805403', NULL),
	(15, 11, 'J821012712', NULL),
	(16, 5, '5300378945', NULL),
	(17, 10, '56HG805402', NULL),
	(18, 10, '56HG805401', NULL),
	(19, 11, 'J821012714', NULL),
	(20, 10, '56HG805400', NULL),
	(21, 6, '5310180613', NULL),
	(22, 11, 'J821012717', NULL),
	(23, 11, 'J821012718', NULL),
	(24, 6, '5310180619', NULL),
	(25, 11, 'J821012702', NULL),
	(26, 5, '5300378934', NULL),
	(27, 11, 'J821012704', NULL),
	(28, 11, 'J821012703', NULL),
	(29, 11, 'J821012706', NULL),
	(30, 6, '5310180603', NULL),
	(31, 11, 'J821012708', NULL),
	(32, 1, '5310107327', 51),
	(33, 6, '5310181936', NULL),
	(34, 11, 'J821012707', NULL),
	(35, 11, 'J821012709', NULL),
	(36, 6, '5310180842', NULL),
	(37, 1, '5310107313', 7),
	(38, 6, '5310180832', NULL),
	(39, 5, '5300378514', NULL),
	(40, 5, '5300378512', NULL),
	(41, 1, '5310107143', 29),
	(42, 5, '5300378518', NULL),
	(43, 1, '5310107147', 6),
	(44, 1, '5310107122', 24),
	(45, 10, '56HG806309', NULL),
	(46, 10, '56HG806308', NULL),
	(47, 10, '56HG806307', NULL),
	(48, 10, '56HG806306', NULL),
	(49, 1, '5310107361', 12),
	(50, 10, '56HG806305', NULL),
	(51, 10, '56HG806304', NULL),
	(52, 10, '56HG806303', NULL),
	(53, 10, '56HG806302', NULL),
	(54, 6, '5310180800', NULL),
	(55, 10, '56HG806301', NULL),
	(56, 10, '56HG806300', NULL),
	(57, 6, '5310180806', NULL),
	(58, 10, '56HG806319', NULL),
	(59, 10, '56HG806318', NULL),
	(60, 10, '56HG806317', NULL),
	(61, 1, '5310107350', 40),
	(62, 10, '56HG806316', NULL),
	(63, 10, '56HG806315', NULL),
	(64, 10, '56HG806314', NULL),
	(65, 10, '56HG806313', NULL),
	(66, 10, '56HG806312', NULL),
	(67, 10, '56HG806311', NULL),
	(68, 10, '56HG806310', NULL),
	(69, 1, '5310106099', 57),
	(70, 6, '5310181552', NULL),
	(71, 6, '5310182640', NULL),
	(72, 6, '5310181317', NULL),
	(73, 6, '5310182407', NULL),
	(74, 6, '5310182648', NULL),
	(75, 5, '5300380631', NULL),
	(76, 2, 'J821002763', NULL),
	(77, 2, 'J821002762', NULL),
	(78, 6, '5310182886', NULL),
	(79, 6, '5310182646', NULL),
	(80, 2, 'J821002767', NULL),
	(81, 2, 'J821003616', NULL),
	(82, 2, 'J821002766', NULL),
	(83, 2, 'J821002765', NULL),
	(84, 2, 'J821002764', NULL),
	(85, 2, 'J821002769', NULL),
	(86, 2, 'J821002768', NULL),
	(87, 1, '5310106091', 33),
	(88, 5, '5300378321', NULL),
	(89, 5, '5300378564', NULL),
	(90, 5, '5300378547', NULL),
	(91, 6, '5310182871', NULL),
	(92, 5, '5300378303', NULL),
	(93, 5, '5300381717', NULL),
	(94, 6, '5310181300', NULL),
	(95, 6, '5310182874', NULL),
	(96, 5, '5300378309', NULL),
	(97, 5, '5300380622', NULL),
	(98, 5, '5300381712', NULL),
	(99, 6, '5310180692', NULL),
	(100, 6, '5310180698', NULL),
	(101, 5, '5300378551', NULL),
	(102, 5, '5300378554', NULL),
	(103, 5, '5300381704', NULL),
	(104, 1, '5310107167', 50),
	(105, 6, '5310180683', NULL),
	(106, 5, '5300378535', NULL),
	(107, 1, '5310106076', 14),
	(108, 6, '5310181532', NULL),
	(109, 5, '5300381701', NULL),
	(110, 6, '5310182628', NULL),
	(111, 6, '5310182864', NULL),
	(112, 6, '5310182867', NULL),
	(113, 6, '5310181535', NULL),
	(114, 5, '5300380600', NULL),
	(115, 5, '5300378528', NULL),
	(116, 6, '5310180670', NULL),
	(117, 6, '5310181524', NULL),
	(118, 6, '5310180677', NULL),
	(119, 5, '5300380609', NULL),
	(120, 5, '5300381528', NULL),
	(121, 5, '5300380438', NULL),
	(122, 5, '5300381769', NULL),
	(123, 6, '5310180661', NULL),
	(124, 5, '5300379205', NULL),
	(125, 5, '5300381766', NULL),
	(126, 5, '5300380678', NULL),
	(127, 5, '5300381762', NULL),
	(128, 1, '5310105800', 2),
	(129, 6, '5310181516', NULL),
	(130, 6, '5310182609', NULL),
	(131, 5, '5300379210', NULL),
	(132, 5, '5300379211', NULL),
	(133, 5, '5300380669', NULL),
	(134, 5, '5300378347', NULL),
	(135, 5, '5300381518', NULL),
	(136, 6, '5310180894', NULL),
	(137, 5, '5300381513', NULL),
	(138, 5, '5300380665', NULL),
	(139, 5, '5300381755', NULL),
	(140, 5, '5300380420', NULL),
	(141, 6, '5310181747', NULL),
	(142, 5, '5300378595', NULL),
	(143, 5, '5300379204', NULL),
	(144, 5, '5300379201', NULL),
	(145, 5, '5300380659', NULL),
	(146, 5, '5300381749', NULL),
	(147, 6, '5310180883', NULL),
	(148, 5, '5300380412', NULL),
	(149, 5, '5300380894', NULL),
	(150, 5, '5300381741', NULL),
	(151, 6, '5310180645', NULL),
	(152, 5, '5300378584', NULL),
	(153, 11, 'J821012740', NULL),
	(154, 5, '5300378586', NULL),
	(155, 5, '5300380647', NULL),
	(156, 1, '5310107199', 45),
	(157, 11, 'J821012731', NULL),
	(158, 5, '5300380406', NULL),
	(159, 11, 'J821012733', NULL),
	(160, 5, '5300381738', NULL),
	(161, 11, 'J821012732', NULL),
	(162, 11, 'J821012735', NULL),
	(163, 5, '5300380885', NULL),
	(164, 11, 'J821012734', NULL),
	(165, 11, 'J821012737', NULL),
	(166, 11, 'J821012736', NULL),
	(167, 11, 'J821012739', NULL),
	(168, 6, '5310180878', NULL),
	(169, 5, '5300380884', NULL),
	(170, 5, '5300380642', NULL),
	(171, 6, '5310180639', NULL),
	(172, 6, '5310182817', NULL),
	(173, 5, '5300378331', NULL),
	(174, 6, '5310182486', NULL),
	(175, 6, '5310181153', NULL),
	(176, 9, 'J821006600', NULL),
	(177, 5, '5300380476', NULL),
	(178, 9, 'J821006602', NULL),
	(179, 9, 'J821006601', NULL),
	(180, 9, 'J821006604', NULL),
	(181, 5, '5300379251', NULL),
	(182, 9, 'J821006603', NULL),
	(183, 6, '5310182491', NULL),
	(184, 5, '5300378149', NULL),
	(185, 6, '5310181146', NULL),
	(186, 6, '5310181383', NULL),
	(187, 5, '5300381795', NULL),
	(188, 1, '5310105833', 30),
	(189, 10, '56HG806299', NULL),
	(190, 5, '5300381791', NULL),
	(191, 5, '5300380461', NULL),
	(192, 5, '5300378154', NULL),
	(193, 6, '5310182480', NULL),
	(194, 5, '5300381788', NULL),
	(195, 6, '5310181373', NULL),
	(196, 5, '5300381785', NULL),
	(197, 6, '5310181379', NULL),
	(198, 6, '5310182468', NULL),
	(199, 1, '5310105816', 1),
	(200, 5, '5300380208', NULL),
	(201, 5, '5300379219', NULL),
	(202, 6, '5310181123', NULL),
	(203, 6, '5310181366', NULL),
	(204, 5, '5300380445', NULL),
	(205, 5, '5300381778', NULL),
	(206, 5, '5300380685', NULL),
	(207, 6, '5310183305', NULL),
	(208, 6, '5310182457', NULL),
	(209, 6, '5310181595', NULL),
	(210, 6, '5310182442', NULL),
	(211, 6, '5310181356', NULL),
	(212, 6, '5310181592', NULL),
	(213, 6, '5310181350', NULL),
	(214, 6, '5310182682', NULL),
	(215, 5, '5300380278', NULL),
	(216, 6, '5310182448', NULL),
	(217, 5, '5300380282', NULL),
	(218, 1, '5310106969', 25),
	(219, 6, '5310182690', NULL),
	(220, 5, '5300379058', NULL),
	(221, 6, '5310181342', NULL),
	(222, 6, '5310181101', NULL),
	(223, 6, '5310182676', NULL),
	(224, 5, '5300380027', NULL),
	(225, 6, '5310181109', NULL),
	(226, 5, '5300380267', NULL),
	(227, 5, '5300378191', NULL),
	(228, 5, '5300380271', NULL),
	(229, 1, '5310105869', 19),
	(230, 6, '5310181590', NULL),
	(231, 6, '5310181332', NULL),
	(232, 5, '5300380019', NULL),
	(233, 6, '5310182429', NULL),
	(234, 6, '5310181577', NULL),
	(235, 6, '5310182424', NULL),
	(236, 6, '5310182666', NULL),
	(237, 1, '5310105856', 34),
	(238, 1, '5310106946', 27),
	(239, 6, '5310181322', NULL),
	(240, 11, 'J821012699', NULL),
	(241, 5, '5300380006', NULL),
	(242, 6, '5310181560', NULL),
	(243, 6, '5310181566', NULL),
	(244, 5, '5300380483', NULL),
	(245, 6, '5310182416', NULL),
	(246, 5, '5300378177', NULL),
	(247, 11, 'J821012692', NULL),
	(248, 6, '5310180904', NULL),
	(249, 5, '5300380063', NULL),
	(250, 10, '56HGL00301', NULL),
	(251, 10, '56HGL00302', NULL),
	(252, 10, '56HGL00300', NULL),
	(253, 1, '5310106996', 59),
	(254, 5, '5300380053', NULL),
	(255, 5, '5300380297', NULL),
	(256, 5, '5300379072', NULL),
	(257, 10, '56HG805389', NULL),
	(258, 10, '56HG805388', NULL),
	(259, 5, '5300380289', NULL),
	(260, 10, '56HG805387', NULL),
	(261, 10, '56HG805386', NULL),
	(262, 5, '5300380043', NULL),
	(263, 5, '5300380293', NULL),
	(264, 5, '5300377942', NULL),
	(265, 1, '5310105484', 21),
	(266, 10, '56HG805399', NULL),
	(267, 10, '56HG805398', NULL),
	(268, 10, '56HG805397', NULL),
	(269, 10, '56HG805396', NULL),
	(270, 10, '56HG805395', NULL),
	(271, 6, '5310183139', NULL),
	(272, 10, '56HG805394', NULL),
	(273, 10, '56HG805393', NULL),
	(274, 10, '56HG805392', NULL),
	(275, 10, '56HG805391', NULL),
	(276, 10, '56HG805390', NULL),
	(277, 6, '5310181189', NULL),
	(278, 5, '5300377933', NULL),
	(279, 6, '5310181193', NULL),
	(280, 5, '5300377924', NULL),
	(281, 6, '5310181173', NULL),
	(282, 1, '5310105466', 53),
	(283, 6, '5310181181', NULL),
	(284, 1, '5310107221', 17),
	(285, 6, '5310180980', NULL),
	(286, 1, '5310107229', 10),
	(287, 6, '5310180987', NULL),
	(288, 1, '5310107227', 20),
	(289, 1, '5310107225', 8),
	(290, 1, '5310106134', 56),
	(291, 6, '5310182921', NULL),
	(292, 5, '5300378840', NULL),
	(293, 5, '5300380915', NULL),
	(294, 5, '5300378821', NULL),
	(295, 5, '5300378825', NULL),
	(296, 5, '5300378829', NULL),
	(297, 6, '5310180737', NULL),
	(298, 6, '5310180972', NULL),
	(299, 1, '5310106126', 13),
	(300, 5, '5300380907', NULL),
	(301, 5, '5300377965', NULL),
	(302, 6, '5310182902', NULL),
	(303, 1, '5310106119', 54),
	(304, 1, '5310107206', 42),
	(305, 6, '5310180720', NULL),
	(306, 1, '5310106109', 3),
	(307, 5, '5300377957', NULL),
	(308, 5, '5300378805', NULL),
	(309, 5, '5300378809', NULL),
	(310, 1, '5310106103', 4),
	(311, 6, '5310180711', NULL),
	(312, 6, '5310181805', NULL),
	(313, 6, '5310180718', NULL),
	(314, 1, '5310106175', 43),
	(315, 5, '5300381801', NULL),
	(316, 1, '5310107028', 18),
	(317, 6, '5310180706', NULL),
	(318, 6, '5310180949', NULL),
	(319, 5, '5300378643', NULL),
	(320, 5, '5300378885', NULL),
	(321, 5, '5300381809', NULL),
	(322, 5, '5300378866', NULL),
	(323, 1, '5310106165', 52),
	(324, 9, 'J821006592', NULL),
	(325, 5, '5300379955', NULL),
	(326, 9, 'J821006591', NULL),
	(327, 1, '5310106163', 44),
	(328, 9, 'J821006594', NULL),
	(329, 9, 'J821006593', NULL),
	(330, 9, 'J821006590', NULL),
	(331, 9, 'J821006599', NULL),
	(332, 1, '5310107258', 38),
	(333, 9, 'J821006596', NULL),
	(334, 9, 'J821006595', NULL),
	(335, 9, 'J821006598', NULL),
	(336, 1, '5310107015', 41),
	(337, 9, 'J821006597', NULL),
	(338, 5, '5300378631', NULL),
	(339, 5, '5300378871', NULL),
	(340, 5, '5300378613', NULL),
	(341, 9, 'J821006581', NULL),
	(342, 9, 'J821006580', NULL),
	(343, 9, 'J821006583', NULL),
	(344, 9, 'J821006582', NULL),
	(345, 5, '5300378859', NULL),
	(346, 9, 'J821006589', NULL),
	(347, 9, 'J821006588', NULL),
	(348, 9, 'J821006585', NULL),
	(349, 9, 'J821006584', NULL),
	(350, 9, 'J821006587', NULL),
	(351, 9, 'J821006586', NULL),
	(352, 6, '5310180920', NULL),
	(353, 6, '5310180929', NULL),
	(354, 5, '5300380938', NULL),
	(355, 5, '5300378844', NULL),
	(356, 5, '5300379933', NULL),
	(357, 1, '5310106144', 32),
	(358, 5, '5300380920', NULL),
	(359, 9, 'J821006578', NULL),
	(360, 9, 'J821006577', NULL),
	(361, 1, '5310107238', 15),
	(362, 9, 'J821006579', NULL),
	(363, 1, '5310106147', 22),
	(364, 9, 'J821006576', NULL),
	(365, 9, 'J821006575', NULL),
	(366, 6, '5310180916', NULL),
	(367, 5, '5300378851', NULL),
	(368, 5, '5300380928', NULL),
	(369, 5, '5300380757', NULL),
	(370, 6, '5310181673', NULL),
	(371, 6, '5310181675', NULL),
	(372, 1, '5310107064', 39),
	(373, 5, '5300380510', NULL),
	(374, 6, '5310182525', NULL),
	(375, 11, 'J821012681', NULL),
	(376, 11, 'J821012680', NULL),
	(377, 11, 'J821012683', NULL),
	(378, 5, '5300378203', NULL),
	(379, 11, 'J821012682', NULL),
	(380, 5, '5300380747', NULL),
	(381, 6, '5310180574', NULL),
	(382, 11, 'J821012677', NULL),
	(383, 5, '5300380743', NULL),
	(384, 5, '5300380502', NULL),
	(385, 1, '5310107050', 49),
	(386, 6, '5310181660', NULL),
	(387, 6, '5310181429', NULL),
	(388, 6, '5310182754', NULL),
	(389, 6, '5310180577', NULL),
	(390, 6, '5310182998', NULL),
	(391, 1, '5310107291', 58),
	(392, 11, 'J821012673', NULL),
	(393, 6, '5310181652', NULL),
	(394, 6, '5310182742', NULL),
	(395, 5, '5300378419', NULL),
	(396, 1, '5310106194', 48),
	(397, 6, '5310181655', NULL),
	(398, 6, '5310182501', NULL),
	(399, 1, '5310107047', 36),
	(400, 6, '5310182988', NULL),
	(401, 6, '5310181415', NULL),
	(402, 6, '5310182509', NULL),
	(403, 5, '5300379996', NULL),
	(404, 5, '5300379978', NULL),
	(405, 5, '5300381813', NULL),
	(406, 5, '5300378405', NULL),
	(407, 6, '5310182970', NULL),
	(408, 1, '5310106185', 55),
	(409, 6, '5310180553', NULL),
	(410, 5, '5300381810', NULL),
	(411, 6, '5310180790', NULL),
	(412, 6, '5310181647', NULL),
	(413, 6, '5310181643', NULL),
	(414, 6, '5310181401', NULL),
	(415, 1, '5310107039', 9),
	(416, 1, '5310107036', 16),
	(417, 6, '5310181409', NULL),
	(418, 5, '5300378895', NULL),
	(419, 5, '5300378410', NULL),
	(420, 5, '5300380318', NULL),
	(421, 6, '5310182720', NULL),
	(422, 5, '5300381645', NULL),
	(423, 5, '5300380314', NULL),
	(424, 5, '5300380310', NULL),
	(425, 6, '5310181637', NULL),
	(426, 6, '5310182728', NULL),
	(427, 6, '5310180785', NULL),
	(428, 6, '5310181876', NULL),
	(429, 5, '5300380550', NULL),
	(430, 5, '5300378000', NULL),
	(431, 5, '5300377156', NULL),
	(432, 5, '5300380305', NULL),
	(433, 6, '5310180779', NULL),
	(434, 6, '5310182954', NULL),
	(435, 6, '5310181629', NULL),
	(436, 1, '5310105901', 5),
	(437, 5, '5300378231', NULL),
	(438, 1, '5310105909', 35),
	(439, 5, '5300381628', NULL),
	(440, 5, '5300381623', NULL),
	(441, 5, '5300380536', NULL),
	(442, 5, '5300380530', NULL),
	(443, 5, '5300380773', NULL),
	(444, 6, '5310181617', NULL),
	(445, 6, '5310182944', NULL),
	(446, 6, '5310182702', NULL),
	(447, 6, '5310181613', NULL),
	(448, 6, '5310180766', NULL),
	(449, 5, '5300381616', NULL),
	(450, 6, '5310180750', NULL),
	(451, 5, '5300380763', NULL),
	(452, 5, '5300380520', NULL),
	(453, 6, '5310180996', NULL),
	(454, 6, '5310181601', NULL),
	(455, 6, '5310180755', NULL),
	(456, 10, '56HGL00280', NULL),
	(457, 10, '56HGL00281', NULL),
	(458, 6, '5310182365', NULL),
	(459, 5, '5300380358', NULL),
	(460, 6, '5310181033', NULL),
	(461, 5, '5300380354', NULL),
	(462, 5, '5300380596', NULL),
	(463, 5, '5300380351', NULL),
	(464, 5, '5300381683', NULL),
	(465, 10, '56HGL03549', NULL),
	(466, 10, '56HGL03548', NULL),
	(467, 10, '56HGL00279', NULL),
	(468, 10, '56HGL03547', NULL),
	(469, 5, '5300378281', NULL),
	(470, 10, '56HGL03546', NULL),
	(471, 10, '56HGL00277', NULL),
	(472, 10, '56HGL03545', NULL),
	(473, 10, '56HGL00278', NULL),
	(474, 10, '56HGL03544', NULL),
	(475, 10, '56HGL00275', NULL),
	(476, 10, '56HGL03543', NULL),
	(477, 6, '5310181281', NULL),
	(478, 10, '56HGL00276', NULL),
	(479, 10, '56HGL03542', NULL),
	(480, 10, '56HGL00273', NULL),
	(481, 10, '56HGL03541', NULL),
	(482, 10, '56HGL00274', NULL),
	(483, 10, '56HGL03540', NULL),
	(484, 10, '56HGL00271', NULL),
	(485, 10, '56HGL00272', NULL),
	(486, 6, '5310181265', NULL),
	(487, 10, '56HGL00270', NULL),
	(488, 6, '5310182357', NULL),
	(489, 6, '5310182599', NULL),
	(490, 6, '5310181268', NULL),
	(491, 5, '5300380347', NULL),
	(492, 5, '5300380587', NULL),
	(493, 5, '5300380340', NULL),
	(494, 6, '5310181029', NULL),
	(495, 10, '56HGL03539', NULL),
	(496, 10, '56HGL03538', NULL),
	(497, 10, '56HGL03537', NULL),
	(498, 10, '56HGL03536', NULL),
	(499, 5, '5300377181', NULL),
	(500, 10, '56HGL00269', NULL),
	(501, 10, '56HGL03535', NULL),
	(502, 10, '56HGL03534', NULL),
	(503, 5, '5300378276', NULL),
	(504, 10, '56HGL03533', NULL),
	(505, 5, '5300378031', NULL),
	(506, 5, '5300378273', NULL),
	(507, 10, '56HGL03532', NULL),
	(508, 10, '56HGL03531', NULL),
	(509, 10, '56HGL03530', NULL),
	(510, 5, '5300377188', NULL),
	(511, 6, '5310181014', NULL),
	(512, 6, '5310181256', NULL),
	(513, 5, '5300381666', NULL),
	(514, 5, '5300380578', NULL),
	(515, 6, '5310181493', NULL),
	(516, 5, '5300381669', NULL),
	(517, 5, '5300380332', NULL),
	(518, 6, '5310182349', NULL),
	(519, 8, '56HG707991', NULL),
	(520, 10, '56HGL00299', NULL),
	(521, 8, '56HG707990', NULL),
	(522, 10, '56HGL00297', NULL),
	(523, 10, '56HGL00298', NULL),
	(524, 6, '5310182590', NULL),
	(525, 5, '5300378026', NULL),
	(526, 10, '56HGL00295', NULL),
	(527, 10, '56HGL00296', NULL),
	(528, 5, '5300378266', NULL),
	(529, 10, '56HGL00293', NULL),
	(530, 8, '56HG707992', NULL),
	(531, 10, '56HGL00294', NULL),
	(532, 10, '56HGL00291', NULL),
	(533, 6, '5310181485', NULL),
	(534, 10, '56HGL00292', NULL),
	(535, 5, '5300378007', NULL),
	(536, 10, '56HGL00290', NULL),
	(537, 6, '5310181004', NULL),
	(538, 5, '5300381656', NULL),
	(539, 6, '5310181481', NULL),
	(540, 5, '5300380326', NULL),
	(541, 5, '5300380568', NULL),
	(542, 6, '5310181241', NULL),
	(543, 5, '5300380327', NULL),
	(544, 5, '5300380564', NULL),
	(545, 5, '5300380322', NULL),
	(546, 8, '56HG707988', NULL),
	(547, 8, '56HG707987', NULL),
	(548, 8, '56HG707986', NULL),
	(549, 8, '56HG707985', NULL),
	(550, 8, '56HG707989', NULL),
	(551, 8, '56HG707980', NULL),
	(552, 10, '56HGL00288', NULL),
	(553, 5, '5300378254', NULL),
	(554, 10, '56HGL00289', NULL),
	(555, 5, '5300377162', NULL),
	(556, 10, '56HGL00286', NULL),
	(557, 10, '56HGL00287', NULL),
	(558, 10, '56HGL03553', NULL),
	(559, 5, '5300377168', NULL),
	(560, 5, '5300378257', NULL),
	(561, 8, '56HG707984', NULL),
	(562, 10, '56HGL00284', NULL),
	(563, 10, '56HGL03552', NULL),
	(564, 5, '5300378016', NULL),
	(565, 8, '56HG707983', NULL),
	(566, 10, '56HGL00285', NULL),
	(567, 10, '56HGL03551', NULL),
	(568, 8, '56HG707982', NULL),
	(569, 10, '56HGL00282', NULL),
	(570, 10, '56HGL03550', NULL),
	(571, 8, '56HG707981', NULL),
	(572, 10, '56HGL00283', NULL),
	(573, 6, '5310182322', NULL),
	(574, 6, '5310181235', NULL),
	(575, 6, '5310182560', NULL),
	(576, 5, '5300380399', NULL),
	(577, 6, '5310182568', NULL),
	(578, 5, '5300380395', NULL),
	(579, 6, '5310181464', NULL),
	(580, 6, '5310181223', NULL),
	(581, 5, '5300381479', NULL),
	(582, 6, '5310182550', NULL),
	(583, 5, '5300380387', NULL),
	(584, 6, '5310182799', NULL),
	(585, 5, '5300380383', NULL),
	(586, 6, '5310181226', NULL),
	(587, 5, '5300380391', NULL),
	(588, 5, '5300380379', NULL),
	(589, 6, '5310181451', NULL),
	(590, 6, '5310182781', NULL),
	(591, 2, 'J821002780', NULL),
	(592, 5, '5300380374', NULL),
	(593, 5, '5300381470', NULL),
	(594, 6, '5310182530', NULL),
	(595, 6, '5310180595', NULL),
	(596, 6, '5310180591', NULL),
	(597, 6, '5310182771', NULL),
	(598, 5, '5300381459', NULL),
	(599, 2, 'J821002770', NULL),
	(600, 5, '5300380366', NULL),
	(601, 2, 'J821002774', NULL),
	(602, 2, 'J821002773', NULL),
	(603, 6, '5310181204', NULL),
	(604, 6, '5310181446', NULL),
	(605, 5, '5300380362', NULL),
	(606, 2, 'J821002772', NULL),
	(607, 2, 'J821002771', NULL),
	(608, 2, 'J821002778', NULL),
	(609, 5, '5300378290', NULL),
	(610, 2, 'J821002777', NULL),
	(611, 2, 'J821002776', NULL),
	(612, 2, 'J821002775', NULL),
	(613, 5, '5300378293', NULL),
	(614, 2, 'J821002779', NULL),
	(615, 5, '5300378298', NULL),
	(616, 8, '56HG707933', NULL),
	(617, 8, '56HG707932', NULL),
	(618, 8, '56HG707931', NULL),
	(619, 8, '56HG707930', NULL),
	(620, 8, '56HG707937', NULL),
	(621, 1, '5310105317', 31),
	(622, 8, '56HG707936', NULL),
	(623, 8, '56HG707935', NULL),
	(624, 8, '56HG707934', NULL),
	(625, 6, '5310183047', NULL),
	(626, 1, '5310105311', 47),
	(627, 10, '56HG806320', NULL),
	(628, 10, '56HG806321', NULL),
	(629, 10, '56HG806322', NULL),
	(630, 10, '56HG806323', NULL),
	(631, 10, '56HG806324', NULL),
	(632, 5, '5300379198', NULL),
	(633, 6, '5310183028', NULL),
	(634, 6, '5310181086', NULL),
	(635, 5, '5300381498', NULL),
	(636, 5, '5300381493', NULL),
	(637, 6, '5310181092', NULL),
	(638, 5, '5300378911', NULL),
	(639, 6, '5310181077', NULL),
	(640, 5, '5300378916', NULL),
	(641, 1, '5310107302', 11),
	(642, 8, '56HG707977', NULL),
	(643, 10, '56HGL03509', NULL),
	(644, 8, '56HG707976', NULL),
	(645, 10, '56HGL03508', NULL),
	(646, 8, '56HG707975', NULL),
	(647, 10, '56HGL03507', NULL),
	(648, 8, '56HG707974', NULL),
	(649, 10, '56HGL03506', NULL),
	(650, 10, '56HGL03505', NULL),
	(651, 10, '56HGL03504', NULL),
	(652, 8, '56HG707979', NULL),
	(653, 10, '56HGL03503', NULL),
	(654, 8, '56HG707978', NULL),
	(655, 8, '56HG707973', NULL),
	(656, 8, '56HG707972', NULL),
	(657, 8, '56HG707971', NULL),
	(658, 8, '56HG707970', NULL),
	(659, 6, '5310183246', NULL),
	(660, 6, '5310181067', NULL),
	(661, 6, '5310183245', NULL),
	(662, 5, '5300378904', NULL),
	(663, 6, '5310183241', NULL),
	(664, 6, '5310183244', NULL),
	(665, 6, '5310183243', NULL),
	(666, 1, '5310105354', 46),
	(667, 6, '5310183008', NULL),
	(668, 8, '56HG707966', NULL),
	(669, 8, '56HG707965', NULL),
	(670, 8, '56HG707964', NULL),
	(671, 8, '56HG707963', NULL),
	(672, 8, '56HG707969', NULL),
	(673, 8, '56HG707968', NULL),
	(674, 8, '56HG707967', NULL),
	(675, 8, '56HG707962', NULL),
	(676, 8, '56HG707961', NULL),
	(677, 8, '56HG707960', NULL),
	(678, 6, '5310183235', NULL),
	(679, 6, '5310183234', NULL),
	(680, 6, '5310181058', NULL),
	(681, 6, '5310183231', NULL),
	(682, 6, '5310183233', NULL),
	(683, 6, '5310182385', NULL),
	(684, 1, '5310105348', 23),
	(685, 8, '56HG707949', NULL),
	(686, 6, '5310183239', NULL),
	(687, 6, '5310183238', NULL),
	(688, 8, '56HG707955', NULL),
	(689, 8, '56HG707954', NULL),
	(690, 8, '56HG707953', NULL),
	(691, 10, '56HGL03529', NULL),
	(692, 8, '56HG707952', NULL),
	(693, 10, '56HGL03528', NULL),
	(694, 8, '56HG707959', NULL),
	(695, 10, '56HGL03527', NULL),
	(696, 1, '5310105339', 28),
	(697, 8, '56HG707958', NULL),
	(698, 10, '56HGL03526', NULL),
	(699, 8, '56HG707957', NULL),
	(700, 10, '56HGL03525', NULL),
	(701, 8, '56HG707956', NULL),
	(702, 10, '56HGL03524', NULL),
	(703, 10, '56HGL03523', NULL),
	(704, 10, '56HGL03522', NULL),
	(705, 10, '56HGL03521', NULL),
	(706, 6, '5310183240', NULL),
	(707, 6, '5310182393', NULL),
	(708, 10, '56HGL03520', NULL),
	(709, 6, '5310182150', NULL),
	(710, 8, '56HG707951', NULL),
	(711, 8, '56HG707950', NULL),
	(712, 6, '5310181046', NULL),
	(713, 6, '5310182376', NULL),
	(714, 6, '5310183225', NULL),
	(715, 6, '5310181044', NULL),
	(716, 8, '56HG707939', NULL),
	(717, 8, '56HG707938', NULL),
	(718, 6, '5310183227', NULL),
	(719, 1, '5310105333', 26),
	(720, 6, '5310183229', NULL),
	(721, 8, '56HG707944', NULL),
	(722, 8, '56HG707943', NULL),
	(723, 10, '56HGL03519', NULL),
	(724, 8, '56HG707942', NULL),
	(725, 10, '56HGL03518', NULL),
	(726, 8, '56HG707941', NULL),
	(727, 10, '56HGL03517', NULL),
	(728, 8, '56HG707948', NULL),
	(729, 10, '56HGL03516', NULL),
	(730, 8, '56HG707947', NULL),
	(731, 10, '56HGL03515', NULL),
	(732, 8, '56HG707946', NULL),
	(733, 10, '56HGL03514', NULL),
	(734, 8, '56HG707945', NULL),
	(735, 10, '56HGL03513', NULL),
	(736, 10, '56HGL03512', NULL),
	(737, 10, '56HGL03511', NULL),
	(738, 10, '56HGL03510', NULL),
	(739, 8, '56HG707940', NULL),
	(740, 7, 'J821012672', NULL),
	(741, 7, 'J821012674', NULL),
	(742, 7, 'J821012675', NULL),
	(743, 7, 'J821012676', NULL),
	(744, 7, 'J821012678', NULL),
	(745, 7, 'J821012679', NULL),
	(746, 7, 'J821012684', NULL),
	(747, 7, 'J821012685', NULL),
	(748, 7, 'J821012686', NULL),
	(749, 7, 'J821012687', NULL),
	(750, 7, 'J821012688', NULL),
	(751, 7, 'J821012689', NULL),
	(752, 7, 'J821012690', NULL),
	(753, 7, 'J821012691', NULL),
	(754, 7, 'J821012693', NULL),
	(755, 7, 'J821012694', NULL),
	(756, 7, 'J821012695', NULL),
	(757, 7, 'J821012696', NULL),
	(758, 7, 'J821012697', NULL),
	(759, 7, 'J821012698', NULL),
	(760, 7, 'J821012700', NULL),
	(761, 7, 'J821012701', NULL),
	(762, 7, 'J821012705', NULL),
	(763, 7, 'J821012710', NULL),
	(764, 7, 'J821012711', NULL),
	(765, 7, 'J821012713', NULL),
	(766, 7, 'J821012715', NULL),
	(767, 7, 'J821012716', NULL),
	(768, 7, 'J821012719', NULL),
	(769, 7, 'J821012720', NULL),
	(770, 7, 'J821012723', NULL),
	(771, 7, 'J821012726', NULL),
	(772, 7, 'J821012730', NULL),
	(773, 7, 'J821012738', NULL),
	(774, 7, 'J821012741', NULL),
	(775, 4, 'J821001570', NULL),
	(776, 4, 'J821001572', NULL),
	(777, 4, 'J821001574', NULL),
	(778, 4, 'J821001575', NULL),
	(779, 4, 'J821001576', NULL),
	(780, 4, 'J821001577', NULL),
	(781, 4, 'J821001579', NULL),
	(782, 4, 'J821001580', NULL),
	(783, 4, 'J821001581', NULL),
	(784, 4, 'J821001582', NULL),
	(785, 4, 'J821001583', NULL),
	(786, 4, 'J821001597', NULL),
	(787, 4, 'J821001598', NULL),
	(788, 4, 'J821001599', NULL),
	(789, 4, 'J821001600', NULL),
	(790, 4, 'J821001601', NULL),
	(791, 4, 'J821001602', NULL),
	(792, 4, 'J821001603', NULL),
	(793, 4, 'J821001604', NULL),
	(794, 4, 'J821001606', NULL),
	(995, 12, '5310180553', 193),
	(996, 12, '5310180574', 4),
	(997, 12, '5310180577', 98),
	(998, 12, '5310180591', 67),
	(999, 12, '5310180595', 94),
	(1000, 12, '5310180603', 105),
	(1001, 12, '5310180613', 100),
	(1002, 12, '5310180619', 130),
	(1003, 12, '5310180626', 80),
	(1004, 12, '5310180639', 49),
	(1005, 12, '5310180645', 107),
	(1006, 12, '5310180661', 145),
	(1007, 12, '5310180670', 120),
	(1008, 12, '5310180677', 30),
	(1009, 12, '5310180683', 14),
	(1010, 12, '5310180692', 138),
	(1011, 12, '5310180698', 9),
	(1012, 12, '5310180706', 99),
	(1013, 12, '5310180711', 160),
	(1014, 12, '5310180718', 151),
	(1015, 12, '5310180720', 163),
	(1016, 12, '5310180737', 42),
	(1017, 12, '5310180750', 113),
	(1018, 12, '5310180755', 124),
	(1019, 12, '5310180766', 108),
	(1020, 12, '5310180779', 159),
	(1021, 12, '5310180785', 190),
	(1022, 12, '5310180790', 26),
	(1023, 12, '5310180800', 81),
	(1024, 12, '5310180806', 147),
	(1025, 12, '5310180832', 146),
	(1026, 12, '5310180842', 20),
	(1027, 12, '5310180860', 169),
	(1028, 12, '5310180878', 72),
	(1029, 12, '5310180883', 58),
	(1030, 12, '5310180894', 136),
	(1031, 12, '5310180904', 102),
	(1032, 12, '5310180916', 115),
	(1033, 12, '5310180920', 110),
	(1034, 12, '5310180929', 6),
	(1035, 12, '5310180949', 23),
	(1036, 12, '5310180972', 13),
	(1037, 12, '5310180980', 21),
	(1038, 12, '5310180987', 89),
	(1039, 12, '5310180996', 195),
	(1040, 12, '5310181004', 52),
	(1041, 12, '5310181014', 53),
	(1042, 12, '5310181029', 188),
	(1043, 12, '5310181033', 152),
	(1044, 12, '5310181044', 55),
	(1045, 12, '5310181046', 106),
	(1046, 12, '5310181058', 19),
	(1047, 12, '5310181067', 180),
	(1048, 12, '5310181077', 200),
	(1049, 12, '5310181086', 47),
	(1050, 12, '5310181092', 198),
	(1051, 12, '5310181101', 172),
	(1052, 12, '5310181109', 74),
	(1053, 12, '5310181123', 44),
	(1054, 12, '5310181146', 78),
	(1055, 12, '5310181153', 103),
	(1056, 12, '5310181173', 84),
	(1057, 12, '5310181181', 59),
	(1058, 12, '5310181189', 82),
	(1059, 12, '5310181193', 112),
	(1060, 12, '5310181204', 155),
	(1061, 12, '5310181223', 83),
	(1062, 12, '5310181226', 36),
	(1063, 12, '5310181235', 122),
	(1064, 12, '5310181241', 56),
	(1065, 12, '5310181256', 153),
	(1066, 12, '5310181265', 194),
	(1067, 12, '5310181268', 2),
	(1068, 12, '5310181281', 137),
	(1069, 12, '5310181300', 87),
	(1070, 12, '5310181317', 166),
	(1071, 12, '5310181322', 132),
	(1072, 12, '5310181332', 157),
	(1073, 12, '5310181342', 88),
	(1074, 12, '5310181350', 15),
	(1075, 12, '5310181356', 12),
	(1076, 12, '5310181366', 175),
	(1077, 12, '5310181373', 60),
	(1078, 12, '5310181379', 54),
	(1079, 12, '5310181383', 40),
	(1080, 12, '5310181401', 109),
	(1081, 12, '5310181409', 16),
	(1082, 12, '5310181415', 39),
	(1083, 12, '5310181429', 170),
	(1084, 12, '5310181446', 66),
	(1085, 12, '5310181451', 183),
	(1086, 12, '5310181464', 176),
	(1087, 12, '5310181481', 199),
	(1088, 12, '5310181485', 17),
	(1089, 12, '5310181493', 35),
	(1090, 12, '5310181516', 71),
	(1091, 12, '5310181524', 191),
	(1092, 12, '5310181532', 73),
	(1093, 12, '5310181535', 79),
	(1094, 12, '5310181552', 142),
	(1095, 12, '5310181560', 168),
	(1096, 12, '5310181566', 28),
	(1097, 12, '5310181577', 179),
	(1098, 12, '5310181590', 91),
	(1099, 12, '5310181592', 70),
	(1100, 12, '5310181595', 46),
	(1101, 12, '5310181601', 76),
	(1102, 12, '5310181613', 48),
	(1103, 12, '5310181617', 126),
	(1104, 12, '5310181629', 11),
	(1105, 12, '5310181637', 134),
	(1106, 12, '5310181643', 7),
	(1107, 12, '5310181647', 181),
	(1108, 12, '5310181652', 97),
	(1109, 12, '5310181655', 156),
	(1110, 12, '5310181660', 64),
	(1111, 12, '5310181673', 37),
	(1112, 12, '5310181675', 50),
	(1113, 12, '5310181747', 171),
	(1114, 12, '5310181805', 131),
	(1115, 12, '5310181876', 85),
	(1116, 12, '5310181936', 148),
	(1117, 12, '5310182150', 150),
	(1118, 12, '5310182322', 158),
	(1119, 12, '5310182349', 10),
	(1120, 12, '5310182357', 177),
	(1121, 12, '5310182365', 154),
	(1122, 12, '5310182376', 118),
	(1123, 12, '5310182385', 101),
	(1124, 12, '5310182393', 27),
	(1125, 12, '5310182407', 196),
	(1126, 12, '5310182416', 65),
	(1127, 12, '5310182424', 5),
	(1128, 12, '5310182429', 57),
	(1129, 12, '5310182442', 182),
	(1130, 12, '5310182448', 22),
	(1131, 12, '5310182457', 75),
	(1132, 12, '5310182468', 24),
	(1133, 12, '5310182480', 90),
	(1134, 12, '5310182486', 77),
	(1135, 12, '5310182491', 104),
	(1136, 12, '5310182501', 189),
	(1137, 12, '5310182509', 187),
	(1138, 12, '5310182525', 144),
	(1139, 12, '5310182530', 1),
	(1140, 12, '5310182550', 51),
	(1141, 12, '5310182560', 111),
	(1142, 12, '5310182568', 31),
	(1143, 12, '5310182590', 95),
	(1144, 12, '5310182599', 63),
	(1145, 12, '5310182609', 3),
	(1146, 12, '5310182628', 38),
	(1147, 12, '5310182640', 93),
	(1148, 12, '5310182646', 68),
	(1149, 12, '5310182648', 69),
	(1150, 12, '5310182666', 133),
	(1151, 12, '5310182676', 43),
	(1152, 12, '5310182682', 186),
	(1153, 12, '5310182690', 62),
	(1154, 12, '5310182702', 29),
	(1155, 12, '5310182720', 92),
	(1156, 12, '5310182728', 8),
	(1157, 12, '5310182742', 116),
	(1158, 12, '5310182754', 96),
	(1159, 12, '5310182771', 119),
	(1160, 12, '5310182781', 121),
	(1161, 12, '5310182799', 32),
	(1162, 12, '5310182817', 123),
	(1163, 12, '5310182864', 33),
	(1164, 12, '5310182867', 164),
	(1165, 12, '5310182871', 140),
	(1166, 12, '5310182874', 135),
	(1167, 12, '5310182886', 34),
	(1168, 12, '5310182902', 185),
	(1169, 12, '5310182921', 117),
	(1170, 12, '5310182944', 141),
	(1171, 12, '5310182954', 25),
	(1172, 12, '5310182970', 167),
	(1173, 12, '5310182988', 114),
	(1174, 12, '5310182998', 41),
	(1175, 12, '5310183008', 139),
	(1176, 12, '5310183028', 184),
	(1177, 12, '5310183047', 129),
	(1178, 12, '5310183139', 197),
	(1179, 12, '5310183225', 192),
	(1180, 12, '5310183227', 127),
	(1181, 12, '5310183229', 143),
	(1182, 12, '5310183231', 61),
	(1183, 12, '5310183233', 18),
	(1184, 12, '5310183234', 125),
	(1185, 12, '5310183235', 162),
	(1186, 12, '5310183238', 161),
	(1187, 12, '5310183239', 86),
	(1188, 12, '5310183240', 174),
	(1189, 12, '5310183241', 165),
	(1190, 12, '5310183243', 178),
	(1191, 12, '5310183244', 173),
	(1192, 12, '5310183245', 128),
	(1193, 12, '5310183246', 149),
	(1194, 12, '5310183305', 45),
	(1195, 13, '5300377957', NULL),
	(1196, 13, '5300381795', NULL);
/*!40000 ALTER TABLE `contract_atm` ENABLE KEYS */;

-- Dumping structure for table atmservice.customer_email
CREATE TABLE IF NOT EXISTS `customer_email` (
  `id` bigint(20) NOT NULL AUTO_INCREMENT,
  `email` varchar(50) NOT NULL,
  `type` tinyint(1) NOT NULL,
  `contract_id` bigint(20) DEFAULT NULL,
  PRIMARY KEY (`id`),
  KEY `fk_contract_email_idx` (`contract_id`),
  CONSTRAINT `fk_contract_email` FOREIGN KEY (`contract_id`) REFERENCES `contract` (`id`) ON DELETE NO ACTION ON UPDATE NO ACTION
) ENGINE=InnoDB AUTO_INCREMENT=20 DEFAULT CHARSET=utf8mb4;

-- Dumping data for table atmservice.customer_email: ~0 rows (approximately)
/*!40000 ALTER TABLE `customer_email` DISABLE KEYS */;
INSERT INTO `customer_email` (`id`, `email`, `type`, `contract_id`) VALUES
	(19, 'atm-Supportors@mitec.com.vn', 1, NULL);
/*!40000 ALTER TABLE `customer_email` ENABLE KEYS */;

-- Dumping structure for table atmservice.department
CREATE TABLE IF NOT EXISTS `department` (
  `id` int(11) NOT NULL AUTO_INCREMENT,
  `name` varchar(255) NOT NULL,
  `region_id` int(11) DEFAULT NULL,
  PRIMARY KEY (`id`),
  KEY `fk_department_region_idx` (`region_id`),
  CONSTRAINT `fk_department_region` FOREIGN KEY (`region_id`) REFERENCES `region` (`id`) ON DELETE NO ACTION ON UPDATE NO ACTION
) ENGINE=InnoDB AUTO_INCREMENT=9 DEFAULT CHARSET=utf8mb4;

-- Dumping data for table atmservice.department: ~8 rows (approximately)
/*!40000 ALTER TABLE `department` DISABLE KEYS */;
INSERT INTO `department` (`id`, `name`, `region_id`) VALUES
	(1, 'Miền Trung - VP Đà Nẵng', 1),
	(2, 'Khu vực Tây Nguyên - Thangnd', 2),
	(3, 'Khu vực Cần Thơ - Vinhvx, Nguyenvx', 2),
	(4, 'Miền Bắc - DSC', 3),
	(5, 'Khu vực Thanh Hóa, Nghệ An, Hà Tĩnh - Thuongd', 3),
	(6, 'Miền Nam - CN Hồ Chí Minh', 2),
	(7, 'Khu vực Phú Thọ - Ngoccd', 3),
	(8, 'Khu vực Hải Dương, Hải Phòng, Quảng Ninh - Lanmx', 3);
/*!40000 ALTER TABLE `department` ENABLE KEYS */;

-- Dumping structure for table atmservice.device
CREATE TABLE IF NOT EXISTS `device` (
  `id` bigint(20) NOT NULL AUTO_INCREMENT,
  `name` varchar(45) DEFAULT NULL,
  PRIMARY KEY (`id`)
) ENGINE=InnoDB AUTO_INCREMENT=5 DEFAULT CHARSET=utf8mb4;

-- Dumping data for table atmservice.device: ~4 rows (approximately)
/*!40000 ALTER TABLE `device` DISABLE KEYS */;
INSERT INTO `device` (`id`, `name`) VALUES
	(1, 'Máy ATM'),
	(2, 'Bộ phận trả tiền'),
	(3, 'Đầu đọc thẻ'),
	(4, 'Máy in');
/*!40000 ALTER TABLE `device` ENABLE KEYS */;

-- Dumping structure for table atmservice.email_config
CREATE TABLE IF NOT EXISTS `email_config` (
  `id` int(11) NOT NULL AUTO_INCREMENT,
  `host` varchar(45) NOT NULL,
  `port` int(11) NOT NULL,
  `username` varchar(45) NOT NULL,
  `password` varchar(255) NOT NULL,
  `protocol` varchar(45) NOT NULL,
  PRIMARY KEY (`id`)
) ENGINE=InnoDB AUTO_INCREMENT=2 DEFAULT CHARSET=utf8mb4;

-- Dumping data for table atmservice.email_config: ~0 rows (approximately)
/*!40000 ALTER TABLE `email_config` DISABLE KEYS */;
INSERT INTO `email_config` (`id`, `host`, `port`, `username`, `password`, `protocol`) VALUES
	(1, 'smtp.gmail.com', 587, 'services.noreply@mitec.com.vn', 'Abc@12340987', 'smtp');
/*!40000 ALTER TABLE `email_config` ENABLE KEYS */;

-- Dumping structure for table atmservice.error
CREATE TABLE IF NOT EXISTS `error` (
  `id` bigint(20) NOT NULL AUTO_INCREMENT,
  `name` varchar(255) NOT NULL,
  `device_id` bigint(20) DEFAULT NULL,
  PRIMARY KEY (`id`),
  KEY `fk_error_device_idx` (`device_id`),
  CONSTRAINT `fk_error_device` FOREIGN KEY (`device_id`) REFERENCES `device` (`id`)
) ENGINE=InnoDB AUTO_INCREMENT=15 DEFAULT CHARSET=utf8mb4;

-- Dumping data for table atmservice.error: ~14 rows (approximately)
/*!40000 ALTER TABLE `error` DISABLE KEYS */;
INSERT INTO `error` (`id`, `name`, `device_id`) VALUES
	(1, 'Không hoạt động', 1),
	(2, 'Bật không lên', 1),
	(3, 'Màn hình không hiển thị', 1),
	(4, 'Không trả được tiền', 2),
	(5, 'Kẹt tiền', 2),
	(6, 'Tiền loại nhiều', 2),
	(7, 'Không đọc được thẻ', 3),
	(8, 'Hay nuốt thẻ', 3),
	(9, 'Không hoạt động', 3),
	(10, 'Không đọc được một số loại thẻ', 3),
	(11, 'Kẹt giấy', 4),
	(12, 'Không nhận giấy', 4),
	(13, 'Không cắt giấy', 4),
	(14, 'Không hoạt động', 4);
/*!40000 ALTER TABLE `error` ENABLE KEYS */;

-- Dumping structure for table atmservice.error_device
CREATE TABLE IF NOT EXISTS `error_device` (
  `id` bigint(20) NOT NULL AUTO_INCREMENT,
  `name` varchar(255) NOT NULL,
  PRIMARY KEY (`id`)
) ENGINE=InnoDB AUTO_INCREMENT=12 DEFAULT CHARSET=utf8mb4;

-- Dumping data for table atmservice.error_device: ~11 rows (approximately)
/*!40000 ALTER TABLE `error_device` DISABLE KEYS */;
INSERT INTO `error_device` (`id`, `name`) VALUES
	(1, 'Bộ PC core'),
	(2, 'EPP'),
	(3, 'Bộ presenter'),
	(4, 'Khay tiền'),
	(5, 'Bộ clamp'),
	(6, 'Bộ shutter'),
	(7, 'Bộ extractor'),
	(8, 'Bộ nguồn ATM'),
	(9, 'Sel'),
	(10, 'Bộ đầu đọc thẻ'),
	(11, 'Bộ máy in');
/*!40000 ALTER TABLE `error_device` ENABLE KEYS */;

-- Dumping structure for table atmservice.error_device_series
CREATE TABLE IF NOT EXISTS `error_device_series` (
  `error_device_id` bigint(20) NOT NULL,
  `series_id` bigint(20) NOT NULL,
  KEY `fk_device_series_1_idx` (`error_device_id`),
  KEY `fk_device_series_2_idx` (`series_id`),
  CONSTRAINT `fk_device_series_1` FOREIGN KEY (`error_device_id`) REFERENCES `error_device` (`id`),
  CONSTRAINT `fk_device_series_2` FOREIGN KEY (`series_id`) REFERENCES `series` (`id`) ON DELETE NO ACTION ON UPDATE NO ACTION
) ENGINE=InnoDB DEFAULT CHARSET=utf8mb4;

-- Dumping data for table atmservice.error_device_series: ~30 rows (approximately)
/*!40000 ALTER TABLE `error_device_series` DISABLE KEYS */;
INSERT INTO `error_device_series` (`error_device_id`, `series_id`) VALUES
	(1, 1),
	(1, 2),
	(1, 3),
	(1, 4),
	(2, 1),
	(2, 3),
	(3, 1),
	(3, 2),
	(3, 3),
	(3, 4),
	(4, 1),
	(4, 2),
	(4, 3),
	(4, 4),
	(5, 1),
	(5, 2),
	(5, 3),
	(5, 4),
	(6, 2),
	(7, 1),
	(7, 2),
	(7, 3),
	(7, 4),
	(8, 1),
	(9, 1),
	(9, 2),
	(9, 3),
	(9, 4),
	(10, 1),
	(11, 1);
/*!40000 ALTER TABLE `error_device_series` ENABLE KEYS */;

-- Dumping structure for table atmservice.history
CREATE TABLE IF NOT EXISTS `history` (
  `id` bigint(20) NOT NULL AUTO_INCREMENT,
  `address` varchar(255) NOT NULL,
  `serial_number` varchar(50) NOT NULL,
  `created_date` datetime NOT NULL,
  `created_by` varchar(50) NOT NULL,
  `series_id` bigint(20) DEFAULT NULL,
  `region_id` bigint(20) DEFAULT NULL,
  `department_id` bigint(20) DEFAULT NULL,
  `contract_id` bigint(20) DEFAULT NULL,
  `status` tinyint(4) DEFAULT NULL,
  PRIMARY KEY (`id`)
) ENGINE=InnoDB AUTO_INCREMENT=226 DEFAULT CHARSET=utf8mb4;

-- Dumping data for table atmservice.history: ~225 rows (approximately)
/*!40000 ALTER TABLE `history` DISABLE KEYS */;
INSERT INTO `history` (`id`, `address`, `serial_number`, `created_date`, `created_by`, `series_id`, `region_id`, `department_id`, `contract_id`, `status`) VALUES
	(1, 'HVMM, Chiến Thắng, Tân Triều, Thanh Xuân', 'J821012687', '2021-07-29 16:57:29', 'admin', 2, 3, NULL, NULL, 1),
	(2, '96 Yết Kiêu, Phường Thọ Quang, Quận Sơn Trà, TP Đà Nẵng', 'J821012720', '2021-07-29 16:57:29', 'admin', 2, 1, 1, NULL, 1),
	(3, '174 Lê Đình Lý, Q. Hải Châu, thành phố Đà Nẵng', 'J821012697', '2021-07-29 16:57:29', 'admin', 2, 1, 1, NULL, 1),
	(4, 'Số 1 Giang Văn Minh, Ba Đình, Hà Nội', 'J821012701', '2021-07-29 16:57:29', 'admin', 2, 3, NULL, NULL, 1),
	(5, '08 Phạm Hùng, Hà Nội', 'J821012690', '2021-07-29 16:57:29', 'admin', 2, 3, NULL, NULL, 1),
	(6, 'Nhà máy A32, Đà Nẵng', 'J821012672', '2021-07-29 16:57:29', 'admin', 2, 1, 1, NULL, 1),
	(7, 'Trụ sở Ngân hàng TMCP Quân Đội - chi nhánh Quảng Trị, \nSố 134 Quốc Lộ 9, TP. Đông Hà, tỉnh Quảng Trị', 'J821012694', '2021-07-29 16:57:29', 'admin', 2, 1, 1, NULL, 1),
	(8, 'Công ty Dệt may Huế', 'J821012674', '2021-07-29 16:57:29', 'admin', 2, 1, 1, NULL, 1),
	(9, '99 Hồ Đắc Di, An Cựu, TP Huế', 'J821012684', '2021-07-29 16:57:29', 'admin', 2, 1, 1, NULL, 1),
	(10, '109-111 Đường Thanh Niên, Phường Hải Tân, TP Hải Dương, Tỉnh Hải Dương', '5310180980', '2021-09-14 13:35:36', 'admin', 4, 3, NULL, 12, 1),
	(11, 'Số 351 Đường Lê Duẩn, Phường Chiềng Sinh, TP Sơn La, Tỉnh Sơn La', '5310181552', '2021-09-14 13:35:36', 'admin', 4, 3, NULL, 12, 1),
	(12, 'PGD Tự Lạn, xã Tự Lạn, huyện Việt Yên, Tỉnh Bắc Giang', '5310181673', '2021-09-14 13:35:36', 'admin', 4, 3, NULL, 12, 1),
	(13, 'UBND xã Bắc Sơn, Huyện Sóc Sơn, TP Hà Nội', '5310182486', '2021-09-14 13:35:36', 'admin', 4, 3, NULL, 12, 1),
	(14, 'Đại học Y Thái Bình, Số 373 đường Lý Bôn, TP Thái Bình, Tỉnh Thái Bình', '5310182640', '2021-09-14 13:35:36', 'admin', 4, 3, NULL, 12, 1),
	(15, 'Phố Phúc Hòa 2, TT Hòa Thuận, huyện Phục Hòa, Tỉnh Cao Bằng', '5310180860', '2021-09-14 13:35:36', 'admin', 4, 3, NULL, 12, 1),
	(16, 'Đỗ Trung, Cẩm Tân, H Cẩm Thủy, Tỉnh Thanh Hóa', '5310181153', '2021-09-14 13:35:36', 'admin', 4, 3, 5, 12, 1),
	(17, 'Số 135, tổ 7, khu 6, p Quanh Hanh, TP Cẩm Phả, Tỉnh Quảng Ninh', '5310181033', '2021-09-14 13:35:36', 'admin', 4, 3, NULL, 12, 1),
	(18, 'Xã Phú Lộc, Huyện Nho Quan, Tỉnh Ninh Bình', '5310180987', '2021-09-14 13:35:36', 'admin', 4, 3, NULL, 12, 1),
	(19, 'Agribank TP Cao Bằng, km5 Đề Thám, TP Cao Bằng, Tỉnh Cao Bằng', '5310181317', '2021-09-14 13:35:36', 'admin', 4, 3, NULL, 12, 1),
	(20, 'Thôn Quán Trắng, xã Liên Sơn, Huyện Lạc Thủy, T.Hòa Bình.', '5310182648', '2021-09-14 13:35:36', 'admin', 4, 3, NULL, 12, 1),
	(21, 'Quốc lộ 38B, xã Minh Tân, H.Vụ Bản, Nam Định', '5310180626', '2021-09-14 13:35:36', 'admin', 4, 3, NULL, 12, 1),
	(22, 'Thôn 1, Xã Thọ Thế, Huyện Triệu Sơn, Tỉnh Thanh Hóa', '5310180904', '2021-09-14 13:35:36', 'admin', 4, 3, NULL, 12, 1),
	(23, '377 Quang Trung, TX Ba Đồn, Quảng Trạch, Quảng Bình', '5310182874', '2021-09-14 13:35:36', 'admin', 4, 1, 1, 12, 1),
	(24, 'Ki ốt số 4-6, 6B CT12 Kim Văn, Kim Lũ, Đại Kim, Hoàng Mai HN', '5310180574', '2021-09-14 13:35:36', 'admin', 4, 3, NULL, 12, 1),
	(25, 'Quỹ TDND xã Bắc Sơn, Huyện Sóc Sơn, TP Hà Nội', '5310181146', '2021-09-14 13:35:36', 'admin', 4, 3, NULL, 12, 1),
	(26, 'Đường Trần Hưng Đạo, P.Tân Thành, TP Ninh Bình, Tỉnh Ninh Bình', '5310181300', '2021-09-14 13:35:36', 'admin', 4, 3, NULL, 12, 1),
	(27, 'Tổ 2, Đường Lương Ngọc Quyến, Phường Hoàng Văn Thụ, TP Thái Nguyên, , Tỉnh Thái Nguyên', '5310182357', '2021-09-14 13:35:36', 'admin', 4, 3, NULL, 12, 1),
	(28, 'Thị tứ Chợ Chanh, Xã Nhân Mỹ, Huyện Lý Nhân, Tỉnh Hà Nam', '5310182599', '2021-09-14 13:35:36', 'admin', 4, 3, NULL, 12, 1),
	(29, 'Số 212 Định Hà Nội Công Thượng, quận Hoàng Mai, TP Hà Nội', '5310181268', '2021-09-14 13:35:36', 'admin', 4, 3, NULL, 12, 1),
	(30, 'Phố Bỉ, Ngọc Thiện, huyện Tân Yên, Tỉnh Bắc Giang', '5310181383', '2021-09-14 13:35:36', 'admin', 4, 3, NULL, 12, 1),
	(31, 'Thôn 5, xã Vinh Mỹ, huyện Phú Lộc, Tỉnh Thừa Thiên Huế', '5310180692', '2021-09-14 13:35:36', 'admin', 4, 1, 1, 12, 1),
	(32, 'Đường Lê Chân, Phường Lê Hồng Phong, TP Phủ Lý, Tỉnh hà Nam', '5310181660', '2021-09-14 13:35:36', 'admin', 4, 3, NULL, 12, 1),
	(33, 'Số 155 Trần Hưng Đạo, TT Quỳnh Côi, Quỳnh Phụ, Thái Bình', '5310180613', '2021-09-14 13:35:36', 'admin', 4, 3, NULL, 12, 1),
	(34, 'Số 163 đường Trần Đăng Ninh, TP Lạng Sơn, Tỉnh Lạng Sơn', '5310181429', '2021-09-14 13:35:36', 'admin', 4, 3, NULL, 12, 1),
	(35, 'Thị trấn Phú Minh, huyện Phú Xuyên, TP Hà Nội', '5310180698', '2021-09-14 13:35:36', 'admin', 4, 3, NULL, 12, 1),
	(36, 'Thôn Văn Hà Tây, xã Thái Hưng, H Thái Thụy, Tỉnh Thái Bình', '5310182754', '2021-09-14 13:35:36', 'admin', 4, 3, NULL, 12, 1),
	(37, 'Phố An Hòa, P.Ninh Phong, TP.Ninh Bình, Tỉnh Ninh Bình, Tỉnh Ninh Bình', '5310182480', '2021-09-14 13:35:36', 'admin', 4, 3, NULL, 12, 1),
	(38, 'PGD  Thủy An, TX Đông Triều, Tỉnh Quảng Ninh', '5310181256', '2021-09-14 13:35:36', 'admin', 4, 3, NULL, 12, 1),
	(39, 'Khu 6, TT Diêm Điền, H Thái Thụy, T Thái Bình', '5310181652', '2021-09-14 13:35:37', 'admin', 4, 3, NULL, 12, 1),
	(40, 'xã Quang Sơn, huyện Đô Lương, Tỉnh Nghệ An', '5310182742', '2021-09-14 13:35:37', 'admin', 4, 3, 5, 12, 1),
	(41, 'Trung tâm TM (siêu thị Big C) xã Tân Tiến, TP Bắc Giang, Tỉnh Bắc Giang', '5310181493', '2021-09-14 13:35:37', 'admin', 4, 3, NULL, 12, 1),
	(42, 'Số 43 đường Đinh Tiên Hoàng, TP Yên Bái, Tỉnh Yên Bái', '5310182902', '2021-09-14 13:35:37', 'admin', 4, 3, 7, 12, 1),
	(43, 'PGD Bách Nhẫn, xã Hùng Sơn, huyện Hiệp Hòa, Tỉnh Bắc Giang', '5310182628', '2021-09-14 13:35:37', 'admin', 4, 3, NULL, 12, 1),
	(44, 'Xã Chấn Hưng, Huyện Vĩnh Tường, Tỉnh Vĩnh Phúc', '5310181379', '2021-09-14 13:35:37', 'admin', 4, 3, 7, 12, 1),
	(45, 'Số 388A, Đường Nguyễn Trãi, tổ 9, P.Nguyễn Trãi, TP Hà Giang, Tỉnh Hà Giang', '5310180720', '2021-09-14 13:35:37', 'admin', 4, 3, NULL, 12, 1),
	(46, 'Khu Tràng Lộ, P Trà Cổ, TP Móng Cái, Tỉnh Quảng Ninh', '5310181655', '2021-09-14 13:35:37', 'admin', 4, 3, NULL, 12, 1),
	(47, 'Khu 1 TT Thanh Hà, huyện Thanh Hà, Tỉnh Hải Dương', '5310182468', '2021-09-14 13:35:37', 'admin', 4, 3, NULL, 12, 1),
	(48, 'Khu 2 phường Thạch Khôi, TP Hải Dương, Tỉnh Hải Dương', '5310180842', '2021-09-14 13:35:37', 'admin', 4, 3, NULL, 12, 1),
	(49, 'Số 43A, Đường Nguyễn Trãi, Tổ 9, P.Nguyễn Trãi, TP Hà Giang, Tỉnh Hà Giang', '5310182867', '2021-09-14 13:35:37', 'admin', 4, 3, NULL, 12, 1),
	(50, 'Trụ sở Agribank TT Cao Thượng, huyện Tân Yên, Tỉnh Bắc Giang', '5310181415', '2021-09-14 13:35:37', 'admin', 4, 3, NULL, 12, 1),
	(51, 'Agribank TP Cao Bằng, km5 Đề Thám, TP Cao Bằng, Tỉnh Cao Bằng', '5310182970', '2021-09-14 13:35:37', 'admin', 4, 3, NULL, 12, 1),
	(52, 'Số 43 đường Đinh Tiên Hoàng, phường Đồng Tâm, TP Yên Bái, Tỉnh Yên Bái', '5310183028', '2021-09-14 13:35:37', 'admin', 4, 3, 7, 12, 1),
	(53, 'Thôn Nậm Sắt 2, TT Bắc Hà,huyện Bắc Hà, Lào Cai', '5310180553', '2021-09-14 13:35:37', 'admin', 4, 3, NULL, 12, 1),
	(54, '97 Tân Dân, TT Thừa, Huyện Lương Tài, Tỉnh Bắc Ninh', '5310181086', '2021-09-14 13:35:37', 'admin', 4, 3, NULL, 12, 1),
	(55, 'PGD Cầu Xe, thôn Hàm Hy, xã Cộng Lạc, huyện Tứ Kỳ, Tỉnh Hải Dương', '5310180790', '2021-09-14 13:35:37', 'admin', 4, 3, NULL, 12, 1),
	(56, 'Đường Kim Ngọc, Phường Liên Bảo, TP Vĩnh Yên, Tỉnh Vĩnh Phúc', '5310181241', '2021-09-14 13:35:37', 'admin', 4, 3, 7, 12, 1),
	(57, 'Tổ 6 phường Phùng Chí Kiên, TP Bắc Kạn, Tỉnh Bắc Kạn', '5310181647', '2021-09-14 13:35:37', 'admin', 4, 3, NULL, 12, 1),
	(58, '307 Bà Triệu, Thị trấn Nông Cống, Nông Cống, Thanh Hóa', '5310181401', '2021-09-14 13:35:37', 'admin', 4, 3, 5, 12, 1),
	(59, '61 Hàng Ngang, Quận Hoàn Kiếm, TP Hà Nội', '5310181643', '2021-09-14 13:35:37', 'admin', 4, 3, NULL, 12, 1),
	(60, 'Cổng B KCN Thăng Long, Quận Bắc Từ Liêm, TP Hà Nội', '5310182457', '2021-09-14 13:35:37', 'admin', 4, 3, NULL, 12, 1),
	(61, 'Số 192 Nguyễn Lương Bằng, TT Lương Bằng, huyện Kim Động, Tỉnh Hưng Yên ', '5310180677', '2021-09-14 13:35:37', 'admin', 4, 3, NULL, 12, 1),
	(62, 'Số 003A đường Hoàng Liên, P.Cốc Lếu, TP Lào Cai, Tỉnh Lào Cai', '5310181524', '2021-09-14 13:35:37', 'admin', 4, 3, NULL, 12, 1),
	(63, 'Tổ dân Phố Nhân Hòa, TT Thiên Cẩm, huyện Cẩm Xuyên, Tỉnh Hà Tĩnh', '5310181805', '2021-09-14 13:35:37', 'admin', 4, 3, 5, 12, 1),
	(64, 'Số 20C, đường Bà Triệu, phường Cẩm Đông, TP Cẩm Phả, Tỉnh Quảng Ninh', '5310180718', '2021-09-14 13:35:37', 'admin', 4, 3, NULL, 12, 1),
	(65, 'Tiểu khu 8 TT Thuận Châu, huyện Thuận Châu, Tỉnh Sơn La', '5310180661', '2021-09-14 13:35:37', 'admin', 4, 3, NULL, 12, 1),
	(66, 'Trụ sở Agribank Ba Bể, TT Chợ Rã, huyện Ba Bể, Tỉnh Bắc Kạn', '5310182442', '2021-09-14 13:35:37', 'admin', 4, 3, NULL, 12, 1),
	(67, 'Lê Hồng Phong, phường Văn Giang, TP.Ninh Bình, Tỉnh Ninh Bình', '5310182720', '2021-09-14 13:35:37', 'admin', 4, 3, NULL, 12, 1),
	(68, 'Thị trấn Lộc Hà, H.Lộc Hà, Hà Tĩnh', '5310181235', '2021-09-14 13:35:37', 'admin', 4, 3, 5, 12, 1),
	(69, '21 Nguyễn Tất Thành, TT Kiến Giang, Lệ Thủy, Quảng Bình', '5310181637', '2021-09-14 13:35:37', 'admin', 4, 1, 1, 12, 1),
	(70, '30 Lê Đại Hành, Quận Hai Bà Trưng, TP Hà Nội', '5310182728', '2021-09-14 13:35:37', 'admin', 4, 3, NULL, 12, 1),
	(71, 'Quốc lộ 38B, xã Yên Bình, huyện Ý Yên, Nam Định', '5310181876', '2021-09-14 13:35:37', 'admin', 4, 3, NULL, 12, 1),
	(72, 'Đường Khúc Thừa Dụ, TT Ninh Giang, huyện Ninh Giang, Tỉnh Hải Dương', '5310182448', '2021-09-14 13:35:37', 'admin', 4, 3, NULL, 12, 1),
	(73, '24 Láng Hạ, Quận Đống Đa, TP Hà Nội', '5310182609', '2021-09-14 13:35:37', 'admin', 4, 3, NULL, 12, 1),
	(74, 'Tổ 6 TT Đông Hưng, huyện Đông Hưng, Thái Bình', '5310180706', '2021-09-14 13:35:37', 'admin', 4, 3, NULL, 12, 1),
	(75, 'Khu Thống Nhất, TT Lai Cách, huyện Cầm Giàng, Tỉnh Hải Dương', '5310180949', '2021-09-14 13:35:37', 'admin', 4, 3, NULL, 12, 1),
	(76, 'Xã Tân Sơn, huyện Kim Bảng,Tỉnh Hà Nam', '5310182690', '2021-09-14 13:35:37', 'admin', 4, 3, NULL, 12, 1),
	(77, 'Đường Tuệ Tĩnh, P.Nam Thành, TP Ninh Bình, Tỉnh Ninh Bình', '5310181342', '2021-09-14 13:35:37', 'admin', 4, 3, NULL, 12, 1),
	(78, 'Số 01 Ngô Quyền, phường Quảng Yên, TX Quảng Yên, Tỉnh Quảng Ninh', '5310183246', '2021-09-14 13:35:37', 'admin', 4, 3, NULL, 12, 1),
	(79, 'Thôn An Nông, xã Nam Tiến, huyện Nam Trực, Nam Định', '5310181189', '2021-09-14 13:35:37', 'admin', 4, 3, NULL, 12, 1),
	(80, 'Số 10, đường CMT8, phường Phan Đình Phùng, TP Thái Nguyên, Tỉnh Thái Nguyên', '5310181464', '2021-09-14 13:35:37', 'admin', 4, 3, NULL, 12, 1),
	(81, '73 Đặng Dung, phường Tân Giang, Tp Hà Tĩnh, Tỉnh Hà Tĩnh', '5310183245', '2021-09-14 13:35:37', 'admin', 4, 3, 5, 12, 1),
	(82, 'Bệnh viện nhi Tỉnh Nam Định, số 16 Hà Huy Tập, TP Nam Định.', '5310181223', '2021-09-14 13:35:37', 'admin', 4, 3, NULL, 12, 1),
	(83, 'Thôn Giếng, Xã Tiên Lục, Huyện Lạng Giang, Tỉnh Bắc Giang', '5310182676', '2021-09-14 13:35:37', 'admin', 4, 3, NULL, 12, 1),
	(84, '297 Trần Hưng Đạo, TX Quảng Trị, Tỉnh Quảng Trị', '5310180894', '2021-09-14 13:35:37', 'admin', 4, 1, 1, 12, 1),
	(85, 'Tổ 3, Thị trấn Yên Minh, Huyện Yên Minh, Tỉnh Hà Giang', '5310183241', '2021-09-14 13:35:37', 'admin', 4, 3, NULL, 12, 1),
	(86, 'Tổ 19, đường Quang Trung, phường Thịnh Đán, TP Thái Nguyên, Tỉnh Thái Nguyên', '5310183243', '2021-09-14 13:35:37', 'admin', 4, 3, NULL, 12, 1),
	(87, 'Số 279 đường Thống Nhất, phường Gia Sàng, TP.Thái Nguyên, Tỉnh Thái Nguyên', '5310181747', '2021-09-14 13:35:37', 'admin', 4, 3, NULL, 12, 1),
	(88, 'KS Điện Biên II, 164 Mai Thúc Loan , TP Huế, Tỉnh Thừa Thiên Huế', '5310183008', '2021-09-14 13:35:37', 'admin', 4, 1, 1, 12, 1),
	(89, 'PGD Song Khê, xã Song Khê, TP Bắc Giang, Tỉnh Bắc Giang', '5310181226', '2021-09-14 13:35:37', 'admin', 4, 3, NULL, 12, 1),
	(90, '100 Phạm Ngũ Lão, TT Kẻ Sặt, huyện Bình Giang, Tỉnh Hải Dương', '5310182954', '2021-09-14 13:35:37', 'admin', 4, 3, NULL, 12, 1),
	(91, 'Xã Thượng Lâm, huyện Lâm Bình, Tỉnh Tuyên Quang', '5310183235', '2021-09-14 13:35:37', 'admin', 4, 3, 7, 12, 1),
	(92, 'Phố Lê Lương - TT Đầm Hà Quảng Ninh, Tỉnh Quảng Ninh', '5310181332', '2021-09-14 13:35:37', 'admin', 4, 3, NULL, 12, 1),
	(93, 'PGD Vạn Thắng, Thôn Chợ Mơ, xã Vạn Thắng, Huyện Ba Vì, TP Hà Nội', '5310181058', '2021-09-14 13:35:37', 'admin', 4, 3, NULL, 12, 1),
	(94, 'Agribank Huyện Tam Dương, Phố Me, TT Hợp Hòa,huyện Tam Dương, Tỉnh Vĩnh Phúc', '5310180883', '2021-09-14 13:35:37', 'admin', 4, 3, 7, 12, 1),
	(95, 'PGD Chợ Lơi, Vụ Bản, Nam Định', '5310181173', '2021-09-14 13:35:37', 'admin', 4, 3, NULL, 12, 1),
	(96, 'TT Đồng Tâm, huyện Chợ Mới, Tỉnh Bắc Kạn', '5310181451', '2021-09-14 13:35:37', 'admin', 4, 3, NULL, 12, 1),
	(97, 'Khu Nhân Cầu 2, TT Hưng Hà, huyện Hưng Hà, Thái Bình', '5310182385', '2021-09-14 13:35:37', 'admin', 4, 3, NULL, 12, 1),
	(98, 'Số 01, đường Phan Đình Phùng, TP Hà Tĩnh, Tỉnh Hà Tĩnh', '5310182781', '2021-09-14 13:35:37', 'admin', 4, 3, 5, 12, 1),
	(99, 'Đường Kim Ngọc, Phường Liên Bảo, TP Vĩnh Yên, Tỉnh Vĩnh Phúc', '5310182429', '2021-09-14 13:35:37', 'admin', 4, 3, 7, 12, 1),
	(100, 'KCN Yên Dương, huyện Ý Yên, Tỉnh Nam Định', '5310183239', '2021-09-14 13:35:37', 'admin', 4, 3, NULL, 12, 1),
	(101, 'A9 The Manor, Phường Mỹ Đình I, Quận Nam Từ Liêm, TP Hà Nội', '5310182424', '2021-09-14 13:35:37', 'admin', 4, 3, NULL, 12, 1),
	(102, 'Xã Lam Sơn, Huyện Ngọc Lặc, Tỉnh Thanh Hóa', '5310180645', '2021-09-14 13:35:37', 'admin', 4, 3, 5, 12, 1),
	(103, 'Xóm Mậu 2, xã Kim Liên, huyện Nam Đàn, Tỉnh Nghệ An', '5310182376', '2021-09-14 13:35:37', 'admin', 4, 3, 5, 12, 1),
	(104, '186 Khâm Thiên, Quận Đống Đa, TP Hà Nội', '5310182530', '2021-09-14 13:35:37', 'admin', 4, 3, NULL, 12, 1),
	(105, 'Đường QLO1A, thôn Sơn Thịnh, xã Kỳ Tiến, huyện Kỳ, Tỉnh Hà Tĩnh', '5310181322', '2021-09-14 13:35:37', 'admin', 4, 3, 5, 12, 1),
	(106, 'Số 270 đường Hoàng Liên, P.Kim Tân, TP.Lào Cai, Tỉnh Lào Cai', '5310183225', '2021-09-14 13:35:37', 'admin', 4, 3, NULL, 12, 1),
	(107, 'Phố Hồng Thái mới, TT Quảng Uyên, huyện Quảng Uyên, Tỉnh Cao Bằng', '5310181560', '2021-09-14 13:35:37', 'admin', 4, 3, NULL, 12, 1),
	(108, 'Khối 2A - TT Thanh Chương, Huyện Thanh Chương, Tỉnh Nghệ An', '5310182771', '2021-09-14 13:35:37', 'admin', 4, 3, NULL, 12, 1),
	(109, 'Thôn Bình Ri, Xã Hợp Lý, huyện Lập Thạch, Tỉnh Vĩnh Phúc', '5310181044', '2021-09-14 13:35:37', 'admin', 4, 3, 7, 12, 1),
	(110, 'Đường Tuệ Tĩnh, Phường Ka Long, Móng Cái, Quảng Ninh', '5310181204', '2021-09-14 13:35:37', 'admin', 4, 3, NULL, 12, 1),
	(111, 'TT Bình Mỹ, Huyện Bình Lục, Tỉnh Hà Nam', '5310181446', '2021-09-14 13:35:37', 'admin', 4, 3, NULL, 12, 1),
	(112, 'Cổng B KCN Thăng Long, Quận Bắc Từ Liêm, TP Hà Nội', '5310181601', '2021-09-14 13:35:37', 'admin', 4, 3, NULL, 12, 1),
	(113, 'Đường Lê Chân, Phường Lê Hồng Phong, TP Phủ Lý, Tỉnh hà Nam', '5310182416', '2021-09-14 13:35:37', 'admin', 4, 3, NULL, 12, 1),
	(114, 'xã Tràng Sơn, huyện Đô Lương, Tỉnh Nghệ An', '5310180916', '2021-09-14 13:35:37', 'admin', 4, 3, 5, 12, 1),
	(115, 'Số 351 Đường Lê Duẩn, Phường Chiềng Sinh, TP Sơn La, Tỉnh Sơn La', '5310181552', '2021-09-23 08:47:48', 'admin', 4, 3, NULL, 12, 1),
	(116, 'PGD Tự Lạn, xã Tự Lạn, huyện Việt Yên, Tỉnh Bắc Giang', '5310181673', '2021-09-23 08:47:48', 'admin', 4, 3, NULL, 12, 1),
	(117, 'Đại học Y Thái Bình, Số 373 đường Lý Bôn, TP Thái Bình, Tỉnh Thái Bình', '5310182640', '2021-09-23 08:47:48', 'admin', 4, 3, NULL, 12, 1),
	(118, 'Phố Phúc Hòa 2, TT Hòa Thuận, huyện Phục Hòa, Tỉnh Cao Bằng', '5310180860', '2021-09-23 08:47:48', 'admin', 4, 3, NULL, 12, 1),
	(119, 'Đỗ Trung, Cẩm Tân, H Cẩm Thủy, Tỉnh Thanh Hóa', '5310181153', '2021-09-23 08:47:48', 'admin', 4, 3, 5, 12, 1),
	(120, 'Agribank TP Cao Bằng, km5 Đề Thám, TP Cao Bằng, Tỉnh Cao Bằng', '5310181317', '2021-09-23 08:47:48', 'admin', 4, 3, NULL, 12, 1),
	(121, 'Thôn Trung tâm, xã Bản Lầu, H Mường Khương, Lào Cai', '5310182407', '2021-09-23 08:47:48', 'admin', 4, 3, NULL, 12, 1),
	(122, 'Thôn Quán Trắng, xã Liên Sơn, Huyện Lạc Thủy, T.Hòa Bình.', '5310182648', '2021-09-23 08:47:48', 'admin', 4, 3, NULL, 12, 1),
	(123, 'Phố Cà, xã Thanh Nguyên, huyện Thanh Liêm, tỉnh hà Nam', '5310182646', '2021-09-23 08:47:48', 'admin', 4, 3, NULL, 12, 1),
	(124, 'Khối 7 - TT Hưng Nguyên, huyện Hưng Nguyên, tỉnh Nghệ An', '5310182921', '2021-09-23 08:47:48', 'admin', 4, 3, 5, 12, 1),
	(125, 'Thôn 1, Xã Thọ Thế, Huyện Triệu Sơn, Tỉnh Thanh Hóa', '5310180904', '2021-09-23 08:47:48', 'admin', 4, 3, 5, 12, 1),
	(126, 'Số 148 phố Lê Hoàn, TT Ngọc Lặc, huyện Ngọc Lặc, tỉnh Thanh Hóa', '5310182491', '2021-09-23 08:47:48', 'admin', 4, 3, 5, 12, 1),
	(127, 'Số 09 Đường Nguyễn Trung Thiên, TT Hương Khê, tỉnh Hà Tĩnh', '5310183047', '2021-09-23 08:47:48', 'admin', 4, 3, 5, 12, 1),
	(128, '377 Quang Trung, TX Ba Đồn, Quảng Trạch, Quảng Bình', '5310182874', '2021-09-23 08:47:48', 'admin', 4, 1, 1, 12, 1),
	(129, 'Đường Trần Hưng Đạo, P.Tân Thành, TP Ninh Bình, Tỉnh Ninh Bình', '5310181300', '2021-09-23 08:47:48', 'admin', 4, 3, NULL, 12, 1),
	(130, 'Tổ 2, Đường Lương Ngọc Quyến, Phường Hoàng Văn Thụ, TP Thái Nguyên, , Tỉnh Thái Nguyên', '5310182357', '2021-09-23 08:47:48', 'admin', 4, 3, NULL, 12, 1),
	(131, 'Thị tứ Chợ Chanh, Xã Nhân Mỹ, Huyện Lý Nhân, Tỉnh Hà Nam', '5310182599', '2021-09-23 08:47:48', 'admin', 4, 3, NULL, 12, 1),
	(132, 'Số 212 Định Hà Công Thượng, quận Hoàng Mai, TP Hà Nội', '5310181268', '2021-09-23 08:47:48', 'admin', 4, 3, NULL, 12, 1),
	(133, 'Đường Lê Chân, Phường Lê Hồng Phong, TP Phủ Lý, Tỉnh hà Nam', '5310181660', '2021-09-23 08:47:48', 'admin', 4, 3, NULL, 12, 1),
	(134, 'Số 155 Trần Hưng Đạo, TT Quỳnh Côi, Quỳnh Phụ, Thái Bình', '5310180613', '2021-09-23 08:47:48', 'admin', 4, 3, NULL, 12, 1),
	(135, 'Hoàng Hoa Thám, TT Cầu Gồ, Yên Thế, Bắc Giang', '5310180737', '2021-09-23 08:47:48', 'admin', 4, 3, NULL, 12, 1),
	(136, 'Số 04 đường Hà Nội, phường Thượng Lý, Q. Hồng Bàng, TP.Hải Phòng', '5310180972', '2021-09-23 08:47:48', 'admin', 4, 3, NULL, 12, 1),
	(137, 'Thị trấn Phú Minh, huyện Phú Xuyên, TP Hà Nội', '5310180698', '2021-09-23 08:47:48', 'admin', 4, 3, NULL, 12, 1),
	(138, 'PGD Phúc Trạch, xã Hương Trà, huyện Hương Khê, tỉnh Hà Tĩnh', '5310180619', '2021-09-23 08:47:48', 'admin', 4, 3, 5, 12, 1),
	(139, 'Số 09 đường Đà Nẵng, TT Núi Đèo, H.Thủy Nguyên, TP.Hải Phòng', '5310180683', '2021-09-23 08:47:48', 'admin', 4, 3, 8, 12, 1),
	(140, 'Khu 6, TT Diêm Điền, H Thái Thụy, T Thái Bình', '5310181652', '2021-09-23 08:47:48', 'admin', 4, 3, NULL, 12, 1),
	(141, 'Trung tâm TM (siêu thị Big C) xã Tân Tiến, TP Bắc Giang, Tỉnh Bắc Giang', '5310181493', '2021-09-23 08:47:48', 'admin', 4, 3, NULL, 12, 1),
	(142, 'Khu phố 1, TT Hương Canh, Bình Xuyên, Vĩnh Phúc', '5310181373', '2021-09-23 08:47:48', 'admin', 4, 3, NULL, 12, 1),
	(143, 'Số 43 đường Đinh Tiên Hoàng, TP Yên Bái, Tỉnh Yên Bái', '5310182902', '2021-09-23 08:47:48', 'admin', 4, 3, NULL, 12, 1),
	(144, 'Khu 2, TT Lam Sơn, H Thọ Xuân, tỉnh Thanh Hóa', '5310180603', '2021-09-23 08:47:48', 'admin', 4, 3, 5, 12, 1),
	(145, 'SN 37, phố Lê Lợi, phường Quảng Yên, TX Quảng Yên, tỉnh Quảng Ninh', '5310181936', '2021-09-23 08:47:48', 'admin', 4, 3, 8, 12, 1),
	(146, 'PGD Bách Nhẫn, xã Hùng Sơn, huyện Hiệp Hòa, Tỉnh Bắc Giang', '5310182628', '2021-09-23 08:47:48', 'admin', 4, 3, NULL, 12, 1),
	(147, 'Xã Chấn Hưng, Huyện Vĩnh Tường, Tỉnh Vĩnh Phúc', '5310181379', '2021-09-23 08:47:48', 'admin', 4, 3, NULL, 12, 1),
	(148, 'Khu 1 TT Thanh Hà, huyện Thanh Hà, Tỉnh Hải Dương', '5310182468', '2021-09-23 08:47:48', 'admin', 4, 3, NULL, 12, 1),
	(149, 'Tổ dân phố 8, TT Mậu A, huyện Văn Yên, tỉnh Yên Bái', '5310182501', '2021-09-23 08:47:48', 'admin', 4, 3, NULL, 12, 1),
	(150, 'Số 301 Phố Nam Dư, phường Lĩnh Nam, Hoàng Mai, Hà Nội', '5310181535', '2021-09-23 08:47:48', 'admin', 4, 3, NULL, 12, 1),
	(151, 'Trụ sở Agribank TT Cao Thượng, huyện Tân Yên, Tỉnh Bắc Giang', '5310181415', '2021-09-23 08:47:48', 'admin', 4, 3, NULL, 12, 1),
	(152, 'Số 03, Phố Tiểu Hoàng, TT Tiền Hải, Tỉnh Thái Bình', '5310182590', '2021-09-23 08:47:48', 'admin', 4, 3, NULL, 12, 1),
	(153, 'A2 Chung cư La Khê, Q. Hà Đông, TP. Hà Nội', '5310181485', '2021-09-23 08:47:48', 'admin', 4, 3, NULL, 12, 1),
	(154, 'Số 138, Hoàng Văn Thụ, TPTN', '5310181366', '2021-09-23 08:47:48', 'admin', 4, 3, NULL, 12, 1),
	(155, 'Số 43 đường Đinh Tiên Hoàng, phường Đồng Tâm, TP Yên Bái, Tỉnh Yên Bái', '5310183028', '2021-09-23 08:47:48', 'admin', 4, 3, NULL, 12, 1),
	(156, 'Km2, đường 315, phường Trường Thịnh, TX Phú Thọ, tỉnh Phú Thọ', '5310181004', '2021-09-23 08:47:48', 'admin', 4, 3, 7, 12, 1),
	(157, 'Khối 3, TT Mường Chà, huyện Mường Chà, tỉnh Điện Biên', '5310181481', '2021-09-23 08:47:48', 'admin', 4, 3, NULL, 12, 1),
	(158, '97 Tân Dân, TT Thừa, Huyện Lương Tài, Tỉnh Bắc Ninh', '5310181086', '2021-09-23 08:47:48', 'admin', 4, 3, NULL, 12, 1),
	(159, '307 Bà Triệu, Thị trấn Nông Cống, Nông Cống, Thanh Hóa', '5310181401', '2021-09-23 08:47:48', 'admin', 4, 3, 5, 12, 1),
	(160, 'TT Chờ, Yên Phong, Bắc Ninh', '5310183305', '2021-09-23 08:47:48', 'admin', 4, 3, NULL, 12, 1),
	(161, 'Cổng B KCN Thăng Long, Quận Bắc Từ Liêm, TP Hà Nội', '5310182457', '2021-09-23 08:47:48', 'admin', 4, 3, NULL, 12, 1),
	(162, 'Số 003A đường Hoàng Liên, P.Cốc Lếu, TP Lào Cai, Tỉnh Lào Cai', '5310181524', '2021-09-23 08:47:48', 'admin', 4, 3, NULL, 12, 1),
	(163, 'Xã Thái Hòa, huyện Hàm Yên, Tuyên Quang', '5310180711', '2021-09-23 08:47:48', 'admin', 4, 3, 7, 12, 1),
	(164, 'Số 95 Trần Thành Ngọ, quận Kiến An, TP Hải Phòng', '5310181409', '2021-09-23 08:47:48', 'admin', 4, 3, 8, 12, 1),
	(165, 'Tổ dân Phố Nhân Hòa, TT Thiên Cẩm, huyện Cẩm Xuyên, Tỉnh Hà Tĩnh', '5310181805', '2021-09-23 08:47:48', 'admin', 4, 3, 5, 12, 1),
	(166, 'TT Chờ, Yên Phong, Bắc Ninh', '5310181595', '2021-09-23 08:47:48', 'admin', 4, 3, NULL, 12, 1),
	(167, 'Số 112 Nguyễn Văn Cừ, Minh Xuân, Tuyên Quang', '5310182322', '2021-09-23 08:47:48', 'admin', 4, 3, NULL, 12, 1),
	(168, 'Lê Hồng Phong, phường Văn Giang, TP.Ninh Bình, Tỉnh Ninh Bình', '5310182720', '2021-09-23 08:47:48', 'admin', 4, 3, NULL, 12, 1),
	(169, 'Thị trấn Lộc Hà, H.Lộc Hà, Hà Tĩnh', '5310181235', '2021-09-23 08:47:48', 'admin', 4, 3, 5, 12, 1),
	(170, 'Thôn Đại Lộc, xã Đại Hợp, huyện Kiến Thụy, Hải Phòng', '5310181356', '2021-09-23 08:47:48', 'admin', 4, 3, 8, 12, 1),
	(171, 'Số 11 đường 351, TT An Dương, H.An Dương, TP.Hải Phòng', '5310181350', '2021-09-23 08:47:48', 'admin', 4, 3, 8, 12, 1),
	(172, 'Phố Độc Lập, thị trấn Vụ Bản, huyện Lạc Sơn, tỉnh Hòa Bình.', '5310181592', '2021-09-23 08:47:48', 'admin', 4, 3, NULL, 12, 1),
	(173, 'Tổ 5, TT Điện Biên Đông, huyện Điện Biên Đông, tỉnh Điện Biên', '5310181077', '2021-09-23 08:47:48', 'admin', 4, 3, NULL, 12, 1),
	(174, 'Tổ 9, TT Nông Trường Trần Phú, huyện Văn Chấn, Yên Bái', '5310182682', '2021-09-23 08:47:48', 'admin', 4, 3, NULL, 12, 1),
	(175, '21 Nguyễn Tất Thành, TT Kiến Giang, Lệ Thủy, Quảng Bình', '5310181637', '2021-09-23 08:47:48', 'admin', 4, 1, 1, 12, 1),
	(176, 'Khu 1, thị trấn Kỳ Sơn, huyện Kỳ Sơn, tỉnh Hòa Bình.', '5310181516', '2021-09-23 08:47:48', 'admin', 4, 3, NULL, 12, 1),
	(177, '30 Lê Đại Hành, Quận Hai Bà Trưng, TP Hà Nội', '5310182728', '2021-09-23 08:47:48', 'admin', 4, 3, NULL, 12, 1),
	(178, 'Quốc lộ 38B, xã Yên Bình, huyện Ý Yên, Nam Định', '5310181876', '2021-09-23 08:47:48', 'admin', 4, 3, NULL, 12, 1),
	(179, '24 Láng Hạ, Quận Đống Đa, TP Hà Nội', '5310182609', '2021-09-23 08:47:48', 'admin', 4, 3, NULL, 12, 1),
	(180, 'Tổ 6 TT Đông Hưng, huyện Đông Hưng, Thái Bình', '5310180706', '2021-09-23 08:47:48', 'admin', 4, 3, NULL, 12, 1),
	(181, 'Khu Thống Nhất, TT Lai Cách, huyện Cầm Giàng, Tỉnh Hải Dương', '5310180949', '2021-09-23 08:47:48', 'admin', 4, 3, NULL, 12, 1),
	(182, 'Xã Tân Sơn, huyện Kim Bảng,Tỉnh Hà Nam', '5310182690', '2021-09-23 08:47:48', 'admin', 4, 3, NULL, 12, 1),
	(183, 'Số 289, đường Trường Chính, phường Ba Hàng, thị xã Phổ Yên, tỉnh Thái Nguyên', '5310181067', '2021-09-23 08:47:48', 'admin', 4, 3, NULL, 12, 1),
	(184, 'Đường Tuệ Tĩnh, P.Nam Thành, TP Ninh Bình, Tỉnh Ninh Bình', '5310181342', '2021-09-23 08:47:48', 'admin', 4, 3, NULL, 12, 1),
	(185, 'Số 01 Ngô Quyền, phường Quảng Yên, TX Quảng Yên, Tỉnh Quảng Ninh', '5310183246', '2021-09-23 08:47:48', 'admin', 4, 3, 8, 12, 1),
	(186, 'Xã Trung Hội, huyện Định Hóa, tỉnh Thái Nguyên', '5310181101', '2021-09-23 08:47:48', 'admin', 4, 3, NULL, 12, 1),
	(187, 'Thôn An Nông, xã Nam Tiến, huyện Nam Trực, Nam Định', '5310181189', '2021-09-23 08:47:48', 'admin', 4, 3, NULL, 12, 1),
	(188, 'Số 10, đường CMT8, phường Phan Đình Phùng, TP Thái Nguyên, Tỉnh Thái Nguyên', '5310181464', '2021-09-23 08:47:48', 'admin', 4, 3, NULL, 12, 1),
	(189, 'Thôn Giếng, Xã Tiên Lục, Huyện Lạng Giang, Tỉnh Bắc Giang', '5310182676', '2021-09-23 08:47:48', 'admin', 4, 3, NULL, 12, 1),
	(190, 'Tổ 3, Thị trấn Yên Minh, Huyện Yên Minh, Tỉnh Hà Giang', '5310183241', '2021-09-23 08:47:48', 'admin', 4, 3, NULL, 12, 1),
	(191, 'Xóm Phố, xã La Hiên, huyện Võ Nhai, tỉnh Thái Nguyên', '5310183244', '2021-09-23 08:47:48', 'admin', 4, 3, NULL, 12, 1),
	(192, 'Tổ 19, đường Quang Trung, phường Thịnh Đán, TP Thái Nguyên, Tỉnh Thái Nguyên', '5310183243', '2021-09-23 08:47:48', 'admin', 4, 3, NULL, 12, 1),
	(193, 'Số 279 đường Thống Nhất, phường Gia Sàng, TP.Thái Nguyên, Tỉnh Thái Nguyên', '5310181747', '2021-09-23 08:47:48', 'admin', 4, 3, NULL, 12, 1),
	(194, 'Số 619, đường Nguyễn Văn Linh, phường Bần Yên Nhân, thị xã Mỹ Hào, tỉnh Hưng Yên', '5310182799', '2021-09-23 08:47:49', 'admin', 4, 3, NULL, 12, 1),
	(195, 'Số 4 khu Cẩm Xuân, TT Núi Đối, huyện Kiến Thụy - Hải Phòng', '5310181629', '2021-09-23 08:47:49', 'admin', 4, 3, 8, 12, 1),
	(196, 'TT Me, huyện Gia Viễn, tỉnh Ninh Bình', '5310181590', '2021-09-23 08:47:49', 'admin', 4, 3, NULL, 12, 1),
	(197, 'Xã Thượng Lâm, huyện Lâm Bình, Tỉnh Tuyên Quang', '5310183235', '2021-09-23 08:47:49', 'admin', 4, 3, NULL, 12, 1),
	(198, 'Phố Lê Lương - TT Đầm Hà Quảng Ninh, Tỉnh Quảng Ninh', '5310181332', '2021-09-23 08:47:49', 'admin', 4, 3, NULL, 12, 1),
	(199, 'Số 04, đường Tả Ao, Thị trấn Nghi Xuân, Hà Tĩnh', '5310183234', '2021-09-23 08:47:49', 'admin', 4, 3, 5, 12, 1),
	(200, 'PGD Chợ Lơi, Vụ Bản, Nam Định', '5310181173', '2021-09-23 08:47:49', 'admin', 4, 3, NULL, 12, 1),
	(201, 'Tế Tiêu, TT Đại Nghĩa, H.Mỹ Đức, TP Hà Nội', '5310183233', '2021-09-23 08:47:49', 'admin', 4, 3, NULL, 12, 1),
	(202, 'TT Đồng Tâm, huyện Chợ Mới, Tỉnh Bắc Kạn', '5310181451', '2021-09-23 08:47:49', 'admin', 4, 3, NULL, 12, 1),
	(203, 'Khu Nhân Cầu 2, TT Hưng Hà, huyện Hưng Hà, Thái Bình', '5310182385', '2021-09-23 08:47:49', 'admin', 4, 3, NULL, 12, 1),
	(204, 'Số 01, đường Phan Đình Phùng, TP Hà Tĩnh, Tỉnh Hà Tĩnh', '5310182781', '2021-09-23 08:47:49', 'admin', 4, 3, 5, 12, 1),
	(205, 'Tổ dân phố 4, Thị trấn Vũ Quang, Hà Tĩnh', '5310181617', '2021-09-23 08:47:49', 'admin', 4, 3, 5, 12, 1),
	(206, 'KCN Yên Dương, huyện Ý Yên, Tỉnh Nam Định', '5310183239', '2021-09-23 08:47:49', 'admin', 4, 3, NULL, 12, 1),
	(207, 'Thôn 3, Tiên Yên, xã Tân Thành, huyện Hàm Yên', '5310183238', '2021-09-23 08:47:49', 'admin', 4, 3, NULL, 12, 1),
	(208, 'Khu 2 TT Mường Tè, huyện Mường Tè, tỉnh Lai Châu', '5310182944', '2021-09-23 08:47:49', 'admin', 4, 3, NULL, 12, 1),
	(209, 'Xã Lam Sơn, Huyện Ngọc Lặc, Tỉnh Thanh Hóa', '5310180645', '2021-09-23 08:47:49', 'admin', 4, 3, 5, 12, 1),
	(210, 'Số 37 đường Hồ Xuân Hương, P.Trường Sơn, TT Sầm Sơn, TP Sầm Sơn, tỉnh Thanh Hóa', '5310180920', '2021-09-23 08:47:49', 'admin', 4, 3, 5, 12, 1),
	(211, '27 Nguyễn Thái Học, TT Phùng, huyện Đan Phượng, TP Hà Nội', '5310180929', '2021-09-23 08:47:49', 'admin', 4, 3, NULL, 12, 1),
	(212, 'Thị tứ Thanh Quang, xã Thanh Quang, huyện Nam Sách, tỉnh Hải Dương', '5310182393', '2021-09-23 08:47:49', 'admin', 4, 3, NULL, 12, 1),
	(213, 'Xóm Gió, xã Ký Phú, huyện Đại Từ, tỉnh Thái Nguyên', '5310183240', '2021-09-23 08:47:49', 'admin', 4, 3, NULL, 12, 1),
	(214, 'Số 347B, đường Trần Phú, phường Cẩm Thành, TP Cẩm Phả, tỉnh Quảng Ninh', '5310182150', '2021-09-23 08:47:49', 'admin', 4, 3, NULL, 12, 1),
	(215, 'Xóm Mậu 2, xã Kim Liên, huyện Nam Đàn, Tỉnh Nghệ An', '5310182376', '2021-09-23 08:47:49', 'admin', 4, 3, 5, 12, 1),
	(216, 'Đường QLO1A, thôn Sơn Thịnh, xã Kỳ Tiến, huyện Kỳ, Tỉnh Hà Tĩnh', '5310181322', '2021-09-23 08:47:49', 'admin', 4, 3, 5, 12, 1),
	(217, '97 đường Nguyễn Văn Trỗi, P.Lương Khánh Thiện, TP.Phủ Lý, tỉnh Hà Nam', '5310180591', '2021-09-23 08:47:49', 'admin', 4, 3, NULL, 12, 1),
	(218, 'Phố Hồng Thái mới, TT Quảng Uyên, huyện Quảng Uyên, Tỉnh Cao Bằng', '5310181560', '2021-09-23 08:47:49', 'admin', 4, 3, NULL, 12, 1),
	(219, 'TT Bình Mỹ, Huyện Bình Lục, Tỉnh Hà Nam', '5310181446', '2021-09-23 08:47:49', 'admin', 4, 3, NULL, 12, 1),
	(220, 'PGD Nầm, thôn Bãi Trạm, xã Sơ Châu, huyện Hương Sơn, Hà Tĩnh', '5310183227', '2021-09-23 08:47:49', 'admin', 4, 3, 5, 12, 1),
	(221, '5 Nguyễn Huệ, P. Lào Cai, Tp Lào Cai', '5310180996', '2021-09-23 08:47:49', 'admin', 4, 3, NULL, 12, 1),
	(222, 'Cổng B KCN Thăng Long, Quận Bắc Từ Liêm, TP Hà Nội', '5310181601', '2021-09-23 08:47:49', 'admin', 4, 3, NULL, 12, 1),
	(223, 'Đường Lê Chân, Phường Lê Hồng Phong, TP Phủ Lý, Tỉnh hà Nam', '5310182416', '2021-09-23 08:47:49', 'admin', 4, 3, NULL, 12, 1),
	(224, 'Số 42, đường Trần Phú, TX Hồng Lĩnh, Hà Tĩnh', '5310180755', '2021-09-23 08:47:49', 'admin', 4, 3, 5, 12, 1),
	(225, 'phường Đình Bảng, thị xã Từ Sơn, tỉnh Bắc Ninh', '5310180639', '2021-09-23 08:47:49', 'admin', 4, 3, NULL, 12, 1);
/*!40000 ALTER TABLE `history` ENABLE KEYS */;

-- Dumping structure for table atmservice.job
CREATE TABLE IF NOT EXISTS `job` (
  `id` bigint(20) NOT NULL AUTO_INCREMENT,
  `serial_number` varchar(50) NOT NULL,
  `check_in_time` datetime NOT NULL,
  `check_out_time` datetime DEFAULT NULL,
  `job_reason` varchar(255) DEFAULT NULL,
  `status` tinyint(1) NOT NULL,
  `note` varchar(255) DEFAULT NULL,
  `job_error` varchar(255) DEFAULT NULL,
  `user_id` bigint(20) NOT NULL,
  `complete_time` datetime DEFAULT NULL,
  `is_maintenance` tinyint(1) DEFAULT NULL,
  `is_kpsc` tinyint(1) DEFAULT NULL,
  `file_path` varchar(255) DEFAULT NULL,
  PRIMARY KEY (`id`),
  KEY `fk_atm_1_idx` (`serial_number`),
  KEY `fk_job_user_idx` (`user_id`),
  CONSTRAINT `fk_job_atm` FOREIGN KEY (`serial_number`) REFERENCES `atm` (`serial_number`) ON DELETE NO ACTION ON UPDATE NO ACTION,
  CONSTRAINT `fk_job_user` FOREIGN KEY (`user_id`) REFERENCES `user` (`id`) ON DELETE NO ACTION ON UPDATE NO ACTION
) ENGINE=InnoDB AUTO_INCREMENT=773 DEFAULT CHARSET=utf8mb4;

-- Dumping data for table atmservice.job: ~425 rows (approximately)
/*!40000 ALTER TABLE `job` DISABLE KEYS */;
INSERT INTO `job` (`id`, `serial_number`, `check_in_time`, `check_out_time`, `job_reason`, `status`, `note`, `job_error`, `user_id`, `complete_time`, `is_maintenance`, `is_kpsc`, `file_path`) VALUES
	(111, 'J821012686', '2021-07-16 10:01:47', '2021-07-16 10:04:17', NULL, 2, NULL, NULL, 23, '2021-07-16 10:01:58', 1, 1, '/report/J821012686/report-20210716100349.pdf'),
	(113, '5300378254', '2021-07-16 10:49:56', '2021-07-16 11:10:31', NULL, 2, 'màn hình tối,vệt đen giữa màn hình.cn yêu cầu thay màn hình khác', NULL, 13, '2021-07-16 11:09:14', 0, 1, '/report/5300378254/report-20210716111021.pdf'),
	(115, '5310107122', '2021-07-16 14:27:33', '2021-07-19 16:18:01', NULL, 2, NULL, NULL, 23, '2021-07-19 16:17:54', 1, 0, '/report/5310107122/report-20210716143229.pdf'),
	(117, '5300380305', '2021-07-16 15:19:40', '2021-07-16 15:26:40', NULL, 2, 'thay thế đầu đọc thẻ', NULL, 18, '2021-07-16 15:19:49', 1, 1, '/report/5300380305/report-20210716152604.pdf'),
	(131, '5300380669', '2021-07-16 17:33:23', '2021-07-16 17:41:24', NULL, 2, 'sửa chữa hộp tiền loại và theo dõi thêm', NULL, 25, '2021-07-16 17:40:50', 0, 1, '/report/5300380669/report-20210716174117.pdf'),
	(135, '5300378254', '2021-07-19 10:54:08', '2021-07-19 10:55:26', NULL, 2, NULL, NULL, 23, '2021-07-19 10:54:16', 0, 1, '/report/5300378254/report-20210719105518.pdf'),
	(137, '5300378276', '2021-07-19 14:03:01', '2021-07-19 15:04:59', NULL, 2, NULL, NULL, 21, '2021-07-19 15:03:44', 0, 1, '/report/5300378276/report-20210719150444.pdf'),
	(138, '56HGL00269', '2021-07-19 14:07:36', '2021-07-19 14:58:54', NULL, 2, NULL, NULL, 7, '2021-07-19 14:58:23', 1, 1, '/report/56HGL00269/report-20210719145851.pdf'),
	(139, '5300377168', '2021-07-19 15:59:35', '2021-07-19 16:24:50', NULL, 2, NULL, NULL, 16, '2021-07-19 16:24:27', 1, 0, NULL),
	(140, '5300378203', '2021-07-19 16:07:59', '2021-07-19 16:10:12', NULL, 2, 'thay thê', NULL, 20, '2021-07-19 16:08:35', 0, 1, '/report/5300378203/report-20210719161008.pdf'),
	(141, '56HG707946', '2021-07-19 16:11:43', '2021-07-19 16:17:47', NULL, 2, NULL, NULL, 23, '2021-07-19 16:17:32', 1, 0, NULL),
	(142, '56HG806307', '2021-07-19 17:42:49', '2021-07-19 17:49:52', NULL, 2, 'gỡ dây thun kẹt trong presenter', NULL, 18, '2021-07-19 17:43:04', 0, 1, '/report/56HG806307/report-20210719174948.pdf'),
	(143, '56HGL00284', '2021-07-20 09:02:24', '2021-07-20 10:03:49', NULL, 2, NULL, NULL, 23, '2021-07-20 10:03:38', 1, 0, NULL),
	(144, '56HGL03505', '2021-07-20 10:27:51', '2021-07-20 11:29:30', NULL, 2, NULL, NULL, 23, '2021-07-20 11:29:20', 1, 0, NULL),
	(145, '5300378254', '2021-07-20 10:33:38', '2021-07-20 10:42:16', NULL, 2, 'máy này đã thay đầu đọc nhiều lần. ', NULL, 18, '2021-07-20 10:40:47', 0, 1, '/report/5300378254/report-20210720104212.pdf'),
	(146, '5300380536', '2021-07-20 12:46:45', '2021-07-20 13:18:48', NULL, 2, 'tiền kẹt tại clamp', NULL, 13, '2021-07-20 12:47:08', 1, 1, '/report/5300380536/report-20210720131821.pdf'),
	(147, '5310106165', '2021-07-20 14:19:01', '2021-07-20 14:33:11', NULL, 2, NULL, NULL, 13, '2021-07-20 14:31:50', 0, 1, '/report/5310106165/report-20210720143302.pdf'),
	(148, '56HG805391', '2021-07-20 15:58:45', '2021-07-20 16:47:38', NULL, 2, 'thay thế dây curoa Extractor\n', NULL, 16, '2021-07-20 16:27:23', 1, 1, '/report/56HG805391/report-20210720162915.pdf'),
	(149, 'J821012715', '2021-07-21 08:25:52', '2021-07-21 08:31:49', NULL, 2, NULL, NULL, 29, '2021-07-21 08:27:29', 0, 1, '/report/J821012715/report-20210721083121.pdf'),
	(150, '5300381704', '2021-07-21 09:28:13', '2021-07-21 09:33:34', NULL, 2, NULL, NULL, 24, '2021-07-21 09:28:24', 0, 1, '/report/5300381704/report-20210721093148.pdf'),
	(151, '56HGL00293', '2021-07-21 09:28:49', '2021-07-21 10:23:32', NULL, 2, NULL, NULL, 23, '2021-07-21 10:23:22', 1, 0, NULL),
	(152, '5310183305', '2021-07-21 09:29:49', '2021-07-21 09:39:36', NULL, 2, 'máy báo lỗi 1.7,đứt cáp clamp (đầu cáp cắm vào main cmd).', NULL, 13, '2021-07-21 09:29:53', 0, 1, '/report/5310183305/report-20210721093913.pdf'),
	(153, '56HG707953', '2021-07-21 10:33:13', '2021-07-21 11:35:53', NULL, 2, NULL, NULL, 23, '2021-07-21 11:35:44', 1, 0, NULL),
	(154, 'J821001604', '2021-07-21 10:46:37', '2021-07-21 10:57:16', NULL, 2, 'máy được chuyển đến thôn Ngân Cầu,tt chờ,Yên Phong,bắc ninh', NULL, 13, '2021-07-21 10:54:52', 0, 1, '/report/J821001604/report-20210721105656.pdf'),
	(155, '56HG806299', '2021-07-21 11:37:00', '2021-07-21 11:44:40', NULL, 2, NULL, NULL, 17, '2021-07-21 11:43:36', 0, 1, '/report/56HG806299/report-20210721114434.pdf'),
	(156, '5310182628', '2021-07-21 14:33:53', '2021-07-21 15:21:04', NULL, 2, 'máy báo lỗi 53', NULL, 13, '2021-07-21 15:20:19', 0, 1, '/report/5310182628/report-20210721152058.pdf'),
	(157, '56HG806301', '2021-07-21 15:12:32', '2021-07-21 16:57:46', NULL, 2, 'Máy đã chuyển địa chỉ sang PDG Vạn Mỹ - đường Đà Nẵng- Hải Phòng', NULL, 38, '2021-07-21 16:55:17', 1, 1, '/report/56HG806301/report-20210721165734.pdf'),
	(158, '56HGL03522', '2021-07-22 08:00:20', '2021-07-22 11:02:38', NULL, 2, NULL, NULL, 21, '2021-07-22 10:58:55', 0, 1, '/report/56HGL03522/report-20210722110234.pdf'),
	(159, '5300380642', '2021-07-22 09:56:37', '2021-07-22 10:28:20', NULL, 2, 'máy liên tục tự khởi động lại', NULL, 13, '2021-07-22 10:26:39', 1, 1, '/report/5300380642/report-20210722102800.pdf'),
	(162, '5300381813', '2021-07-22 14:31:50', '2021-07-22 14:54:49', NULL, 2, NULL, NULL, 13, '2021-07-22 14:53:47', 1, 1, '/report/5300381813/report-20210722145434.pdf'),
	(163, '5300378851', '2021-07-23 10:38:04', '2021-07-23 12:13:18', NULL, 2, NULL, NULL, 33, '2021-07-23 12:12:55', 1, 0, '/report/5300378851/report-20210723114021.pdf'),
	(164, '5300378851', '2021-07-23 12:14:08', '2021-07-23 12:15:20', NULL, 2, NULL, NULL, 33, '2021-07-23 12:14:25', 0, 1, '/report/5300378851/report-20210723121514.pdf'),
	(167, '5300377933', '2021-07-23 15:59:25', '2021-07-23 16:00:06', NULL, 2, NULL, NULL, 21, '2021-07-23 15:59:28', 1, 0, NULL),
	(168, '5300381712', '2021-07-26 09:31:21', '2021-07-26 09:33:27', NULL, 2, NULL, NULL, 24, '2021-07-26 09:33:00', 0, 1, '/report/5300381712/report-20210726093314.pdf'),
	(170, '56HG805388', '2021-07-27 10:01:34', '2021-07-27 10:04:05', NULL, 2, NULL, NULL, 24, '2021-07-27 10:01:45', 0, 1, '/report/56HG805388/report-20210727100335.pdf'),
	(171, '56hgl03545', '2021-07-27 14:37:25', '2021-07-27 14:51:27', NULL, 2, NULL, NULL, 13, '2021-07-27 14:50:40', 1, 1, '/report/56hgl03545/report-20210727145121.pdf'),
	(172, '5310181629', '2021-07-28 11:03:07', '2021-07-28 11:10:47', NULL, 2, 'phát sinh lỗi máy in cần được thay thế', NULL, 38, '2021-07-28 11:09:37', 0, 1, '/report/5310181629/report-20210728111043.pdf'),
	(173, '56HG806299', '2021-07-28 11:05:56', '2021-07-28 12:28:42', NULL, 2, NULL, NULL, 23, '2021-07-28 12:27:27', 0, 1, '/report/56HG806299/report-20210728122832.pdf'),
	(174, '56hgl03545', '2021-07-28 14:28:27', '2021-07-28 15:20:02', NULL, 2, 'máy bị mất thông số HĐH khi bị ngắt điện đột ngột, máy này rất nóng ảnh hưởng đến hoạt động của máy tính bên trong ATM.', NULL, 16, '2021-07-28 15:18:37', 0, 1, '/report/56hgl03545/report-20210728151949.pdf'),
	(175, '56hgl03545', '2021-07-29 14:47:45', '2021-07-29 15:53:21', NULL, 2, NULL, NULL, 16, '2021-07-29 15:50:34', 0, 1, '/report/56hgl03545/report-20210729155318.pdf'),
	(177, 'J821012672', '2021-07-29 16:20:38', '2021-07-29 16:30:22', NULL, 2, 'Kiểm tra và load lại Firmware, sau đó dùng thẻ Chip test và nhờ Trung Tâm Thẻ MB kiểm tra thì OK', NULL, 27, '2021-07-29 16:20:43', 0, 1, '/report/J821012672/report-20210729162953.pdf'),
	(178, 'J821012695', '2021-07-29 16:36:03', '2021-07-29 17:10:39', NULL, 2, 'Kiểm tra và load lại Firmware cho Card Reader. Dùng thẻ Chip test và nhờ Trung Tâm Thẻ MB kiểm tra thì OK', NULL, 27, '2021-07-29 17:09:18', 0, 1, '/report/J821012695/report-20210729171029.pdf'),
	(179, '5300380322', '2021-07-30 09:13:08', '2021-07-30 09:46:18', NULL, 2, 'Hướng dẫn từ xa, máy ATM hoạt động bình thường', NULL, 27, '2021-07-30 09:44:35', 0, 1, '/report/5300380322/report-20210730094605.pdf'),
	(180, '56HG806317', '2021-07-30 09:25:38', '2021-07-30 10:02:43', NULL, 2, 'CMD Board: Thay 01 pin CMD.', NULL, 26, '2021-07-30 10:00:07', 0, 1, '/report/56HG806317/report-20210730100106.pdf'),
	(181, '5300378276', '2021-07-30 10:02:33', '2021-07-30 10:24:44', NULL, 2, 'máy bị lắp sai trục đánh tiền tại Extractor tầng 2', NULL, 16, '2021-07-30 10:23:13', 0, 1, '/report/5300378276/report-20210730102441.pdf'),
	(182, 'J821012693', '2021-08-02 11:07:27', '2021-08-02 12:13:43', NULL, 2, NULL, NULL, 23, '2021-08-02 12:09:52', 0, 1, '/report/J821012693/report-20210802121331.pdf'),
	(183, '5300380374', '2021-08-03 08:44:50', '2021-08-03 09:50:49', NULL, 2, NULL, NULL, 35, '2021-08-03 09:49:56', 0, 1, '/report/5300380374/report-20210803095031.pdf'),
	(184, '56HGL00284', '2021-08-03 09:33:30', '2021-08-03 10:40:28', 'ngân hàng quên không mang khoá két. máy vẫn đang lỗi bptt. clamp đưa ra trả phát được phát không. ngân hàng đã hẹn sáng mai khắc phục tiếp. ', 3, NULL, NULL, 7, '2021-08-03 10:37:57', 0, 1, '/report/56HGL00284/report-20210803104025.pdf'),
	(185, 'J821002769', '2021-08-03 10:11:36', '2021-08-03 10:44:20', NULL, 2, 'KH sử dụng bộ khay mới, khi init bị loạn nên trả tiền k đúng. Sau khi xly đã rút test thử nhiều lần nhiều mệnh giá.', NULL, 10, '2021-08-03 10:40:53', 0, 1, '/report/J821002769/report-20210803104406.pdf'),
	(188, '56HG805404', '2021-08-03 10:58:12', '2021-08-03 11:14:29', NULL, 2, 'Hướng dẫn thay thế đầu đọc thẻ.', NULL, 26, '2021-08-03 11:13:16', 0, 1, '/report/56HG805404/report-20210803111408.pdf'),
	(189, '5300378203', '2021-08-03 11:26:22', '2021-08-04 11:34:21', NULL, 2, NULL, NULL, 21, '2021-08-03 11:33:00', 0, 1, '/report/5300378203/report-20210804113418.pdf'),
	(190, '56HGL00269', '2021-08-03 14:47:18', '2021-08-03 15:33:15', NULL, 2, NULL, NULL, 7, '2021-08-03 15:33:01', 0, 1, '/report/56HGL00269/report-20210803153313.pdf'),
	(191, '5310181629', '2021-08-03 14:54:58', '2021-08-03 16:01:22', NULL, 2, NULL, NULL, 38, '2021-08-03 15:59:29', 0, 1, '/report/5310181629/report-20210803160118.pdf'),
	(192, '56HG707974', '2021-08-03 14:59:41', '2021-08-03 15:33:08', NULL, 2, 'Hướng dẫn thay thế Extractor', NULL, 26, '2021-08-03 15:31:10', 0, 1, '/report/56HG707974/report-20210803153248.pdf'),
	(194, '5300380326', '2021-08-04 07:37:47', '2021-08-04 07:39:38', NULL, 2, NULL, NULL, 24, '2021-08-04 07:37:52', 0, 1, '/report/5300380326/report-20210804073910.pdf'),
	(195, '56HG707933', '2021-08-04 09:19:45', '2021-08-04 11:27:14', NULL, 2, NULL, NULL, 35, '2021-08-04 11:25:03', 1, 1, '/report/56HG707933/report-20210804112648.pdf'),
	(196, '56HGL03540', '2021-08-04 10:14:07', '2021-08-04 12:21:18', NULL, 2, NULL, NULL, 7, '2021-08-04 12:20:06', 0, 1, '/report/56HGL03540/report-20210804122115.pdf'),
	(197, '56hgl00284', '2021-08-04 11:32:35', '2021-08-04 11:33:15', NULL, 2, NULL, NULL, 21, '2021-08-04 11:32:44', 0, 1, '/report/56hgl00284/report-20210804113311.pdf'),
	(198, '56HGL00300', '2021-08-04 13:37:30', '2021-08-04 14:40:19', NULL, 2, 'hướng dẫn thay đổi mệnh giá 50k thành 200k', NULL, 25, '2021-08-04 14:36:39', 0, 1, '/report/56HGL00300/report-20210804143957.pdf'),
	(199, '5310180692', '2021-08-04 16:32:02', '2021-08-04 17:16:25', 'chưa thay thiết bị đợi hàng', 2, 'thường xuyên offline báo lỗi suspend, đợi gửi hàng thay thế', NULL, 25, '2021-08-04 17:12:53', 0, 1, '/report/5310180692/report-20210804171606.pdf'),
	(200, '5300380622', '2021-08-05 07:41:42', '2021-08-05 08:25:49', NULL, 2, 'Hướng dẫn từ xa, máy atm hoạt động bình thường.', NULL, 26, '2021-08-05 08:23:55', 0, 1, '/report/5300380622/report-20210805082513.pdf'),
	(201, '5310180692', '2021-08-05 10:16:07', '2021-08-05 10:59:01', NULL, 2, 'hướng dẫn từ xa sửa tạm hộp 500k bị vướng lò xo nắp đen hộp', NULL, 25, '2021-08-05 10:56:17', 0, 1, '/report/5310180692/report-20210805105852.pdf'),
	(202, '5300380773', '2021-08-05 13:48:30', '2021-08-05 15:05:58', NULL, 2, 'Thay dây cáp từ Board điều khiển lên Transport way; Cạo lại cap Clamp do bị đứt ngầm; Dùng tiền test bằng Kdiag, chỉnh GAP tầng 200k', NULL, 27, '2021-08-05 15:02:15', 0, 1, '/report/5300380773/report-20210805150521.pdf'),
	(203, '56HGL00284', '2021-08-09 10:42:48', '2021-08-09 15:45:16', NULL, 2, 'Clamp không khoá được, căn chỉnh lại đệm mút dưới miếng thép', NULL, 20, '2021-08-09 11:02:00', 0, 1, '/report/56HGL00284/report-20210809154513.pdf'),
	(204, '56HG707967', '2021-08-09 15:15:23', '2021-08-09 15:43:14', NULL, 2, 'Bộ phận trả tiền lỗi 2-3, hướng dẫn từ xa. Máy ATM hoạt động bình thường.', NULL, 26, '2021-08-09 15:39:20', 0, 1, '/report/56HG707967/report-20210809154251.pdf'),
	(205, '56HGL03524', '2021-08-09 15:38:14', '2021-08-09 15:39:52', NULL, 2, NULL, NULL, 24, '2021-08-09 15:38:20', 0, 1, '/report/56HGL03524/report-20210809153928.pdf'),
	(206, '56hg707968', '2021-08-10 10:27:15', '2021-08-10 10:31:05', NULL, 2, NULL, NULL, 20, '2021-08-10 10:27:17', 0, 1, '/report/56hg707968/report-20210810103059.pdf'),
	(207, '56Hg806301', '2021-08-12 14:49:29', '2021-08-12 15:08:21', NULL, 2, NULL, NULL, 38, '2021-08-12 15:08:00', 0, 1, '/report/56Hg806301/report-20210812150812.pdf'),
	(208, '5310107143', '2021-08-13 09:00:59', '2021-08-13 09:57:58', NULL, 2, NULL, NULL, 38, '2021-08-13 09:56:52', 0, 1, '/report/5310107143/report-20210813095750.pdf'),
	(209, '5300380354', '2021-08-13 09:18:10', '2021-08-13 09:59:11', NULL, 2, NULL, NULL, 24, '2021-08-13 09:55:00', 0, 1, '/report/5300380354/report-20210813095901.pdf'),
	(210, '5310181629', '2021-08-14 09:44:36', '2021-08-14 12:12:10', 'thiết bị mang theo lỗi , hiện tại máy đọc được thẻ chip', 3, NULL, NULL, 38, '2021-08-14 12:10:41', 0, 1, '/report/5310181629/report-20210814121201.pdf'),
	(211, '56HGL03527', '2021-08-16 11:42:12', '2021-08-16 12:18:47', NULL, 2, 'Hướng dẫn từ xa thay thế presenter, máy atm hoạt động bình thường.', NULL, 26, '2021-08-16 12:17:19', 0, 1, '/report/56HGL03527/report-20210816121833.pdf'),
	(212, '5310181629', '2021-08-17 09:19:34', '2021-08-17 11:08:44', NULL, 2, NULL, NULL, 38, '2021-08-17 11:08:00', 0, 1, '/report/5310181629/report-20210817110839.pdf'),
	(213, '56HGL00301', '2021-08-17 11:04:34', '2021-08-17 11:41:04', NULL, 2, 'Hướng dẫn gỡ tiền kẹt tại DDU', NULL, 27, '2021-08-17 11:40:08', 0, 1, '/report/56HGL00301/report-20210817114055.pdf'),
	(214, 'J821002771', '2021-08-17 14:52:02', '2021-08-17 16:10:04', NULL, 2, 'hỏng trục cao su cửa ra giấy', NULL, 23, '2021-08-17 15:59:39', 0, 1, '/report/J821002771/report-20210817160951.pdf'),
	(215, '5310182376', '2021-08-18 08:46:47', '2021-08-18 08:52:20', NULL, 2, NULL, NULL, 24, '2021-08-18 08:46:53', 0, 1, '/report/5310182376/report-20210818085212.pdf'),
	(216, '5310181629', '2021-08-19 09:31:05', '2021-08-19 10:05:55', 'chưa có thiết bị thay thế ', 3, NULL, NULL, 38, '2021-08-19 10:04:55', 0, 1, '/report/5310181629/report-20210819100547.pdf'),
	(217, '5300380322', '2021-08-19 14:25:39', '2021-08-19 15:34:58', NULL, 2, 'Máy ATM bị treo ứng dụng và mất kết nối. Hướng dẫn kiểm tra PC core, phát hiện Card mạng bị hỏng không nhận. Mua cáp chuyển USB to LAN gắn vào, nhập lại địa chỉ IP. Máy ATM hoạt động bình thường', NULL, 27, '2021-08-19 15:21:49', 0, 1, '/report/5300380322/report-20210819153411.pdf'),
	(218, '56HG806311', '2021-08-19 16:44:18', '2021-08-19 17:30:15', NULL, 2, 'Lỗi mất TMK ( Giao dịch vấn tin, rút tiền báo sai mã pin). Hướng dẫn từ xa nhập lại TMK. máy online và hoạt động bình thường.', NULL, 26, '2021-08-19 17:28:30', 0, 1, '/report/56HG806311/report-20210819173001.pdf'),
	(220, '5310182349', '2021-08-23 11:44:06', '2021-08-23 12:28:05', NULL, 2, NULL, NULL, 38, '2021-08-23 12:27:40', 0, 1, '/report/5310182349/report-20210823122803.pdf'),
	(221, '5310181409', '2021-08-23 15:40:29', '2021-08-23 18:05:08', 'lỗi PC bật không lên , chưa có thiết bị thay thế', 3, NULL, NULL, 38, '2021-08-23 18:03:53', 0, 1, '/report/5310181409/report-20210823180506.pdf'),
	(222, '5310181629', '2021-08-24 09:31:28', '2021-08-24 09:56:08', NULL, 2, NULL, NULL, 38, '2021-08-24 09:55:17', 0, 1, '/report/5310181629/report-20210824095600.pdf'),
	(224, 'J821006594', '2021-08-25 10:10:48', '2021-08-25 10:47:57', NULL, 2, NULL, NULL, 23, '2021-08-25 10:47:17', 0, 1, '/report/J821006594/report-20210825104751.pdf'),
	(225, '56HG707930', '2021-08-26 10:48:47', '2021-08-26 12:14:14', NULL, 2, NULL, NULL, 17, '2021-08-26 11:30:00', 1, 0, NULL),
	(226, '56HG707954', '2021-08-30 10:20:40', '2021-08-30 12:50:12', NULL, 2, NULL, NULL, 17, '2021-08-30 11:30:00', 1, 0, NULL),
	(227, '5310181409', '2021-08-30 11:08:15', '2021-08-30 12:19:12', NULL, 2, NULL, NULL, 38, '2021-08-30 12:18:23', 1, 1, '/report/5310181409/report-20210830121908.pdf'),
	(228, '56HG805392', '2021-08-30 15:20:53', '2021-08-30 16:08:38', NULL, 2, 'Thay dây curoa ẽ1, ghost lại hệ điều hành', NULL, 20, '2021-08-30 16:05:07', 1, 1, '/report/56HG805392/report-20210830160831.pdf'),
	(230, '56HG806308', '2021-08-31 09:22:13', '2021-08-31 10:14:35', NULL, 2, NULL, NULL, 20, '2021-08-31 10:14:10', 0, 1, '/report/56HG806308/report-20210831101429.pdf'),
	(231, '5310181356', '2021-08-31 09:26:33', '2021-08-31 10:50:57', NULL, 2, NULL, NULL, 38, '2021-08-31 10:50:49', 1, 0, NULL),
	(232, '56HG707937', '2021-08-31 10:15:30', '2021-08-31 10:17:47', NULL, 2, 'tầng 10k hỏng côn, vỡ miếng nhựa đen. Cần thay thế', NULL, 18, '2021-08-31 10:17:00', 1, 1, '/report/56HG707937/report-20210831101734.pdf'),
	(233, '56HG707968', '2021-08-31 10:18:23', '2021-08-31 10:19:15', NULL, 2, NULL, NULL, 18, '2021-08-31 10:18:35', 0, 1, '/report/56HG707968/report-20210831101912.pdf'),
	(234, '5310182349', '2021-08-31 14:52:13', '2021-08-31 16:25:21', NULL, 2, NULL, NULL, 38, '2021-08-31 16:25:14', 1, 0, NULL),
	(235, '5300380476', '2021-09-06 14:06:44', '2021-09-06 15:00:10', NULL, 2, NULL, NULL, 23, '2021-09-06 14:59:05', 0, 1, '/report/5300380476/report-20210906150003.pdf'),
	(237, '56HG707959', '2021-09-07 12:34:37', '2021-09-07 20:43:57', NULL, 2, NULL, NULL, 7, '2021-09-07 20:43:01', 1, 1, '/report/56HG707959/report-20210907204345.pdf'),
	(238, '56HG707974', '2021-09-07 13:57:35', '2021-09-07 14:31:18', NULL, 2, 'Hướng dẫn thay thế Ex1, init, học tiền. Máy ATM hoạt bình thường.', NULL, 26, '2021-09-07 14:28:16', 0, 1, '/report/56HG707974/report-20210907143057.pdf'),
	(239, '56HG707930', '2021-09-07 14:34:31', '2021-09-07 15:13:42', NULL, 2, NULL, NULL, 17, '2021-09-07 15:11:29', 0, 1, '/report/56HG707930/report-20210907151329.pdf'),
	(240, '56HGL00271', '2021-09-13 14:12:24', '2021-09-13 14:39:07', NULL, 2, NULL, NULL, 24, '2021-09-13 14:12:28', 1, 0, NULL),
	(242, '56HG707970', '2021-09-14 14:57:18', '2021-09-14 14:59:57', NULL, 2, 'hướng dẫn từ xa', NULL, 36, '2021-09-14 14:59:19', 0, 1, '/report/56HG707970/report-20210914145948.pdf'),
	(243, '56HG707948', '2021-09-15 09:34:26', '2021-09-15 09:36:01', NULL, 2, NULL, NULL, 24, '2021-09-15 09:34:34', 0, 1, '/report/56HG707948/report-20210915093555.pdf'),
	(244, '5310180683', '2021-09-15 14:08:45', '2021-09-15 15:34:58', NULL, 2, NULL, NULL, 38, '2021-09-15 15:34:47', 1, 0, NULL),
	(245, '56HG806317', '2021-09-15 14:55:51', '2021-09-15 17:18:26', NULL, 2, NULL, NULL, 26, '2021-09-15 17:17:01', 1, 1, '/report/56HG806317/report-20210915171816.pdf'),
	(246, 'J821012672', '2021-09-15 15:28:06', '2021-09-15 15:56:57', NULL, 2, 'Lỗi 1-7, hướng dẫn từ xa đưa Clamp về vị trí mặc định. Theo dõi thêm', NULL, 27, '2021-09-15 15:53:02', 0, 1, '/report/J821012672/report-20210915155649.pdf'),
	(249, '5310180972', '2021-09-16 08:33:45', '2021-09-16 09:33:36', NULL, 2, NULL, NULL, 38, '2021-09-16 09:33:27', 1, 0, NULL),
	(250, '5300381704', '2021-09-16 08:57:46', '2021-09-16 09:03:09', NULL, 2, NULL, NULL, 24, '2021-09-16 08:57:59', 1, 1, '/report/5300381704/report-20210916090303.pdf'),
	(251, 'J821012679', '2021-09-16 09:29:17', '2021-09-16 10:08:32', NULL, 2, 'Lỗi 2-3, hướng dẫn từ xa đưa Clamp về vị trí mặc định. Theo dõi thêm', NULL, 27, '2021-09-16 10:07:36', 0, 1, '/report/J821012679/report-20210916100814.pdf'),
	(252, '5310105339', '2021-09-16 09:39:10', '2021-09-16 16:35:49', NULL, 2, NULL, NULL, 38, '2021-09-16 16:35:42', 1, 0, NULL),
	(253, '56HG806308', '2021-09-16 10:23:40', '2021-09-16 10:39:03', NULL, 2, 'không rút được tiền tại khay 500,100', NULL, 23, '2021-09-16 10:37:34', 1, 1, '/report/56HG806308/report-20210916103856.pdf'),
	(254, '56HG707981', '2021-09-16 15:22:04', '2021-09-16 16:51:39', NULL, 2, 'Máy ATM hoạt động bình thường', NULL, 27, '2021-09-16 16:50:51', 1, 1, '/report/56HG707981/report-20210916165126.pdf'),
	(255, '56HGL03505', '2021-09-16 16:25:35', '2021-09-16 17:01:46', NULL, 2, 'lỗi cửa shutter\n', NULL, 23, '2021-09-16 16:56:21', 1, 1, '/report/56HGL03505/report-20210916165817.pdf'),
	(256, '56HG805388', '2021-09-17 08:54:30', '2021-09-17 08:55:28', NULL, 2, NULL, NULL, 24, '2021-09-17 08:54:37', 0, 1, '/report/56HG805388/report-20210917085521.pdf'),
	(257, '5310105339', '2021-09-17 08:56:11', '2021-09-17 11:27:08', NULL, 2, NULL, NULL, 38, '2021-09-17 11:26:40', 0, 1, '/report/5310105339/report-20210917112702.pdf'),
	(258, '56HG805398', '2021-09-17 09:34:19', '2021-09-17 10:18:47', NULL, 2, 'thay thế truc cao su cuốn giấy\n\n', NULL, 23, '2021-09-17 10:16:56', 1, 1, '/report/56HG805398/report-20210917101835.pdf'),
	(259, '56HG707968', '2021-09-17 10:19:36', '2021-09-17 11:30:45', NULL, 2, 'vệ sinh clamp\n', NULL, 23, '2021-09-17 11:29:17', 1, 1, '/report/56HG707968/report-20210917113035.pdf'),
	(260, 'J821012720', '2021-09-17 10:40:04', '2021-09-17 11:14:02', NULL, 2, 'Treo lỗi 2-6. Hướng dẫn đưa về 1-1, load lại FW, học tiền lại. Theo dõi thêm', NULL, 27, '2021-09-17 11:12:59', 0, 1, '/report/J821012720/report-20210917111346.pdf'),
	(262, '56HGL03537', '2021-09-17 14:08:32', '2021-09-17 16:39:50', NULL, 2, NULL, NULL, 23, '2021-09-17 16:39:23', 0, 1, '/report/56HGL03537/report-20210917163945.pdf'),
	(263, '5310107143', '2021-09-17 15:34:05', '2021-09-17 17:34:25', NULL, 2, NULL, NULL, 38, '2021-09-17 17:34:18', 1, 0, NULL),
	(264, '5310182376', '2021-09-17 15:36:17', '2021-09-17 15:37:06', NULL, 2, NULL, NULL, 24, '2021-09-17 15:36:19', 0, 1, '/report/5310182376/report-20210917153701.pdf'),
	(265, '5300378254', '2021-09-17 16:38:05', '2021-09-17 17:40:12', NULL, 2, NULL, NULL, 23, '2021-09-17 17:39:29', 0, 1, '/report/5300378254/report-20210917174007.pdf'),
	(266, '5310181356', '2021-09-18 08:55:17', '2021-09-18 10:30:17', NULL, 2, NULL, NULL, 38, '2021-09-18 10:29:38', 0, 1, '/report/5310181356/report-20210918103012.pdf'),
	(267, '5310180755', '2021-09-19 22:33:03', '2021-09-20 19:55:51', NULL, 2, NULL, NULL, 24, '2021-09-20 19:55:09', 1, 1, '/report/5310180755/report-20210920195543.pdf'),
	(268, '5300378613', '2021-09-20 10:12:49', '2021-09-20 11:02:15', NULL, 2, 'hd thay thế và theo dõi thêm', NULL, 25, '2021-09-20 11:01:26', 0, 1, '/report/5300378613/report-20210920110211.pdf'),
	(269, '56hg806321', '2021-09-20 10:16:05', '2021-09-20 11:49:29', NULL, 2, NULL, NULL, 38, '2021-09-20 11:48:48', 1, 1, '/report/56hg806321/report-20210920114921.pdf'),
	(270, '5310180878', '2021-09-20 11:15:04', '2021-09-20 11:16:34', NULL, 2, 'máy lỗi 9.0', NULL, 13, '2021-09-20 11:15:15', 0, 1, '/report/5310180878/report-20210920111613.pdf'),
	(271, '5300381669', '2021-09-20 11:16:54', '2021-09-20 11:17:56', NULL, 2, 'lỗi 2.9', NULL, 13, '2021-09-20 11:16:57', 0, 1, '/report/5300381669/report-20210920111751.pdf'),
	(272, '5300380763', '2021-09-20 11:18:24', '2021-09-20 11:19:01', NULL, 2, 'máy lỗi 1.7', NULL, 13, '2021-09-20 11:18:26', 0, 1, '/report/5300380763/report-20210920111858.pdf'),
	(273, '5310107225', '2021-09-20 11:19:36', '2021-09-20 11:21:31', NULL, 2, 'lỗi 1.9, 2.3', NULL, 13, '2021-09-20 11:19:41', 0, 1, '/report/5310107225/report-20210920112125.pdf'),
	(274, '5300378257', '2021-09-20 11:22:23', '2021-09-20 11:23:31', NULL, 2, 'lỗi sensor từ đầu nhận thẻ', NULL, 13, '2021-09-20 11:22:25', 0, 1, '/report/5300378257/report-20210920112321.pdf'),
	(275, '56HG805398', '2021-09-20 14:53:10', '2021-09-20 14:58:20', NULL, 2, NULL, NULL, 23, '2021-09-20 14:57:43', 0, 1, '/report/56HG805398/report-20210920145811.pdf'),
	(276, '5310105901', '2021-09-20 16:07:56', '2021-09-20 16:09:00', NULL, 2, '1 pre', NULL, 13, '2021-09-20 16:08:03', 0, 1, '/report/5310105901/report-20210920160855.pdf'),
	(277, '5300380019', '2021-09-20 17:39:09', '2021-09-20 17:40:37', NULL, 2, 'hướng dẫn thay thế card mạng ', NULL, 13, '2021-09-20 17:39:10', 0, 1, '/report/5300380019/report-20210920174029.pdf'),
	(278, '5310182921', '2021-09-20 19:56:31', '2021-09-20 20:00:06', NULL, 2, NULL, NULL, 24, '2021-09-20 19:59:44', 1, 1, '/report/5310182921/report-20210920200004.pdf'),
	(279, '5300380006', '2021-09-21 07:59:07', '2021-09-21 07:59:53', NULL, 2, 'hướng dẫn từ xa ( máy lỗi 9.0)', NULL, 13, '2021-09-21 07:59:08', 0, 1, '/report/5300380006/report-20210921075947.pdf'),
	(280, '5310105311', '2021-09-21 08:13:01', '2021-09-21 08:13:59', NULL, 2, 'hướng dẫn từ xa ( không nhận bất kỳ loại thẻ nào)', NULL, 13, '2021-09-21 08:13:03', 0, 1, '/report/5310105311/report-20210921081356.pdf'),
	(281, 'J821012691', '2021-09-21 08:53:47', '2021-09-21 09:21:22', NULL, 2, 'máy bị đứt dây curoa tời ra giấy', NULL, 16, '2021-09-21 09:19:54', 0, 1, '/report/J821012691/report-20210921092115.pdf'),
	(282, '5310181109', '2021-09-21 09:23:40', '2021-09-21 10:25:04', NULL, 2, NULL, NULL, 23, '2021-09-21 10:24:55', 1, 0, NULL),
	(283, '5310180916', '2021-09-21 09:36:01', '2021-09-21 09:36:14', NULL, 2, NULL, NULL, 24, '2021-09-21 09:36:03', 1, 0, NULL),
	(286, '5310182550', '2021-09-21 10:20:57', '2021-09-21 11:09:46', NULL, 2, NULL, NULL, 17, '2021-09-21 11:09:28', 1, 0, NULL),
	(287, '5300380278', '2021-09-21 10:21:11', '2021-09-21 10:21:30', NULL, 2, NULL, NULL, 20, '2021-09-21 10:21:16', 1, 0, NULL),
	(288, '5300378273', '2021-09-21 10:37:55', '2021-09-21 10:49:51', NULL, 2, 'Hướng dẫn từ xa fix lỗi 9-0', NULL, 27, '2021-09-21 10:49:19', 0, 1, '/report/5300378273/report-20210921104943.pdf'),
	(291, 'J821012719', '2021-09-21 14:25:47', '2021-09-21 14:27:17', NULL, 2, 'Đổi toàn bộ các tầng từ ghép A -> ghép B', NULL, 18, '2021-09-21 14:25:59', 0, 1, '/report/J821012719/report-20210921142704.pdf'),
	(292, '56HG707968', '2021-09-21 14:56:48', '2021-09-21 15:24:03', NULL, 2, NULL, NULL, 16, '2021-09-21 14:56:51', 0, 1, '/report/56HG707968/report-20210921152356.pdf'),
	(293, '5310107227', '2021-09-21 16:22:13', '2021-09-22 10:51:39', NULL, 2, NULL, NULL, 16, '2021-09-22 09:13:28', 1, 1, '/report/5310107227/report-20210922091426.pdf'),
	(294, '5310181532', '2021-09-21 18:46:38', '2021-09-21 18:47:31', NULL, 2, 'hướng dẫn từ xa( lỗi 1.9)', NULL, 13, '2021-09-21 18:46:39', 0, 1, '/report/5310181532/report-20210921184723.pdf'),
	(295, '5310182628', '2021-09-21 18:48:08', '2021-09-21 18:49:27', NULL, 2, 'hướng dẫn từ xa ( có băng dính ko gỡ được). phải gửi máy in hoá đơn nhờ bank thay giúp', NULL, 13, '2021-09-21 18:48:16', 0, 1, '/report/5310182628/report-20210921184922.pdf'),
	(296, '5300378257', '2021-09-21 18:49:53', '2021-09-21 18:51:18', NULL, 2, 'hướng dẫn từ xa ( do miếng nhựa chặn đầu đọc bị vênh, lệch). đã hd bỏ lò xo và căn chỉnh đầu đọc thẻ', NULL, 13, '2021-09-21 18:49:54', 0, 1, '/report/5300378257/report-20210921185114.pdf'),
	(298, '5310182742', '2021-09-22 08:07:42', '2021-09-22 08:08:52', NULL, 2, NULL, NULL, 24, '2021-09-22 08:07:49', 1, 1, '/report/5310182742/report-20210922080848.pdf'),
	(299, '5300380520', '2021-09-22 09:49:35', '2021-09-22 09:51:35', NULL, 2, 'hướng dẫn từ xa ( máy lỗi 29)', NULL, 13, '2021-09-22 09:49:36', 0, 1, '/report/5300380520/report-20210922095130.pdf'),
	(300, '5300378844', '2021-09-22 10:22:51', '2021-09-22 10:24:33', NULL, 2, 'Đã gửi Hộp tiền cho khách hàng và đã cho hoạt động. ', NULL, 27, '2021-09-22 10:22:52', 0, 1, '/report/5300378844/report-20210922102407.pdf'),
	(301, '5300378844', '2021-09-22 10:32:38', '2021-09-22 10:33:35', NULL, 2, 'Đã gửi trả Hộp tiền cho khách hàng và đã cho hoạt động.', NULL, 27, '2021-09-22 10:32:39', 0, 1, '/report/5300378844/report-20210922103322.pdf'),
	(302, '5310181268', '2021-09-22 10:52:22', '2021-09-22 11:46:20', NULL, 2, NULL, NULL, 16, '2021-09-22 10:52:27', 1, 0, NULL),
	(303, '56HGL00288', '2021-09-22 11:20:42', '2021-09-22 12:21:23', NULL, 2, NULL, NULL, 23, '2021-09-22 12:20:49', 1, 1, '/report/56HGL00288/report-20210922122119.pdf'),
	(304, '5310181004', '2021-09-22 11:26:04', '2021-09-22 12:18:05', NULL, 2, NULL, NULL, 17, '2021-09-22 12:17:51', 1, 0, NULL),
	(305, '56HGL03545', '2021-09-22 12:24:10', '2021-09-22 13:38:04', NULL, 2, NULL, NULL, 23, '2021-09-22 13:37:56', 1, 0, NULL),
	(306, '5300380351', '2021-09-22 13:36:08', '2021-09-22 13:37:10', NULL, 2, 'hướng dẫn từ xa (máy lỗi 21,25 do kẹt tiền tại ddu)', NULL, 13, '2021-09-22 13:36:09', 0, 1, '/report/5300380351/report-20210922133702.pdf'),
	(307, '5300380445', '2021-09-22 14:22:50', '2021-09-22 14:59:26', NULL, 2, 'Lỗi 1-9. Hướng dẫn thay thế clamp.', NULL, 26, '2021-09-22 14:57:34', 0, 1, '/report/5300380445/report-20210922145914.pdf'),
	(308, '5310180720', '2021-09-22 14:30:17', '2021-09-22 14:31:08', NULL, 2, 'hướng dẫn từ xa (kẹt tiền,không cl dc quỹ)', NULL, 13, '2021-09-22 14:30:20', 0, 1, '/report/5310180720/report-20210922143104.pdf'),
	(309, '56HG707942', '2021-09-22 15:17:43', '2021-09-22 15:19:21', NULL, 2, 'hướng dẫn qua đt: máy bị lỗi côn tầng 500k. đã hướng dẫn đảo vị trí với khay 10k cho máy chạy tạm. ', NULL, 7, '2021-09-22 15:17:44', 0, 1, '/report/56HG707942/report-20210922151914.pdf'),
	(310, '56HG806314', '2021-09-22 15:20:37', '2021-09-22 15:21:57', NULL, 2, 'hướng dẫn tùe xa ( lỗi 9.0 và mất thông số hộp tiền báo NREF)', NULL, 13, '2021-09-22 15:20:39', 0, 1, '/report/56HG806314/report-20210922152153.pdf'),
	(311, '56HG806315', '2021-09-22 15:28:08', '2021-09-22 15:28:43', NULL, 2, 'ghost', NULL, 20, '2021-09-22 15:28:13', 0, 1, '/report/56HG806315/report-20210922152839.pdf'),
	(312, '5310181181', '2021-09-22 15:30:09', '2021-09-22 18:29:01', NULL, 2, NULL, NULL, 18, '2021-09-22 16:46:53', 1, 0, NULL),
	(313, '5310180785', '2021-09-22 16:07:10', '2021-09-22 16:08:51', NULL, 3, 'hướng dẫn khách hàng xử lý lỗi 90 báo tại cmd', NULL, 16, '2021-09-22 16:07:16', 0, 1, '/report/5310180785/report-20210922160847.pdf'),
	(314, '5310180785', '2021-09-22 16:09:54', '2021-09-22 16:10:48', NULL, 2, 'hướng dẫn từ xa khách hàng xử lý lỗi 90', NULL, 16, '2021-09-22 16:09:55', 0, 1, '/report/5310180785/report-20210922161044.pdf'),
	(315, '56HG707943', '2021-09-22 16:26:03', '2021-09-22 16:26:53', NULL, 2, 'hướng dẫn từ xa\n', NULL, 19, '2021-09-22 16:26:06', 0, 1, '/report/56HG707943/report-20210922162650.pdf'),
	(316, '56HGL03544', '2021-09-22 16:27:11', '2021-09-22 16:28:01', NULL, 2, 'hướng dẫn qua điện thoại', NULL, 19, '2021-09-22 16:27:13', 0, 1, '/report/56HGL03544/report-20210922162758.pdf'),
	(317, '5310182988', '2021-09-23 09:24:09', '2021-09-23 09:24:22', NULL, 2, NULL, NULL, 24, '2021-09-23 09:24:10', 1, 0, NULL),
	(318, '5310182491', '2021-09-23 10:27:53', '2021-09-23 10:29:20', NULL, 2, 'hướng dẫn từ xa (thay thế 01 ex tầng 2)', NULL, 13, '2021-09-23 10:27:54', 0, 1, '/report/5310182491/report-20210923102915.pdf'),
	(319, '5310181566', '2021-09-23 10:29:38', '2021-09-23 10:31:04', NULL, 2, 'hướng dẫn từ xa (không cl được khay tiền,máy lỗi 01)', NULL, 13, '2021-09-23 10:29:39', 0, 1, '/report/5310181566/report-20210923103058.pdf'),
	(320, '5310107302', '2021-09-23 10:38:50', '2021-09-23 11:21:03', NULL, 2, NULL, NULL, 17, '2021-09-23 11:20:56', 1, 0, NULL),
	(321, '5300380362', '2021-09-23 11:00:31', '2021-09-23 11:58:17', NULL, 2, 'Tiền loại nhiều. Hướng dẫn từ xa chỉnh GapB sang Gap C tầng 100k và 500k và vệ sinh bộ phận trả tiền.', NULL, 26, '2021-09-23 11:56:24', 0, 1, '/report/5300380362/report-20210923115805.pdf'),
	(322, '5300380271', '2021-09-23 11:27:13', '2021-09-23 11:27:53', NULL, 2, 'hướng dẫn từ xa (máy báo lỗi 90).', NULL, 13, '2021-09-23 11:27:14', 0, 1, '/report/5300380271/report-20210923112749.pdf'),
	(323, '5310181300', '2021-09-23 13:11:18', '2021-09-23 13:12:26', NULL, 2, 'hướng dẫn từ xa (máy lỗi 1.8,9.3,9.0)', NULL, 13, '2021-09-23 13:11:20', 0, 1, '/report/5310181300/report-20210923131218.pdf'),
	(325, '5310107122', '2021-09-23 14:09:36', '2021-09-23 14:11:05', NULL, 2, 'hướng dẫn từ xa (lỗi kẹt giấy)', NULL, 13, '2021-09-23 14:09:37', 0, 1, '/report/5310107122/report-20210923141055.pdf'),
	(326, '5310105484', '2021-09-23 14:21:00', '2021-09-23 17:20:12', NULL, 2, NULL, NULL, 23, '2021-09-23 17:20:05', 1, 0, NULL),
	(327, '5310180750', '2021-09-23 14:28:14', '2021-09-23 14:41:29', NULL, 2, NULL, NULL, 24, '2021-09-23 14:28:19', 1, 0, NULL),
	(328, '56HG806307', '2021-09-23 14:29:53', '2021-09-23 15:16:09', NULL, 2, NULL, NULL, 16, '2021-09-23 15:14:34', 0, 1, '/report/56HG806307/report-20210923151601.pdf'),
	(329, '5310106119', '2021-09-23 15:07:55', '2021-09-23 15:08:33', NULL, 2, 'Hướng dẫn qua đt: reset lỗi 01', NULL, 7, '2021-09-23 15:07:56', 0, 1, '/report/5310106119/report-20210923150830.pdf'),
	(330, '5310181014', '2021-09-23 15:42:04', '2021-09-23 16:05:51', NULL, 2, NULL, NULL, 17, '2021-09-23 16:05:45', 1, 0, NULL),
	(331, '5300380647', '2021-09-23 17:14:17', '2021-09-23 17:17:08', NULL, 2, 'gia cố sensor shutter', NULL, 19, '2021-09-23 17:15:31', 0, 1, '/report/5300380647/report-20210923171656.pdf'),
	(332, '5310182424', '2021-09-23 17:22:42', '2021-09-23 17:22:52', NULL, 2, NULL, NULL, 20, '2021-09-23 17:22:45', 1, 0, NULL),
	(333, '5310180766', '2021-09-23 17:41:32', '2021-09-23 17:42:38', NULL, 2, 'hướng dẫn từ xa (thay thế main pc)', NULL, 13, '2021-09-23 17:41:33', 0, 1, '/report/5310180766/report-20210923174228.pdf'),
	(334, '5310183240', '2021-09-23 17:42:49', '2021-09-23 17:43:38', NULL, 2, 'hướng dẫn từ xa (lỗi 1.8, dây curoa tuột ra khỏi trục ex)', NULL, 13, '2021-09-23 17:42:50', 0, 1, '/report/5310183240/report-20210923174335.pdf'),
	(335, '5300377933', '2021-09-24 09:07:22', '2021-09-24 10:29:31', NULL, 2, NULL, NULL, 23, '2021-09-24 10:29:25', 1, 0, NULL),
	(336, '5310106103', '2021-09-24 09:41:53', '2021-09-24 09:43:21', NULL, 2, 'hướng dẫn từ xa (thay thế epp)', NULL, 13, '2021-09-24 09:41:54', 0, 1, '/report/5310106103/report-20210924094315.pdf'),
	(337, '5310182491', '2021-09-24 09:51:16', '2021-09-24 09:53:00', NULL, 2, 'hướng dẫn qua đt: xem log thấy máy thường xuyên bị 1-9. hướng dẫn cạo lại cable. ', NULL, 7, '2021-09-24 09:51:17', 0, 1, '/report/5310182491/report-20210924095257.pdf'),
	(338, '5310106165', '2021-09-24 09:53:22', '2021-09-24 09:54:41', NULL, 2, 'Hướng dẫn qua đt: không đưa được khay tiền vào máy sau khi thay ex đã gửi. hd lắp lại ex. ', NULL, 7, '2021-09-24 09:53:22', 0, 1, '/report/5310106165/report-20210924095438.pdf'),
	(340, '5310105869', '2021-09-24 10:16:41', '2021-09-24 10:17:07', NULL, 2, NULL, NULL, 20, '2021-09-24 10:17:01', 1, 0, NULL),
	(341, '56HG806315', '2021-09-24 10:46:18', '2021-09-24 12:32:33', NULL, 2, NULL, NULL, 23, '2021-09-24 12:31:10', 0, 1, '/report/56HG806315/report-20210924123228.pdf'),
	(342, '56HGL00301', '2021-09-24 14:19:41', '2021-09-24 14:50:08', NULL, 2, 'Lỗi 2-5. Hướng dẫn qua đt: Gỡ tiền kẹt và dây xu tại DDU.', NULL, 26, '2021-09-24 14:47:31', 0, 1, '/report/56HGL00301/report-20210924144937.pdf'),
	(343, '5310181058', '2021-09-24 15:15:31', '2021-09-24 17:04:01', NULL, 2, NULL, NULL, 16, '2021-09-24 17:03:50', 1, 0, NULL),
	(344, '5310180929', '2021-09-24 15:25:40', '2021-09-24 15:26:53', NULL, 2, NULL, NULL, 18, '2021-09-24 16:26:00', 1, 0, NULL),
	(345, '5310182690', '2021-09-25 10:56:14', '2021-09-25 10:57:16', NULL, 2, 'hướng dẫn từ xa (lỗi cửa trên báo mở).', NULL, 13, '2021-09-25 10:56:16', 0, 1, '/report/5310182690/report-20210925105713.pdf'),
	(346, '5310182491', '2021-09-25 10:57:37', '2021-09-25 10:58:32', NULL, 2, 'hướng dẫn từ xa (cửa trên báo mở).', NULL, 13, '2021-09-25 10:57:39', 0, 1, '/report/5310182491/report-20210925105829.pdf'),
	(347, '5310107258', '2021-09-27 08:15:02', '2021-09-27 08:15:42', NULL, 2, 'hướng dẫn từ xa (máy lỗi 1.7)', NULL, 13, '2021-09-27 08:15:04', 0, 1, '/report/5310107258/report-20210927081538.pdf'),
	(348, '5300378007', '2021-09-27 08:15:54', '2021-09-27 08:16:41', NULL, 2, 'hướng dẫn từ xa (máy lỗi 1.8)', NULL, 13, '2021-09-27 08:15:55', 0, 1, '/report/5300378007/report-20210927081638.pdf'),
	(349, '5310181617', '2021-09-27 09:48:56', '2021-09-27 09:49:33', NULL, 2, 'hướng dẫn từ xa (máy lỗi 2.5)', NULL, 13, '2021-09-27 09:48:58', 0, 1, '/report/5310181617/report-20210927094929.pdf'),
	(350, '56HG707953', '2021-09-27 10:04:07', '2021-09-27 11:34:05', NULL, 2, NULL, NULL, 23, '2021-09-27 11:32:55', 1, 1, '/report/56HG707953/report-20210927113353.pdf'),
	(351, '5310181193', '2021-09-27 10:06:57', '2021-09-27 10:09:10', NULL, 2, NULL, NULL, 24, '2021-09-27 10:08:37', 1, 0, NULL),
	(352, '5310107122', '2021-09-27 11:32:38', '2021-09-27 11:32:49', NULL, 2, NULL, NULL, 20, '2021-09-27 11:32:43', 1, 0, NULL),
	(353, '5310182530', '2021-09-27 11:39:23', '2021-09-27 15:41:53', NULL, 2, NULL, NULL, 16, '2021-09-27 15:41:41', 1, 0, NULL),
	(354, '5310181223', '2021-09-27 11:39:24', '2021-09-27 11:41:02', NULL, 2, 'hướng dẫn từ xa (máy lỗi 1.7)', NULL, 13, '2021-09-27 11:39:25', 0, 1, '/report/5310181223/report-20210927114053.pdf'),
	(355, '5310181516', '2021-09-27 11:39:28', '2021-09-27 11:45:54', NULL, 2, 'hướng dẫn online', NULL, 21, '2021-09-27 11:44:12', 0, 1, '/report/5310181516/report-20210927114542.pdf'),
	(356, '5300380006', '2021-09-27 11:41:22', '2021-09-27 11:41:56', NULL, 2, 'hướng dẫn từ xa (máy lỗi 1.8)', NULL, 13, '2021-09-27 11:41:23', 0, 1, '/report/5300380006/report-20210927114152.pdf'),
	(358, '5310182902', '2021-09-27 11:48:05', '2021-09-27 11:51:32', NULL, 2, 'hướng dẫn online, máy đã chuyển lên trấn yên nhưng chưa update', NULL, 21, '2021-09-27 09:50:00', 0, 1, '/report/5310182902/report-20210927115123.pdf'),
	(359, '5310107047', '2021-09-27 14:31:31', '2021-09-27 14:33:54', NULL, 2, 'hướng dẫn từ xa (lỗi không star được ứng dụng)', NULL, 13, '2021-09-27 14:31:56', 0, 1, '/report/5310107047/report-20210927143341.pdf'),
	(360, '5310182771', '2021-09-27 14:35:50', '2021-09-27 14:36:03', NULL, 2, NULL, NULL, 24, '2021-09-27 14:35:54', 1, 0, NULL),
	(361, '5310180790', '2021-09-27 14:39:58', '2021-09-27 14:43:46', NULL, 2, 'hướng dẫn tùe xa (máy lỗi 1.8)', NULL, 13, '2021-09-27 14:42:21', 0, 1, '/report/5310180790/report-20210927144340.pdf'),
	(362, '56HG806314', '2021-09-27 15:08:14', '2021-09-27 19:05:33', NULL, 2, NULL, NULL, 20, '2021-09-27 19:05:17', 0, 1, '/report/56HG806314/report-20210927190530.pdf'),
	(363, '56hg806308', '2021-09-27 15:21:32', '2021-09-27 16:19:47', NULL, 2, 'thay thế bo ngang do hết pin\n', NULL, 19, '2021-09-27 16:17:49', 0, 1, '/report/56hg806308/report-20210927161940.pdf'),
	(364, '56HG707950', '2021-09-27 15:34:40', '2021-09-27 16:15:15', NULL, 2, NULL, NULL, 23, '2021-09-27 16:14:38', 0, 1, '/report/56HG707950/report-20210927161510.pdf'),
	(366, '56HG805391', '2021-09-27 15:56:03', '2021-09-27 16:56:31', NULL, 2, NULL, NULL, 18, '2021-09-27 16:56:24', 1, 0, NULL),
	(367, '5300381717', '2021-09-27 16:14:03', '2021-09-27 16:15:22', NULL, 2, 'hướng dẫn từ xa thay thế pre và clamp', NULL, 13, '2021-09-27 16:14:29', 0, 1, '/report/5300381717/report-20210927161519.pdf'),
	(368, '56HG805398', '2021-09-27 16:57:01', '2021-09-27 16:57:27', NULL, 2, NULL, NULL, 18, '2021-09-27 16:57:21', 1, 0, NULL),
	(370, '5310107039', '2021-09-28 09:34:38', '2021-09-28 09:35:53', NULL, 2, 'học tiền online', NULL, 21, '2021-09-28 09:34:41', 0, 1, '/report/5310107039/report-20210928093549.pdf'),
	(371, '5310181601', '2021-09-28 14:11:58', '2021-09-28 14:45:58', NULL, 2, NULL, NULL, 13, '2021-09-28 14:12:02', 1, 0, NULL),
	(373, '5310182457', '2021-09-28 14:47:02', '2021-09-28 15:34:48', NULL, 2, NULL, NULL, 13, '2021-09-28 14:47:15', 1, 0, NULL),
	(374, '5310105348', '2021-09-28 14:48:52', '2021-09-28 15:58:49', NULL, 2, NULL, NULL, 23, '2021-09-28 15:58:43', 1, 0, NULL),
	(375, '5300378007', '2021-09-28 15:11:43', '2021-09-28 15:51:43', NULL, 2, NULL, NULL, 17, '2021-09-28 15:48:11', 0, 1, '/report/5300378007/report-20210928155018.pdf'),
	(377, '5300378007', '2021-09-28 15:52:14', '2021-09-29 11:49:44', NULL, 2, NULL, NULL, 17, '2021-09-28 17:30:00', 1, 0, NULL),
	(381, '5310181485', '2021-09-28 16:17:32', '2021-09-28 16:17:41', NULL, 2, NULL, NULL, 20, '2021-09-28 16:17:35', 1, 0, NULL),
	(382, '5310107221', '2021-09-28 16:45:57', '2021-09-28 16:47:06', NULL, 2, 'hướng dẫn từ xa (vệ sinh sensor ex 3, học lại tiền)', NULL, 13, '2021-09-28 16:45:58', 0, 1, '/report/5310107221/report-20210928164703.pdf'),
	(383, '5310181322', '2021-09-28 16:59:14', '2021-09-28 16:59:24', NULL, 2, NULL, NULL, 24, '2021-09-28 16:59:17', 1, 0, NULL),
	(384, '5300380763', '2021-09-28 18:26:35', '2021-09-28 18:27:20', NULL, 2, 'hướng dẫn từ xa (máy lỗi 1.1, mất thông số hộp tiền)', NULL, 13, '2021-09-28 18:26:36', 0, 1, '/report/5300380763/report-20210928182717.pdf'),
	(385, '5300378031', '2021-09-29 07:22:18', '2021-09-29 07:22:57', NULL, 2, 'hướng dẫn từ xa (máy lỗi 71)', NULL, 13, '2021-09-29 07:22:18', 0, 1, '/report/5300378031/report-20210929072253.pdf'),
	(386, '5310182442', '2021-09-29 07:23:14', '2021-09-29 07:35:21', NULL, 2, 'hướng dẫn từ xa (máy màn hình trắng,bộ phận trả tiền lỗi 64)', NULL, 13, '2021-09-29 07:33:33', 0, 1, '/report/5310182442/report-20210929073512.pdf'),
	(387, '5310181805', '2021-09-29 08:45:44', '2021-09-29 08:45:56', NULL, 2, NULL, NULL, 24, '2021-09-29 08:45:45', 1, 0, NULL),
	(389, '5310180711', '2021-09-29 09:54:35', '2021-09-29 09:56:07', NULL, 2, 'EPP loạn phím, hướng dẫn khởi động lại, máy hoạt động bình thường.', NULL, 20, '2021-09-29 09:54:41', 0, 1, '/report/5310180711/report-20210929095604.pdf'),
	(390, '5310182609', '2021-09-29 11:46:35', '2021-09-29 11:46:40', NULL, 2, NULL, NULL, 20, '2021-09-29 11:46:36', 1, 0, NULL),
	(391, '5310181535', '2021-09-29 14:47:52', '2021-09-30 09:59:47', NULL, 2, NULL, NULL, 16, '2021-09-29 09:59:00', 1, 0, NULL),
	(392, '5310182781', '2021-09-29 14:54:41', '2021-09-29 14:54:56', NULL, 2, NULL, NULL, 24, '2021-09-29 14:54:50', 1, 0, NULL),
	(393, '5310182817', '2021-09-29 15:14:42', '2021-09-29 15:14:49', NULL, 2, NULL, NULL, 24, '2021-09-29 15:14:43', 1, 0, NULL),
	(394, '56HG806307', '2021-09-29 15:30:52', '2021-09-29 16:34:01', NULL, 2, 'thay thế con điện tầng 50k', NULL, 23, '2021-09-29 16:32:35', 0, 1, '/report/56HG806307/report-20210929163355.pdf'),
	(396, '5310183245', '2021-09-30 07:51:05', '2021-09-30 07:52:09', NULL, 2, NULL, NULL, 24, '2021-09-30 07:52:01', 1, 0, NULL),
	(397, '5310183047', '2021-09-30 08:54:48', '2021-09-30 09:49:55', NULL, 2, NULL, NULL, 24, '2021-09-30 09:49:48', 1, 0, NULL),
	(398, '5310180619', '2021-09-30 09:51:53', '2021-09-30 09:52:04', NULL, 2, NULL, NULL, 24, '2021-09-30 09:51:59', 1, 0, NULL),
	(400, '5310107047', '2021-09-30 11:00:48', '2021-09-30 14:39:44', NULL, 2, 'hướng dẫn từ xa (máy lỗi 1.9)', NULL, 13, '2021-09-30 14:38:56', 0, 1, '/report/5310107047/report-20210930143941.pdf'),
	(401, '5310106147', '2021-09-30 11:38:50', '2021-09-30 11:38:59', NULL, 2, NULL, NULL, 18, '2021-09-30 11:38:54', 1, 0, NULL),
	(402, '5310182365', '2021-09-30 14:31:39', '2021-09-30 14:32:41', NULL, 2, 'máy không nhận khay. hướng dẫn online', NULL, 21, '2021-09-30 14:31:41', 0, 1, '/report/5310182365/report-20210930143233.pdf'),
	(403, '5300381801', '2021-09-30 14:40:17', '2021-09-30 14:41:17', NULL, 2, 'hướng dẫn từ xa (máy lỗi 1.8)', NULL, 13, '2021-09-30 14:40:19', 0, 1, '/report/5300381801/report-20210930144114.pdf'),
	(404, '5300380019', '2021-09-30 14:42:11', '2021-09-30 14:43:25', NULL, 2, 'hướng dẫn từ xa (đầu đọc thẻ báo lỗi suspend)', NULL, 13, '2021-09-30 14:42:12', 0, 1, '/report/5300380019/report-20210930144322.pdf'),
	(405, '5310180878', '2021-09-30 14:43:53', '2021-09-30 14:44:27', NULL, 2, 'hướng dẫn từ xa (máy báo lỗi 62)', NULL, 13, '2021-09-30 14:43:55', 0, 1, '/report/5310180878/report-20210930144424.pdf'),
	(406, '5300379996', '2021-09-30 14:44:43', '2021-09-30 14:47:26', NULL, 2, 'hướng dẫn từ xa (giấy kẹt tại trục cao su cuốn màu đen)', NULL, 13, '2021-09-30 14:44:44', 0, 1, '/report/5300379996/report-20210930144723.pdf'),
	(407, '5310182998', '2021-09-30 14:48:03', '2021-09-30 14:49:17', NULL, 2, 'hướng dẫn từ xa (không lc được quỹ, máy báo lỗi 01)', NULL, 13, '2021-09-30 14:48:04', 0, 1, '/report/5310182998/report-20210930144914.pdf'),
	(408, '5310181379', '2021-09-30 15:20:26', '2021-09-30 15:21:25', NULL, 2, 'hướng dẫn từ xa (máy lỗi 74)', NULL, 13, '2021-09-30 15:20:27', 0, 1, '/report/5310181379/report-20210930152121.pdf'),
	(409, '56HGL00288', '2021-09-30 15:36:10', '2021-09-30 16:40:53', NULL, 2, NULL, NULL, 23, '2021-09-30 16:40:20', 0, 1, '/report/56HGL00288/report-20210930164046.pdf'),
	(410, '5300380271', '2021-09-30 16:06:19', '2021-09-30 16:08:46', NULL, 2, 'hướng dẫn từ xa (đầu đọc không đọc từ khi đẩy thẻ vào)', NULL, 13, '2021-09-30 16:06:27', 0, 1, '/report/5300380271/report-20210930160843.pdf'),
	(411, '5310107258', '2021-09-30 17:29:36', '2021-09-30 17:30:11', NULL, 2, 'hướng dẫn từ xa (máy lỗi 17)', NULL, 13, '2021-09-30 17:29:37', 0, 1, '/report/5310107258/report-20210930173008.pdf'),
	(412, 'J821006595', '2021-09-30 17:44:36', '2021-09-30 17:45:37', NULL, 2, NULL, NULL, 24, '2021-09-30 17:44:38', 0, 1, '/report/J821006595/report-20210930174532.pdf'),
	(413, '5300380438', '2021-10-01 09:17:26', '2021-10-01 09:26:42', NULL, 2, NULL, NULL, 29, '2021-10-01 09:17:36', 1, 1, '/report/5300380438/report-20211001092625.pdf'),
	(414, 'J821012741', '2021-10-01 09:22:23', '2021-10-01 10:06:40', NULL, 2, NULL, NULL, 37, '2021-10-01 10:25:00', 0, 1, '/report/J821012741/report-20211001100623.pdf'),
	(415, '56HGL00270', '2021-10-01 10:40:25', '2021-10-01 14:38:11', NULL, 2, NULL, NULL, 23, '2021-10-01 14:37:39', 0, 1, '/report/56HGL00270/report-20211001143805.pdf'),
	(416, '5300380578', '2021-10-01 13:34:48', '2021-10-01 13:35:50', NULL, 2, NULL, NULL, 29, '2021-10-01 13:34:58', 1, 1, '/report/5300380578/report-20211001133539.pdf'),
	(417, '5300378031', '2021-10-01 14:23:16', '2021-10-01 14:23:49', NULL, 2, 'hướng dẫn từ xa (máy lỗi 25)', NULL, 13, '2021-10-01 14:23:17', 0, 1, '/report/5300378031/report-20211001142347.pdf'),
	(418, '5310180677', '2021-10-01 14:24:13', '2021-10-01 14:32:51', NULL, 2, 'hướng dẫn từ xa (máy báo lỗi 84)', NULL, 13, '2021-10-01 14:32:11', 0, 1, '/report/5310180677/report-20211001143246.pdf'),
	(419, '5310105354', '2021-10-01 14:33:12', '2021-10-01 14:33:40', NULL, 2, 'hướng dẫn từ xa (máy báo lỗi 23)', NULL, 13, '2021-10-01 14:33:13', 0, 1, '/report/5310105354/report-20211001143338.pdf'),
	(420, '5310180737', '2021-10-01 14:36:49', '2021-10-01 14:37:46', NULL, 2, 'hướng dẫn từ xa (cửa shutter của đầu đọc có giấy)', NULL, 13, '2021-10-01 14:36:51', 0, 1, '/report/5310180737/report-20211001143744.pdf'),
	(421, '5310106147', '2021-10-01 14:38:06', '2021-10-01 14:38:57', NULL, 2, 'hướng dẫn từ xa (đầu đọc thẻ báo erro,đọng trạng thái lỗi)', NULL, 13, '2021-10-01 14:38:07', 0, 1, '/report/5310106147/report-20211001143854.pdf'),
	(422, 'J821001603', '2021-10-01 14:40:48', '2021-10-01 14:41:29', NULL, 2, 'hướng dẫn từ xa (kẹt tiền,văng tiền dưới clamp)', NULL, 13, '2021-10-01 14:40:49', 0, 1, '/report/J821001603/report-20211001144126.pdf'),
	(423, '5300380019', '2021-10-01 16:16:07', '2021-10-01 16:17:06', NULL, 2, 'hướng dẫn từ xa ( máy ko nhận hộp tiền)', NULL, 13, '2021-10-01 16:16:35', 0, 1, '/report/5300380019/report-20211001161703.pdf'),
	(424, '5310105317', '2021-10-01 18:51:42', '2021-10-01 18:52:12', NULL, 2, 'hướng dẫn từ xa (máy lỗi 26)', NULL, 13, '2021-10-01 18:51:43', 0, 1, '/report/5310105317/report-20211001185209.pdf'),
	(425, '56HG707977', '2021-10-02 15:09:12', '2021-10-02 15:09:55', NULL, 2, 'hướng dẫn từ xa ( máy báo lỗi đầu đọc thẻ)', NULL, 13, '2021-10-02 15:09:12', 0, 1, '/report/56HG707977/report-20211002150952.pdf'),
	(426, '5300378007', '2021-10-02 17:18:30', '2021-10-02 19:07:57', NULL, 2, NULL, NULL, 17, '2021-10-02 18:30:00', 0, 1, '/report/5300378007/report-20211002190733.pdf'),
	(427, '56HG707946', '2021-10-02 18:01:35', '2021-10-02 18:02:35', NULL, 2, 'hướng dẫn từ xa (máy lỗi 21, kẹt tiền giữa ex và pre)', NULL, 13, '2021-10-02 18:01:36', 0, 1, '/report/56HG707946/report-20211002180232.pdf'),
	(428, '56HG707946', '2021-10-03 10:48:47', '2021-10-03 10:49:38', NULL, 2, 'hướng dẫn qua đt: gỡ kẹt, học lại tiền. tầng 500k có vấn đề tạm đổi xuống tầng 10k', NULL, 7, '2021-10-03 10:48:48', 0, 1, '/report/56HG707946/report-20211003104936.pdf'),
	(429, '5310107350', '2021-10-03 10:58:33', '2021-10-03 10:59:01', NULL, 2, 'hướng dẫn từ xa (máy lỗi 90)', NULL, 13, '2021-10-03 10:58:34', 0, 1, '/report/5310107350/report-20211003105859.pdf'),
	(430, '5310182468', '2021-10-04 08:04:53', '2021-10-04 08:05:24', NULL, 2, 'hướng dẫn từ xa (máy lỗi 90)', NULL, 13, '2021-10-04 08:04:56', 0, 1, '/report/5310182468/report-20211004080521.pdf'),
	(431, 'J821012686', '2021-10-04 13:49:03', '2021-10-04 13:49:36', NULL, 2, NULL, NULL, 20, '2021-10-04 13:49:16', 0, 1, '/report/J821012686/report-20211004134932.pdf'),
	(432, '5300378419', '2021-10-04 14:00:17', '2021-10-04 15:00:33', NULL, 2, NULL, NULL, 37, '2021-10-04 15:00:00', 1, 1, '/report/5300378419/report-20211004150021.pdf'),
	(433, '56HG707943', '2021-10-04 15:29:57', '2021-10-04 15:48:57', NULL, 2, NULL, NULL, 18, '2021-10-04 15:48:49', 1, 0, NULL),
	(434, '56HG707930', '2021-10-04 15:40:39', '2021-10-04 15:52:38', NULL, 2, NULL, NULL, 17, '2021-10-04 15:52:08', 0, 1, '/report/56HG707930/report-20211004155234.pdf'),
	(437, '56HG707966', '2021-10-04 16:33:45', '2021-10-04 16:34:50', NULL, 2, 'hưinsg dẫn từ xa', NULL, 36, '2021-10-04 16:33:48', 0, 1, '/report/56HG707966/report-20211004163442.pdf'),
	(438, '5300378419', '2021-10-04 16:35:21', '2021-10-04 16:36:35', NULL, 2, NULL, NULL, 36, '2021-10-04 16:35:23', 1, 1, '/report/5300378419/report-20211004163631.pdf'),
	(439, '5300380297', '2021-10-04 16:36:53', '2021-10-07 07:26:10', NULL, 2, NULL, NULL, 36, '2021-10-07 07:25:28', 0, 1, '/report/5300380297/report-20211007072606.pdf'),
	(440, '5300380297', '2021-10-04 16:36:53', '2021-10-04 16:39:24', 'đem pc core (hỏng nguồn) về sửa', 3, 'đem pc core về kiểm tra sửa ', NULL, 36, '2021-10-04 16:36:58', 1, 1, '/report/5300380297/report-20211004163900.pdf'),
	(441, '56HG806324', '2021-10-04 17:07:00', '2021-10-04 17:19:43', NULL, 2, 'thay côn tầng 100, miếng nhựa tầng 500 bị gãy 01 chốt', NULL, 18, '2021-10-04 17:18:28', 1, 1, '/report/56HG806324/report-20211004171939.pdf'),
	(443, '5310180860', '2021-10-05 08:50:10', '2021-10-05 08:51:26', NULL, 2, 'lỗi 24. hướng dẫn online. máy chuyển về tân uyên lai châu', NULL, 21, '2021-10-05 08:50:17', 0, 1, '/report/5310180860/report-20211005085118.pdf'),
	(444, '5300380609', '2021-10-05 09:14:26', '2021-10-05 09:31:30', NULL, 2, 'căn chỉnh khay tiền 200', NULL, 20, '2021-10-05 09:30:57', 0, 1, '/report/5300380609/report-20211005093123.pdf'),
	(450, '5310182988', '2021-10-05 11:24:33', '2021-10-05 11:25:55', NULL, 2, NULL, NULL, 24, '2021-10-05 11:24:41', 0, 1, '/report/5310182988/report-20211005112550.pdf'),
	(455, '5310183240', '2021-10-06 09:13:51', '2021-10-06 09:36:22', NULL, 2, 'hướng dẫn qua điện thoại vệ sinh shutter lỗi 28', NULL, 7, '2021-10-06 09:35:25', 0, 1, '/report/5310183240/report-20211006093619.pdf'),
	(456, '5300381470', '2021-10-06 09:13:59', '2021-10-06 09:39:23', NULL, 2, 'hướng dẫn qua điện thoại', NULL, 18, '2021-10-06 09:38:34', 0, 1, '/report/5300381470/report-20211006093917.pdf'),
	(457, '5310182871', '2021-10-06 09:15:42', '2021-10-06 09:16:46', NULL, 2, 'hướng dẫn từ xa (máy lỗi màn hình sáng trắng)', NULL, 13, '2021-10-06 09:15:51', 0, 1, '/report/5310182871/report-20211006091643.pdf'),
	(459, '5300380310', '2021-10-06 09:36:51', '2021-10-06 09:37:23', NULL, 2, 'hướng dẫn qua điện thoại vệ sinh, căn chỉnh singer reject', NULL, 7, '2021-10-06 09:36:52', 0, 1, '/report/5300380310/report-20211006093721.pdf'),
	(460, '5310181046', '2021-10-06 09:59:27', '2021-10-06 10:01:15', NULL, 2, 'kẹt tiền JR, gỡ tiền kẹt. hướng dẫn online', NULL, 21, '2021-10-06 09:59:29', 0, 1, '/report/5310181046/report-20211006100112.pdf'),
	(461, '56HG707971', '2021-10-06 10:27:15', '2021-10-06 13:47:44', NULL, 2, NULL, NULL, 37, '2021-10-06 13:30:00', 0, 1, '/report/56HG707971/report-20211006134728.pdf'),
	(462, '56HGL03524', '2021-10-06 10:29:04', '2021-10-06 10:29:55', NULL, 2, NULL, NULL, 24, '2021-10-06 10:29:10', 0, 1, '/report/56HGL03524/report-20211006102949.pdf'),
	(464, 'J821012696', '2021-10-06 10:39:44', '2021-10-06 10:52:46', NULL, 2, 'Hướng dẫn từ xa xử lý lỗi 2-9.', NULL, 26, '2021-10-06 10:51:56', 0, 1, '/report/J821012696/report-20211006105226.pdf'),
	(467, '56HG805393', '2021-10-06 14:15:49', '2021-10-06 16:11:14', NULL, 2, NULL, NULL, 30, '2021-10-06 16:10:29', 0, 1, '/report/56HG805393/report-20211006161045.pdf'),
	(468, 'J821012686', '2021-10-06 15:31:02', '2021-10-06 15:31:43', NULL, 2, 'cài đặt thông số, đưa máy vào thực hiện.', NULL, 20, '2021-10-06 15:31:05', 1, 0, NULL),
	(469, '5310107221', '2021-10-07 08:55:19', '2021-10-07 09:24:57', NULL, 2, NULL, NULL, 23, '2021-10-07 09:24:29', 1, 0, NULL),
	(470, '5310183244', '2021-10-07 08:59:35', '2021-10-07 10:13:40', NULL, 2, NULL, NULL, 16, '2021-10-07 10:13:27', 1, 0, NULL),
	(471, '5310107036', '2021-10-07 11:25:05', '2021-10-07 12:19:32', NULL, 2, NULL, NULL, 16, '2021-10-07 12:19:26', 1, 0, NULL),
	(472, '5300380358', '2021-10-07 12:17:18', '2021-10-07 16:16:24', NULL, 2, 'ghost lại , thay PC core , thay cable usb ', NULL, 33, '2021-10-07 16:13:06', 0, 1, '/report/5300380358/report-20211007161611.pdf'),
	(474, '5310183243', '2021-10-07 12:48:49', '2021-10-07 12:50:01', NULL, 2, NULL, NULL, 23, '2021-10-07 10:45:00', 1, 0, NULL),
	(475, '5310182357', '2021-10-07 12:50:46', '2021-10-07 12:51:47', NULL, 2, NULL, NULL, 23, '2021-10-07 11:45:00', 1, 0, NULL),
	(476, '5310181464', '2021-10-07 13:39:11', '2021-10-07 17:15:25', NULL, 2, NULL, NULL, 23, '2021-10-08 14:45:48', 1, 0, NULL),
	(477, '5300380043', '2021-10-07 13:53:44', '2021-10-07 18:36:02', NULL, 2, NULL, NULL, 30, '2021-10-07 16:00:00', 0, 1, '/report/5300380043/report-20211007183540.pdf'),
	(478, '5310107238', '2021-10-07 14:02:07', '2021-10-07 15:18:42', NULL, 2, NULL, NULL, 16, '2021-10-07 15:18:37', 1, 0, NULL),
	(480, '5310181747', '2021-10-07 15:21:49', '2021-10-08 10:25:57', NULL, 2, NULL, NULL, 16, '2021-10-08 10:25:47', 1, 0, NULL),
	(481, '5310105333', '2021-10-07 15:24:38', '2021-10-07 15:25:28', NULL, 2, 'lỗi 1-7, Đã cạo và cắm cáp lại. ', NULL, 18, '2021-10-07 15:24:43', 1, 1, '/report/5310105333/report-20211007152524.pdf'),
	(482, 'J821006593', '2021-10-07 16:26:10', '2021-10-07 16:28:19', NULL, 2, NULL, NULL, 31, '2021-10-07 16:26:22', 0, 1, '/report/J821006593/report-20211007162802.pdf'),
	(483, '56HG707971', '2021-10-07 16:29:15', '2021-10-26 09:22:00', NULL, 1, NULL, NULL, 31, '2021-10-26 09:22:00', 0, 0, NULL),
	(485, '5300379198', '2021-10-07 16:31:01', '2021-10-07 16:34:42', NULL, 2, NULL, NULL, 31, '2021-10-07 16:34:23', 0, 1, '/report/5300379198/report-20211007163439.pdf'),
	(486, '5300380510', '2021-10-07 16:32:45', '2021-10-07 16:33:42', NULL, 2, NULL, NULL, 31, '2021-10-07 16:32:50', 0, 1, '/report/5300380510/report-20211007163339.pdf'),
	(487, '5300378273', '2021-10-07 17:16:59', '2021-10-07 17:23:53', NULL, 2, 'Tự khởi động lại rồi treo ứng dụng. Hướng dẫn Disable Atmeyes, theo dõi thêm', NULL, 27, '2021-10-07 17:22:27', 0, 1, '/report/5300378273/report-20211007172347.pdf'),
	(488, '5300381528', '2021-10-07 20:07:10', '2021-10-07 20:07:53', NULL, 2, 'hướng dẫn từ xa (đầu đọc thẻ báo supen)', NULL, 13, '2021-10-07 20:07:11', 0, 1, '/report/5300381528/report-20211007200750.pdf'),
	(489, '5300380884', '2021-10-07 20:08:05', '2021-10-07 20:09:05', NULL, 2, 'hướng dẫn từ xa (máy lỗi thao tác sai)', NULL, 13, '2021-10-07 20:08:06', 0, 1, '/report/5300380884/report-20211007200902.pdf'),
	(490, '5310181332', '2021-10-07 20:09:19', '2021-10-07 20:10:27', NULL, 2, 'hướng dẫn từ xa (gỡ giấy kẹt tại đầu in nhiệt)', NULL, 13, '2021-10-07 20:09:21', 0, 1, '/report/5310181332/report-20211007201019.pdf'),
	(491, '5300378007', '2021-10-07 20:10:39', '2021-10-07 20:12:19', NULL, 2, 'hướng dẫn từ xa (máy treo ko bấm dc sop)', NULL, 13, '2021-10-07 20:10:48', 0, 1, '/report/5300378007/report-20211007201216.pdf'),
	(492, '5310182628', '2021-10-07 20:12:33', '2021-10-07 20:13:57', NULL, 2, 'hướng dẫn từ xa (máy báo lỗi 90)', NULL, 13, '2021-10-07 20:12:38', 0, 1, '/report/5310182628/report-20211007201354.pdf'),
	(493, '5310106163', '2021-10-07 20:14:27', '2021-10-07 20:15:58', NULL, 2, 'hướng dẫn từ xa (máy lỗi 84)', NULL, 13, '2021-10-07 20:14:35', 0, 1, '/report/5310106163/report-20211007201552.pdf'),
	(494, '5310180670', '2021-10-07 21:27:11', '2021-10-07 21:27:39', NULL, 2, NULL, NULL, 24, '2021-10-07 21:27:31', 1, 0, NULL),
	(495, '5300381766', '2021-10-08 08:58:14', '2021-10-08 12:58:51', NULL, 2, NULL, NULL, 30, '2021-10-08 22:30:00', 1, 0, NULL),
	(496, '5300378518', '2021-10-08 09:47:04', '2021-10-08 09:47:40', NULL, 2, NULL, NULL, 23, '2021-10-09 09:47:27', 1, 0, NULL),
	(497, '5310181101', '2021-10-08 10:26:10', '2021-10-08 11:06:21', NULL, 2, NULL, NULL, 16, '2021-10-08 11:06:15', 1, 0, NULL),
	(498, '5310181366', '2021-10-08 10:32:51', '2021-10-08 13:32:31', NULL, 2, NULL, NULL, 23, '2021-10-09 13:32:20', 1, 0, NULL),
	(500, '5300380659', '2021-10-08 11:37:27', '2021-10-08 13:32:04', NULL, 2, NULL, NULL, 16, '2021-10-08 13:31:57', 1, 0, NULL),
	(501, '5310181181', '2021-10-08 14:01:00', '2021-10-08 14:50:21', NULL, 2, 'đổi gap b tầng 100k', NULL, 7, '2021-10-08 14:49:35', 0, 1, '/report/5310181181/report-20211008145015.pdf'),
	(502, '5310183240', '2021-10-08 14:18:47', '2021-10-08 14:52:38', NULL, 2, NULL, NULL, 16, '2021-10-08 14:52:33', 1, 0, NULL),
	(503, '5310181629', '2021-10-08 14:30:01', '2021-10-08 15:47:17', NULL, 2, NULL, NULL, 38, '2021-10-08 15:46:47', 1, 1, '/report/5310181629/report-20211008154712.pdf'),
	(504, '5300378419', '2021-10-08 15:17:18', '2021-10-08 20:33:26', NULL, 2, NULL, NULL, 30, '2021-10-08 16:30:00', 0, 1, '/report/5300378419/report-20211008203314.pdf'),
	(507, '5300380685', '2021-10-08 16:45:00', '2021-10-08 17:16:53', NULL, 2, NULL, NULL, 16, '2021-10-08 17:16:17', 1, 1, '/report/5300380685/report-20211008171644.pdf'),
	(508, '5310180779', '2021-10-08 16:57:24', '2021-10-08 17:02:22', NULL, 2, NULL, NULL, 17, '2021-10-08 17:01:29', 0, 1, '/report/5310180779/report-20211008170209.pdf'),
	(509, '5310180779', '2021-10-08 17:07:24', '2021-10-08 17:32:32', NULL, 2, NULL, NULL, 17, '2021-10-08 17:32:25', 1, 0, NULL),
	(510, 'J821001604', '2021-10-08 18:27:14', '2021-10-08 18:27:49', NULL, 2, 'hướng dẫn từ xa (máy lỗi 25)', NULL, 13, '2021-10-08 18:27:15', 0, 1, '/report/J821001604/report-20211008182746.pdf'),
	(511, '5300381513', '2021-10-08 18:28:03', '2021-10-08 18:28:48', NULL, 2, 'hướng dẫn từ xa (máy ko vào được ứng dụng)', NULL, 13, '2021-10-08 18:28:04', 0, 1, '/report/5300381513/report-20211008182846.pdf'),
	(512, '5310181577', '2021-10-08 18:29:05', '2021-10-08 18:29:35', NULL, 2, 'hướng dẫn từ xa (máy in bị kẹt giấy)', NULL, 13, '2021-10-08 18:29:05', 0, 1, '/report/5310181577/report-20211008182933.pdf'),
	(513, '5310181601', '2021-10-08 18:30:04', '2021-10-08 18:30:37', NULL, 2, 'hướng dẫn từ xa (máy lỗi 1.8)', NULL, 13, '2021-10-08 18:30:05', 0, 1, '/report/5310181601/report-20211008183033.pdf'),
	(514, '5310182998', '2021-10-08 18:30:51', '2021-10-08 18:31:22', NULL, 2, 'hướng dẫn từ xa (máy lỗi 1.7)', NULL, 13, '2021-10-08 18:30:52', 0, 1, '/report/5310182998/report-20211008183120.pdf'),
	(515, '5310106163', '2021-10-08 18:31:43', '2021-10-08 18:32:40', NULL, 2, 'hướng dẫn từ xa (máy lỗi 17)', NULL, 13, '2021-10-08 18:32:08', 0, 1, '/report/5310106163/report-20211008183238.pdf'),
	(516, '5310181560', '2021-10-08 18:32:52', '2021-10-08 18:33:21', NULL, 2, 'hướng dẫn từ xa (máy lỗi 25)', NULL, 13, '2021-10-08 18:32:53', 0, 1, '/report/5310181560/report-20211008183318.pdf'),
	(517, '5300380310', '2021-10-08 18:33:36', '2021-10-08 18:35:01', NULL, 2, 'hướng dẫn từ xa (init khay tiền)', NULL, 13, '2021-10-08 18:33:42', 0, 1, '/report/5300380310/report-20211008183457.pdf'),
	(518, '5310107221', '2021-10-08 18:36:04', '2021-10-08 18:36:43', NULL, 2, 'hướng dẫn từ xa (máy lỗi 20)', NULL, 13, '2021-10-08 18:36:05', 0, 1, '/report/5310107221/report-20211008183640.pdf'),
	(519, '56HGL00271', '2021-10-08 18:37:01', '2021-10-08 18:37:49', NULL, 2, 'hướng dẫn từ xa (máy lỗi 25)', NULL, 13, '2021-10-08 18:37:22', 0, 1, '/report/56HGL00271/report-20211008183747.pdf'),
	(520, '5300378031', '2021-10-08 18:38:00', '2021-10-08 18:38:27', NULL, 2, 'hướng dẫn từ xa (máy lỗi 15)', NULL, 13, '2021-10-08 18:38:01', 0, 1, '/report/5300378031/report-20211008183825.pdf'),
	(521, '56HG806305', '2021-10-08 18:41:27', '2021-10-08 18:42:13', NULL, 2, 'hướng dẫn từ xa (máy báo lỗi 28)', NULL, 13, '2021-10-08 18:41:28', 0, 1, '/report/56HG806305/report-20211008184211.pdf'),
	(522, '5300380271', '2021-10-08 18:55:28', '2021-10-08 18:56:16', NULL, 2, 'hướng dẫn từ xa (máy báo lỗi 29)', NULL, 13, '2021-10-08 18:55:41', 0, 1, '/report/5300380271/report-20211008185613.pdf'),
	(523, '5300381528', '2021-10-09 12:29:39', '2021-10-09 12:30:42', NULL, 2, 'hướng dẫn từ xa (máy lỗi 19)', NULL, 13, '2021-10-09 12:29:41', 0, 1, '/report/5300381528/report-20211009123039.pdf'),
	(524, '56hg806310', '2021-10-11 09:29:05', '2021-10-11 10:41:52', NULL, 2, 'cập nhật địa chỉ : KCN Phú Thái , TT Phú Thái , Kim Thành , Hải Dương', NULL, 38, '2021-10-11 10:39:26', 1, 1, '/report/56hg806310/report-20211011104147.pdf'),
	(525, '5310106144', '2021-10-11 10:46:00', '2021-10-11 11:50:21', NULL, 2, NULL, NULL, 38, '2021-10-11 11:50:12', 1, 0, NULL),
	(526, '5300381717', '2021-10-11 14:03:50', '2021-10-11 15:14:52', NULL, 2, NULL, NULL, 23, '2021-10-12 15:14:41', 1, 0, NULL),
	(527, '5310181566', '2021-10-11 14:09:47', '2021-10-11 15:40:21', NULL, 2, NULL, NULL, 38, '2021-10-11 15:40:13', 1, 0, NULL),
	(528, '56HGL03545', '2021-10-11 15:06:32', '2021-10-11 15:25:00', NULL, 2, NULL, NULL, 7, '2021-10-11 15:24:15', 0, 1, '/report/56HGL03545/report-20211011152456.pdf'),
	(529, '5310182491', '2021-10-11 15:15:15', '2021-10-11 16:22:45', NULL, 2, NULL, NULL, 23, '2021-10-12 16:22:33', 1, 0, NULL),
	(530, 'J821012718', '2021-10-11 15:53:54', '2021-10-11 17:46:33', NULL, 2, 'Cấu hình máy mới triển khai', NULL, 10, '2021-10-11 17:45:18', 0, 1, '/report/J821012718/report-20211011174619.pdf'),
	(531, '5310181153', '2021-10-11 16:14:52', '2021-10-11 16:15:08', NULL, 2, NULL, NULL, 16, '2021-10-11 16:14:57', 1, 0, NULL),
	(532, '56HG707981', '2021-10-11 17:06:11', '2021-10-11 17:08:57', NULL, 2, 'Lỗi 1-1, lỗi 4-3. ', NULL, 27, '2021-10-11 17:06:20', 0, 1, '/report/56HG707981/report-20211011170829.pdf'),
	(534, '5300377156', '2021-10-11 17:30:04', '2021-10-13 18:09:09', NULL, 1, NULL, NULL, 2, '2021-10-13 18:09:09', 0, 0, NULL),
	(535, '56HG805396', '2021-10-11 17:38:59', '2021-10-11 17:43:39', NULL, 2, 'Ghost lại HĐH. Máy ATM đã chuyển sang 01 Hoàng Diệu - TP Hội An - Quảng Nam vào ngày 27/09/2021. ', NULL, 26, '2021-10-11 17:41:24', 0, 1, '/report/56HG805396/report-20211011174324.pdf'),
	(536, '5310180645', '2021-10-11 17:54:22', '2021-10-11 18:21:09', NULL, 2, NULL, NULL, 23, '2021-10-12 18:20:26', 1, 0, NULL),
	(537, '5310180904', '2021-10-12 07:36:25', '2021-10-12 07:51:31', NULL, 2, NULL, NULL, 16, '2021-10-12 07:51:26', 1, 0, NULL),
	(538, '5310105856', '2021-10-12 08:14:06', '2021-10-12 08:15:48', NULL, 2, 'hướng dẫn qua đt: vệ sinh sensor lỗi 9-0', NULL, 7, '2021-10-12 08:14:07', 0, 1, '/report/5310105856/report-20211012081543.pdf'),
	(539, '5310182468', '2021-10-12 08:47:58', '2021-10-12 09:45:39', NULL, 2, NULL, NULL, 38, '2021-10-12 09:45:34', 1, 0, NULL),
	(540, '5310181046', '2021-10-12 08:57:11', '2021-10-12 09:39:49', NULL, 2, NULL, NULL, 23, '2021-10-13 09:38:58', 1, 0, NULL),
	(541, '5310105317', '2021-10-12 10:09:09', '2021-10-12 11:33:29', NULL, 2, NULL, NULL, 38, '2021-10-12 11:33:24', 1, 0, NULL),
	(542, '56hgl00275', '2021-10-12 11:20:37', '2021-10-12 11:26:26', NULL, 2, NULL, NULL, 17, '2021-10-12 11:25:45', 1, 1, '/report/56hgl00275/report-20211012112609.pdf'),
	(544, '56HGL03529', '2021-10-12 14:50:13', '2021-10-13 14:26:29', NULL, 2, NULL, NULL, 36, '2021-10-12 15:25:00', 0, 1, '/report/56HGL03529/report-20211013142623.pdf'),
	(545, '5310107350', '2021-10-12 16:16:35', '2021-10-12 16:42:07', NULL, 2, NULL, NULL, 17, '2021-10-12 16:38:38', 1, 1, '/report/5310107350/report-20211012163855.pdf'),
	(546, '5300377181', '2021-10-12 19:39:00', '2021-10-12 19:41:19', NULL, 2, NULL, NULL, 31, '2021-10-12 19:40:38', 1, 1, '/report/5300377181/report-20211012194114.pdf'),
	(547, '5300377162', '2021-10-12 20:33:50', '2021-10-12 20:34:16', NULL, 1, NULL, NULL, 7, '2021-10-12 20:34:16', 0, 0, NULL),
	(548, '5300377162', '2021-10-12 20:35:25', '2021-10-12 20:35:45', NULL, 1, NULL, NULL, 7, '2021-10-12 20:35:45', 0, 0, NULL),
	(549, '5300378281', '2021-10-13 08:02:40', '2021-10-13 16:32:37', NULL, 2, NULL, NULL, 10, '2021-10-13 14:20:00', 1, 1, '/report/5300378281/report-20211013163227.pdf'),
	(550, '5310183227', '2021-10-13 08:46:13', '2021-10-13 08:46:32', NULL, 2, NULL, NULL, 24, '2021-10-13 08:46:21', 1, 0, NULL),
	(551, '5310181350', '2021-10-13 09:07:38', '2021-10-13 11:38:01', 'chưa có thiết bị thay thế', 3, 'máy treo không bấm được shoftkey', NULL, 38, '2021-10-13 11:36:24', 0, 1, '/report/5310181350/report-20211013113756.pdf'),
	(552, '5310183305', '2021-10-13 09:50:53', '2021-10-13 10:39:31', NULL, 2, NULL, NULL, 7, '2021-10-13 10:39:02', 1, 1, '/report/5310183305/report-20211013103928.pdf'),
	(553, '5310181595', '2021-10-13 10:39:44', '2021-10-13 11:27:20', NULL, 2, NULL, NULL, 7, '2021-10-13 11:26:37', 1, 1, '/report/5310181595/report-20211013112716.pdf'),
	(554, '5300378273', '2021-10-13 11:08:58', '2021-10-13 11:15:48', NULL, 2, 'Nhờ khách hàng kiểm tra PC core thì thấy quạt làm mát chip và quạt nguồn PC core bị rít nên không quay được. Nhờ tra dầu vào 2 thiết bị trên thì máy ATM hoạt động lại bình thường.', NULL, 27, '2021-10-13 11:08:58', 0, 1, '/report/5300378273/report-20211013111530.pdf'),
	(555, '5300379201', '2021-10-13 11:41:37', '2021-10-14 09:46:37', NULL, 1, NULL, NULL, 30, '2021-10-14 09:46:37', 0, 0, NULL),
	(556, '5300380743', '2021-10-13 11:42:03', '2021-10-13 11:50:50', NULL, 2, 'Máy ATM đang khởi động tự động tắt nguồn do main đứng bị chập IC tầng 500k. Đã khò IC và điện trở ra khỏi main. Chờ gửi main khác nhờ thay thế. Hiện tại máy đang giao dịch được 03 mệnh giá 500k, 200k, 100k. ', NULL, 26, '2021-10-13 11:42:09', 0, 1, '/report/5300380743/report-20211013115033.pdf'),
	(557, '5310181493', '2021-10-13 14:11:12', '2021-10-13 15:12:38', NULL, 2, NULL, NULL, 7, '2021-10-13 15:11:59', 1, 1, '/report/5310181493/report-20211013151234.pdf'),
	(558, '56hg806307', '2021-10-13 14:41:25', '2021-10-13 16:05:48', NULL, 2, 'thay thế thẻ chip\n', NULL, 23, '2021-10-14 16:04:02', 0, 1, '/report/56hg806307/report-20211013160532.pdf'),
	(559, '56HG707981', '2021-10-13 15:33:34', '2021-10-13 15:34:55', NULL, 2, NULL, NULL, 27, '2021-10-13 15:33:39', 0, 1, '/report/56HG707981/report-20211013153422.pdf'),
	(560, '5310181226', '2021-10-13 15:51:58', '2021-10-13 16:30:12', NULL, 2, NULL, NULL, 7, '2021-10-13 16:29:56', 1, 0, NULL),
	(561, 'J821012683', '2021-10-13 16:32:47', '2021-10-13 18:38:47', NULL, 2, 'Triển khai mới. Htai máy mới để trong cabin, chưa đưa vào vị trí đc do sai kịch thước. Đã cấu hình online, học tiền. Chờ hoàn thiện cabin để đưa vào, lắp camera và tiếp quỹ.', NULL, 10, '2021-10-13 17:40:00', 0, 1, '/report/J821012683/report-20211013183842.pdf'),
	(562, '56hgL03545', '2021-10-13 16:34:04', '2021-10-14 15:57:50', NULL, 2, NULL, NULL, 23, '2021-10-15 15:56:08', 0, 1, '/report/56hgL03545/report-20211014155727.pdf'),
	(563, '5310107229', '2021-10-13 17:11:01', '2021-10-13 18:00:11', NULL, 2, 'đổi gap c tầng 50k, 100k. DDU đã rời hẳn ra. ', NULL, 7, '2021-10-13 17:59:24', 1, 1, '/report/5310107229/report-20211013180008.pdf'),
	(564, '5310182599', '2021-10-13 18:16:34', '2021-10-13 18:18:42', NULL, 2, 'hdtx (máy lỗi 64)', NULL, 13, '2021-10-13 18:16:35', 0, 1, '/report/5310182599/report-20211013181839.pdf'),
	(565, '5300381769', '2021-10-13 18:18:57', '2021-10-13 18:19:25', NULL, 2, 'hdtx (máy lỗi 23)', NULL, 13, '2021-10-13 18:18:57', 0, 1, '/report/5300381769/report-20211013181923.pdf'),
	(566, '5300377924', '2021-10-13 18:19:38', '2021-10-13 18:20:05', NULL, 2, 'hdtx (máy lỗi 13)', NULL, 13, '2021-10-13 18:19:39', 0, 1, '/report/5300377924/report-20211013182002.pdf'),
	(567, '5310182954', '2021-10-13 18:20:16', '2021-10-13 18:20:38', NULL, 2, 'hdtx (máy lỗi 28)', NULL, 13, '2021-10-13 18:20:17', 0, 1, '/report/5310182954/report-20211013182036.pdf'),
	(568, '5310183139', '2021-10-13 18:20:50', '2021-10-13 18:21:14', NULL, 2, 'hdtx (lắp ex 2)', NULL, 13, '2021-10-13 18:20:51', 0, 1, '/report/5310183139/report-20211013182111.pdf'),
	(569, '5300377957', '2021-10-13 18:21:25', '2021-10-13 18:21:52', NULL, 2, 'hdtx (máy lỗi 17)', NULL, 13, '2021-10-13 18:21:26', 0, 1, '/report/5300377957/report-20211013182149.pdf'),
	(570, '5310106175', '2021-10-13 18:22:08', '2021-10-13 18:22:34', NULL, 2, 'hdtx (máy lỗi 90)', NULL, 13, '2021-10-13 18:22:09', 0, 1, '/report/5310106175/report-20211013182232.pdf'),
	(571, '5310182628', '2021-10-13 18:22:46', '2021-10-13 18:23:30', NULL, 2, 'hdtx (thay thế máy in)', NULL, 13, '2021-10-13 18:22:47', 0, 1, '/report/5310182628/report-20211013182328.pdf'),
	(572, '5300380351', '2021-10-13 18:23:49', '2021-10-13 18:24:18', NULL, 2, 'hdtx (máy lỗi 19)', NULL, 13, '2021-10-13 18:23:50', 0, 1, '/report/5300380351/report-20211013182415.pdf'),
	(573, '5310182357', '2021-10-13 18:26:19', '2021-10-13 18:27:13', NULL, 2, 'hdtx ( thay thế máy in)', NULL, 13, '2021-10-13 18:26:21', 0, 1, '/report/5310182357/report-20211013182710.pdf'),
	(574, '5300378007', '2021-10-13 18:27:23', '2021-10-13 18:27:53', NULL, 2, 'hdtx ( máy lỗi 26)', NULL, 13, '2021-10-13 18:27:24', 0, 1, '/report/5300378007/report-20211013182750.pdf'),
	(575, '56HG707941', '2021-10-13 18:29:13', '2021-10-13 18:29:40', NULL, 2, 'hdtx (học lại tiền)', NULL, 13, '2021-10-13 18:29:15', 0, 1, '/report/56HG707941/report-20211013182938.pdf'),
	(576, '5300377156', '2021-10-13 18:31:47', '2021-10-13 18:31:56', NULL, 1, NULL, NULL, 7, '2021-10-13 18:31:56', 0, 0, NULL),
	(577, '56HG707986', '2021-10-13 18:40:55', '2021-10-14 07:01:13', NULL, 2, 'Máy chuyển từ PGD Duy Tiên về KCN Đồng Văn IV. Cấu hình xong các thông số nhưng Juniper chưa thông mạng. Khoong bảo trù được do muộn và Ngân hàng không mang chìa khoá.', NULL, 10, '2021-10-13 20:24:00', 0, 1, '/report/56HG707986/report-20211014070102.pdf'),
	(578, '56HGL00297', '2021-10-14 08:43:53', '2021-10-14 09:30:47', NULL, 2, NULL, NULL, 33, '2021-10-14 09:29:54', 0, 1, '/report/56HGL00297/report-20211014093038.pdf'),
	(579, '5310181629', '2021-10-14 08:55:48', '2021-10-14 10:24:59', NULL, 2, NULL, NULL, 38, '2021-10-14 10:24:06', 0, 1, '/report/5310181629/report-20211014102456.pdf'),
	(580, '5300381762', '2021-10-14 09:21:20', '2021-10-14 14:48:26', NULL, 2, 'thay 04 sợi dây curoa clamp, 02 sợi dây curoa extractor.', NULL, 26, '2021-10-14 14:47:20', 0, 1, '/report/5300381762/report-20211014144814.pdf'),
	(581, '5300380387', '2021-10-14 09:47:52', '2021-10-14 09:48:12', NULL, 2, NULL, NULL, 31, '2021-10-14 09:47:59', 1, 0, NULL),
	(582, '5300378419', '2021-10-14 09:48:34', '2021-10-14 09:51:03', NULL, 2, NULL, NULL, 30, '2021-10-14 09:48:56', 0, 1, '/report/5300378419/report-20211014095021.pdf'),
	(583, '5300378290', '2021-10-14 09:55:36', '2021-10-14 09:56:39', NULL, 2, NULL, NULL, 36, '2021-10-14 09:55:42', 0, 1, '/report/5300378290/report-20211014095604.pdf'),
	(584, '56hg805393', '2021-10-14 09:55:57', '2021-10-14 09:56:10', NULL, 1, NULL, NULL, 30, '2021-10-14 09:56:10', 0, 0, NULL),
	(585, '56hg707938', '2021-10-14 09:56:53', '2021-10-14 09:59:36', NULL, 2, NULL, NULL, 30, '2021-10-14 07:30:00', 0, 1, '/report/56hg707938/report-20211014095919.pdf'),
	(586, '56HGL03529', '2021-10-14 09:57:51', '2021-10-14 09:58:04', NULL, 1, NULL, NULL, 36, '2021-10-14 09:58:04', 0, 0, NULL),
	(589, '5300379210', '2021-10-14 10:32:30', '2021-10-14 10:34:45', 'hương dẫn từ xa', 2, NULL, NULL, 36, '2021-10-14 10:32:36', 0, 1, '/report/5300379210/report-20211014103441.pdf'),
	(590, '5300379058', '2021-10-14 10:53:00', '2021-10-14 10:57:28', NULL, 1, NULL, NULL, 37, '2021-10-14 10:57:28', 0, 0, NULL),
	(591, '5300379058', '2021-10-14 10:57:47', '2021-10-14 11:01:50', NULL, 2, 'Hướng dẫn từ xa, lỗi 1-9', NULL, 37, '2021-10-14 10:58:02', 0, 1, '/report/5300379058/report-20211014110115.pdf'),
	(594, '56HG707966', '2021-10-14 12:41:16', '2021-10-14 12:41:55', NULL, 2, NULL, NULL, 36, '2021-10-14 12:41:18', 0, 1, '/report/56HG707966/report-20211014124151.pdf'),
	(595, '5310106134', '2021-10-14 13:43:24', '2021-10-14 15:12:27', NULL, 2, NULL, NULL, 7, '2021-10-14 15:12:03', 1, 1, '/report/5310106134/report-20211014151224.pdf'),
	(596, '5300380920', '2021-10-14 15:18:20', '2021-10-14 15:24:30', NULL, 2, 'hỗ trợ từ xa, lỗi 90, hướng dẫn vệ sinh photosensor tại stacker wheel', NULL, 35, '2021-10-14 15:20:37', 0, 1, '/report/5300380920/report-20211014152407.pdf'),
	(597, '5300380053', '2021-10-14 15:46:49', '2021-10-14 15:55:15', NULL, 1, NULL, NULL, 35, '2021-10-14 15:55:15', 0, 0, NULL),
	(598, '5310182560', '2021-10-14 15:57:29', '2021-10-14 17:37:35', NULL, 2, NULL, NULL, 10, '2021-10-14 17:17:00', 1, 0, NULL),
	(599, '5300380053', '2021-10-14 15:57:43', '2021-10-14 15:59:46', NULL, 1, NULL, NULL, 35, '2021-10-14 15:59:46', 0, 0, NULL),
	(600, '5310106185', '2021-10-14 16:03:47', '2021-10-14 17:06:17', NULL, 2, NULL, NULL, 7, '2021-10-14 17:05:57', 1, 1, '/report/5310106185/report-20211014170614.pdf'),
	(601, '56HG707930', '2021-10-14 17:10:04', '2021-10-14 17:11:06', NULL, 2, NULL, NULL, 17, '2021-10-14 17:10:08', 0, 1, '/report/56HG707930/report-20211014171101.pdf'),
	(602, '5310107015', '2021-10-14 17:43:17', '2021-10-14 17:43:40', NULL, 2, NULL, NULL, 17, '2021-10-14 17:43:27', 1, 0, NULL),
	(603, '56HG707945', '2021-10-14 17:44:17', '2021-10-14 17:45:19', NULL, 2, NULL, NULL, 17, '2021-10-14 17:44:22', 1, 1, '/report/56HG707945/report-20211014174508.pdf'),
	(604, '5310105317', '2021-10-14 20:08:46', '2021-10-14 20:09:26', NULL, 2, 'hdtx (máy mất thông số tiền)', NULL, 13, '2021-10-14 20:08:53', 0, 1, '/report/5310105317/report-20211014200923.pdf'),
	(605, '5310181235', '2021-10-14 20:09:21', '2021-10-14 20:09:33', NULL, 2, NULL, NULL, 24, '2021-10-14 20:09:27', 1, 0, NULL),
	(606, '5310183234', '2021-10-14 20:09:56', '2021-10-14 20:10:03', NULL, 2, NULL, NULL, 24, '2021-10-14 20:09:57', 1, 0, NULL),
	(607, '5310181617', '2021-10-14 20:10:22', '2021-10-14 20:10:30', NULL, 2, NULL, NULL, 24, '2021-10-14 20:10:24', 1, 0, NULL),
	(608, '5310180755', '2021-10-14 20:10:59', '2021-10-14 20:11:51', NULL, 2, NULL, NULL, 24, '2021-10-14 20:11:14', 0, 1, '/report/5310180755/report-20211014201144.pdf'),
	(609, '56HG707966', '2021-10-14 20:31:54', '2021-10-14 20:35:34', NULL, 1, NULL, NULL, 36, '2021-10-14 20:35:34', 0, 0, NULL),
	(610, '5300380374', '2021-10-14 20:41:54', '2021-10-14 20:43:47', 'hướng dẫn từ xa', 2, NULL, NULL, 36, '2021-10-14 20:42:01', 0, 1, '/report/5300380374/report-20211014204342.pdf'),
	(611, '56HGl00285', '2021-10-14 21:09:13', '2021-10-15 07:56:30', NULL, 2, '\nCông việc thực hiện: Hỗ trợ khách hàng khắc phục sự cố', NULL, 32, '2021-10-14 21:11:00', 0, 1, '/report/56HGl00285/report-20211015075553.pdf'),
	(612, '5300380358', '2021-10-15 10:32:39', NULL, NULL, 0, NULL, NULL, 33, NULL, 0, 0, NULL),
	(613, '5300380665', '2021-10-15 10:40:59', '2021-10-15 10:42:44', NULL, 2, 'gửi hàng cho khách hàng hướng dẫn thay thế Ex 2\n', NULL, 16, '2021-10-15 10:41:01', 0, 1, '/report/5300380665/report-20211015104233.pdf'),
	(614, '56HG806305', '2021-10-15 10:43:30', '2021-10-15 10:44:01', NULL, 2, 'hướng dẫn qua đt. vệ sinh, căn chỉnh máy in', NULL, 7, '2021-10-15 10:43:31', 0, 1, '/report/56HG806305/report-20211015104358.pdf'),
	(615, 'J821002776', '2021-10-15 10:44:31', '2021-10-15 13:22:17', NULL, 2, NULL, NULL, 30, '2021-10-15 13:00:00', 1, 1, '/report/J821002776/report-20211015132121.pdf'),
	(616, '56HG806306', '2021-10-15 14:15:05', '2021-10-16 05:37:43', NULL, 1, NULL, NULL, 27, '2021-10-16 05:37:43', 0, 0, NULL),
	(617, '56HG707964', '2021-10-15 15:45:08', '2021-10-15 16:02:58', NULL, 2, 'Hướng dẫn qua đt xử lý lỗi 9-0.', NULL, 26, '2021-10-15 16:01:58', 0, 1, '/report/56HG707964/report-20211015160246.pdf'),
	(618, '5300378840', '2021-10-15 17:30:09', '2021-10-15 17:31:03', NULL, 2, 'hướng dẫn từ xa', NULL, 36, '2021-10-15 17:30:14', 0, 1, '/report/5300378840/report-20211015173101.pdf'),
	(619, '5300380445', '2021-10-15 17:42:55', '2021-10-15 17:44:26', NULL, 2, 'Hướng dẫn qua đt thay thế presenter.', NULL, 26, '2021-10-15 17:43:04', 0, 1, '/report/5300380445/report-20211015174358.pdf'),
	(620, '56HG806306', '2021-10-16 08:01:24', '2021-10-16 08:53:30', NULL, 2, 'Ghost lại bản mới nhất ngày hôm qua. Bộ phận trả tiền bị mất kết nối. Hôm nay thay thay 01 Board điều khiển, học tiền, cho tiếp quỹ, máy ATM hoạt động bình thường.', NULL, 27, '2021-10-16 08:50:42', 0, 1, '/report/56HG806306/report-20211016085313.pdf'),
	(621, '56HG707953', '2021-10-16 10:35:42', '2021-10-16 10:40:22', NULL, 2, 'thay 02 dây cuaroa', NULL, 20, '2021-10-16 10:39:36', 0, 1, '/report/56HG707953/report-20211016104019.pdf'),
	(622, '5310107361', '2021-10-16 14:02:50', '2021-10-16 14:05:58', NULL, 2, 'Máy thỉnh thoảng có hiện tượng thừa thiếu tiền (không liên tục), kiểm tra toàn bộ bộ phận trả tiền không phát hiện vấn đề bất thường, tiền ra đều và đẹp. hạ FW bo ngang từ 16.93 về 16.80\nNhờ ngân hàng theo dõi thêm.', NULL, 20, '2021-10-16 14:02:58', 0, 1, '/report/5310107361/report-20211016140549.pdf'),
	(623, '5300377156', '2021-10-16 16:15:20', '2021-10-16 16:15:38', NULL, 1, NULL, NULL, 7, '2021-10-16 16:15:38', 0, 0, NULL),
	(624, '5300377156', '2021-10-16 16:15:44', '2021-10-16 16:16:16', NULL, 1, NULL, NULL, 7, '2021-10-16 16:16:16', 0, 0, NULL),
	(625, '5300380412', '2021-10-17 21:49:53', '2021-10-17 21:50:55', NULL, 2, 'hdtx (thay thế pre)', NULL, 13, '2021-10-17 21:49:55', 0, 1, '/report/5300380412/report-20211017215051.pdf'),
	(626, '5310106119', '2021-10-17 21:51:19', '2021-10-17 21:51:45', NULL, 2, 'hdtx (máy lỗi 21)', NULL, 13, '2021-10-17 21:51:20', 0, 1, '/report/5310106119/report-20211017215142.pdf'),
	(627, '5310180603', '2021-10-17 21:52:45', '2021-10-17 21:53:32', NULL, 2, 'hdtx (máy không online do bị chùng ip)', NULL, 13, '2021-10-17 21:52:47', 0, 1, '/report/5310180603/report-20211017215329.pdf'),
	(628, '5310181241', '2021-10-17 21:54:27', '2021-10-17 21:54:53', NULL, 2, 'hdtx (máy lỗi 1.9)', NULL, 13, '2021-10-17 21:54:28', 0, 1, '/report/5310181241/report-20211017215451.pdf'),
	(629, '5300380502', '2021-10-17 21:55:19', '2021-10-17 21:55:51', NULL, 2, 'hdtx (máy lỗi 1.8)', NULL, 13, '2021-10-17 21:55:22', 0, 1, '/report/5300380502/report-20211017215549.pdf'),
	(630, '5300378257', '2021-10-17 21:56:07', '2021-10-17 21:56:39', NULL, 2, 'hdtx (máy lỗi 90)', NULL, 13, '2021-10-17 21:56:15', 0, 1, '/report/5300378257/report-20211017215637.pdf'),
	(631, '5300380271', '2021-10-17 21:57:01', '2021-10-17 21:57:30', NULL, 2, 'hdtx (máy lỗi 28)', NULL, 13, '2021-10-17 21:57:02', 0, 1, '/report/5300380271/report-20211017215727.pdf'),
	(632, '5310182599', '2021-10-17 21:57:45', '2021-10-17 21:58:29', NULL, 2, 'hdtx (máy lỗi 73)', NULL, 13, '2021-10-17 21:57:46', 0, 1, '/report/5310182599/report-20211017215826.pdf'),
	(633, '5310181493', '2021-10-18 09:12:20', '2021-10-18 09:12:52', NULL, 2, 'máy lỗi khay 200k', NULL, 13, '2021-10-18 09:12:21', 0, 1, '/report/5310181493/report-20211018091249.pdf'),
	(634, '5310181660', '2021-10-18 09:13:12', '2021-10-18 09:13:34', NULL, 2, 'máy lỗi khay 100k', NULL, 13, '2021-10-18 09:13:13', 0, 1, '/report/5310181660/report-20211018091332.pdf'),
	(635, '5310182871', '2021-10-18 09:14:02', '2021-10-18 09:14:22', NULL, 2, 'máy lỗi 25', NULL, 13, '2021-10-18 09:14:03', 0, 1, '/report/5310182871/report-20211018091420.pdf'),
	(636, '56HG707979', '2021-10-18 09:14:50', '2021-10-18 09:16:49', NULL, 2, 'Hướng dẫn từ xa, lỗi hộp reject', NULL, 37, '2021-10-18 09:14:56', 0, 1, '/report/56HG707979/report-20211018091634.pdf'),
	(637, '5300380063', '2021-10-18 09:15:03', '2021-10-18 09:15:35', NULL, 2, 'máy lỗi khay 50k và 200k', NULL, 13, '2021-10-18 09:15:07', 0, 1, '/report/5300380063/report-20211018091533.pdf'),
	(638, '56hg806300', '2021-10-18 09:43:07', '2021-10-18 11:44:47', NULL, 2, NULL, NULL, 30, '2021-10-18 11:00:00', 1, 0, '/report/56hg806300/report-20211018094434.pdf'),
	(639, '5300380310', '2021-10-18 09:44:01', '2021-10-18 09:44:35', NULL, 2, 'vệ sinh, căn chỉnh, init khay tiền. ', NULL, 7, '2021-10-18 09:44:04', 0, 1, '/report/5300380310/report-20211018094433.pdf'),
	(640, '5310183305', '2021-10-18 10:12:13', '2021-10-18 11:19:45', NULL, 2, 'máy mất phanh và chốt hãm.', NULL, 20, '2021-10-18 10:12:15', 0, 1, '/report/5310183305/report-20211018111936.pdf'),
	(641, 'J821012730', '2021-10-18 12:35:37', '2021-10-18 12:37:33', NULL, 2, 'Chỉnh GAP học tiền lại các tầng. Hộp 200k bị hư 01 thanh canh chỉnh độ rộng nên tạm thời không cho sử dụng.', NULL, 27, '2021-10-18 12:35:39', 0, 1, '/report/J821012730/report-20211018123709.pdf'),
	(642, '5310182640', '2021-10-18 13:48:12', '2021-10-18 14:51:21', NULL, 2, NULL, NULL, 23, '2021-10-18 14:51:13', 1, 0, NULL),
	(643, '5310181241', '2021-10-18 14:18:11', '2021-10-18 14:42:05', NULL, 2, 'máy gãy miếng thép giảm chấn clamp, đã thay thế.\n', NULL, 16, '2021-10-18 14:18:24', 1, 1, '/report/5310181241/report-20211018141927.pdf'),
	(644, '5310106165', '2021-10-18 14:51:41', '2021-10-18 15:48:03', NULL, 2, NULL, NULL, 23, '2021-10-18 15:46:14', 1, 1, '/report/5310106165/report-20211018154759.pdf'),
	(645, '56HG806310', '2021-10-18 15:00:12', '2021-10-18 15:39:25', NULL, 2, NULL, NULL, 38, '2021-10-18 15:38:32', 0, 1, '/report/56HG806310/report-20211018153918.pdf'),
	(646, '5310182486', '2021-10-18 15:07:09', '2021-10-18 15:56:14', NULL, 2, NULL, NULL, 7, '2021-10-18 15:55:59', 1, 1, '/report/5310182486/report-20211018155611.pdf'),
	(647, '5310182429', '2021-10-18 15:08:24', '2021-10-18 15:29:28', NULL, 2, NULL, NULL, 16, '2021-10-18 15:29:19', 1, 0, NULL),
	(648, '5300378203', '2021-10-18 15:17:07', '2021-10-18 17:52:40', NULL, 2, NULL, NULL, 13, '2021-10-18 17:51:34', 1, 1, '/report/5300378203/report-20211018175234.pdf'),
	(649, '5310181241', '2021-10-18 15:18:42', '2021-10-18 16:28:37', NULL, 2, NULL, NULL, 20, '2021-10-18 16:28:31', 1, 0, NULL),
	(650, '5310107206', '2021-10-18 16:29:04', '2021-10-18 17:22:42', NULL, 2, NULL, NULL, 20, '2021-10-18 17:22:38', 1, 0, NULL),
	(651, '5310181223', '2021-10-18 16:49:13', '2021-10-18 18:12:32', NULL, 1, NULL, NULL, 23, '2021-10-18 18:12:32', 0, 0, NULL),
	(652, '5310106194', '2021-10-18 18:16:24', '2021-10-18 18:16:49', NULL, 2, NULL, NULL, 18, '2021-10-18 18:16:39', 1, 0, NULL),
	(653, '5310107199', '2021-10-18 18:17:27', '2021-10-18 18:18:19', NULL, 2, NULL, NULL, 18, '2021-10-18 18:17:32', 1, 1, '/report/5310107199/report-20211018181815.pdf'),
	(654, '5310105909', '2021-10-19 08:55:02', '2021-10-19 10:25:16', NULL, 2, NULL, NULL, 16, '2021-10-19 10:25:10', 1, 0, NULL),
	(655, '5310106091', '2021-10-19 10:45:13', '2021-10-19 12:04:09', NULL, 2, NULL, NULL, 16, '2021-10-19 12:04:03', 1, 0, NULL),
	(656, '5310180677', '2021-10-19 10:52:14', '2021-10-19 10:52:26', NULL, 2, NULL, NULL, 20, '2021-10-19 10:52:20', 1, 0, NULL),
	(657, '5310183231', '2021-10-19 11:39:48', '2021-10-19 11:40:14', NULL, 2, 'gỡ kẹt clamp lỗi 19', NULL, 7, '2021-10-19 11:39:48', 0, 1, '/report/5310183231/report-20211019114009.pdf'),
	(658, '5300379996', '2021-10-19 11:43:11', '2021-10-19 11:43:18', NULL, 2, NULL, NULL, 20, '2021-10-19 11:43:13', 1, 0, NULL),
	(659, '56HG707972', '2021-10-19 13:13:36', '2021-10-19 13:23:58', NULL, 2, NULL, NULL, 34, '2021-10-19 14:00:00', 1, 1, '/report/56HG707972/report-20211019132336.pdf'),
	(660, '5310180577', '2021-10-19 13:15:04', '2021-10-19 14:24:14', NULL, 2, NULL, NULL, 18, '2021-10-19 14:23:44', 1, 1, '/report/5310180577/report-20211019142410.pdf'),
	(661, '5310181223', '2021-10-19 13:54:07', '2021-10-19 16:00:00', NULL, 2, 'máy bị tuột 1 sợi dây kết nối cửa shutter', NULL, 13, '2021-10-19 15:58:42', 1, 1, '/report/5310181223/report-20211019155954.pdf'),
	(662, '5310181350', '2021-10-19 14:46:10', '2021-10-19 16:10:36', NULL, 2, NULL, NULL, 38, '2021-10-19 16:10:28', 1, 0, NULL),
	(663, '56HG707984', '2021-10-19 14:59:16', '2021-10-19 14:59:56', NULL, 2, NULL, NULL, 34, '2021-10-19 14:59:17', 1, 0, NULL),
	(664, '5310182568', '2021-10-19 15:34:02', '2021-10-19 16:15:22', NULL, 2, NULL, NULL, 16, '2021-10-19 16:15:16', 1, 0, NULL),
	(665, '5300380006', '2021-10-19 16:00:24', '2021-10-19 16:00:51', NULL, 2, 'máy lỗi 13', NULL, 13, '2021-10-19 16:00:25', 0, 1, '/report/5300380006/report-20211019160048.pdf'),
	(666, '5300380387', '2021-10-19 16:20:09', '2021-10-19 16:20:47', NULL, 2, NULL, NULL, 31, '2021-10-19 16:20:15', 0, 1, '/report/5300380387/report-20211019162042.pdf'),
	(667, '56HG805403', '2021-10-19 16:37:05', '2021-10-19 16:47:12', NULL, 2, 'Hỗ Trợ Khách Hàng Khắc Phục Sự Cố', NULL, 34, '2021-10-19 16:50:00', 1, 0, '/report/56HG805403/report-20211019164316.pdf'),
	(668, '5300378595', '2021-10-19 16:37:32', '2021-10-20 14:37:57', NULL, 2, NULL, NULL, 23, '2021-10-20 14:37:10', 0, 1, '/report/5300378595/report-20211020143735.pdf'),
	(669, '56HG805403', '2021-10-19 16:48:52', '2021-10-19 16:51:48', NULL, 1, NULL, NULL, 34, '2021-10-19 16:51:48', 0, 0, NULL),
	(670, '56HG805403', '2021-10-19 16:52:28', '2021-10-19 16:53:55', NULL, 1, NULL, NULL, 34, '2021-10-19 16:53:55', 0, 0, NULL),
	(671, '56HG805403', '2021-10-19 18:48:05', '2021-10-19 18:49:22', NULL, 1, NULL, NULL, 34, '2021-10-19 18:49:22', 0, 0, NULL),
	(672, '5300380347', '2021-10-19 21:27:42', '2021-10-19 21:31:42', NULL, 2, 'hướng dẫn qua điện thoại', NULL, 30, '2021-10-19 21:27:54', 0, 1, '/report/5300380347/report-20211019213121.pdf'),
	(673, '56HG707946', '2021-10-20 09:27:28', '2021-10-20 11:09:07', NULL, 2, NULL, NULL, 20, '2021-10-20 11:08:32', 1, 1, '/report/56HG707946/report-20211020110904.pdf'),
	(674, '56HG707943', '2021-10-20 09:28:07', '2021-10-20 09:29:55', NULL, 2, 'máy test 2 báo lỗi 1-0', NULL, 19, '2021-10-20 09:28:22', 0, 1, '/report/56HG707943/report-20211020092947.pdf'),
	(675, 'J821002772', '2021-10-20 10:41:32', '2021-10-21 08:29:04', NULL, 2, NULL, NULL, 16, '2021-10-20 11:27:00', 0, 1, '/report/J821002772/report-20211021082900.pdf'),
	(676, '5300381741', '2021-10-20 10:47:29', '2021-10-20 10:48:09', NULL, 2, NULL, NULL, 24, '2021-10-20 10:47:32', 1, 1, '/report/5300381741/report-20211020104757.pdf'),
	(677, '5310106126', '2021-10-20 10:58:06', '2021-10-20 10:59:39', NULL, 2, 'thay đổi vị trí sensor blackmark', NULL, 19, '2021-10-20 10:58:13', 0, 1, '/report/5310106126/report-20211020105935.pdf'),
	(678, '56HG805394', '2021-10-20 11:20:07', '2021-10-20 13:42:31', NULL, 2, NULL, NULL, 30, '2021-10-20 13:00:00', 0, 1, '/report/56HG805394/report-20211020134221.pdf'),
	(679, '5300380271', '2021-10-20 11:20:54', '2021-10-20 11:43:21', NULL, 2, NULL, NULL, 18, '2021-10-20 11:41:50', 1, 1, '/report/5300380271/report-20211020114318.pdf'),
	(680, '56hg707938', '2021-10-20 14:34:22', '2021-10-20 19:51:11', NULL, 2, NULL, NULL, 30, '2021-10-20 16:00:00', 0, 1, '/report/56hg707938/report-20211020195043.pdf'),
	(681, '5310181241', '2021-10-20 14:54:39', '2021-10-20 14:56:18', NULL, 2, 'máy không online. hướng dẫn từ xa', NULL, 21, '2021-10-20 14:54:43', 0, 1, '/report/5310181241/report-20211020145612.pdf'),
	(682, '5300380399', '2021-10-20 16:40:20', '2021-10-20 16:41:11', NULL, 2, 'hướng dẫn khách hàng thay pre và clamp gửi lên. ', NULL, 7, '2021-10-20 16:40:21', 0, 1, '/report/5300380399/report-20211020164051.pdf'),
	(683, '56HGL03529', '2021-10-21 09:21:39', '2021-10-21 10:08:33', NULL, 2, NULL, NULL, 33, '2021-10-21 10:08:19', 1, 0, NULL),
	(684, '5300380438', '2021-10-21 10:17:23', '2021-10-21 11:30:07', NULL, 2, NULL, NULL, 33, '2021-10-21 11:29:22', 0, 1, '/report/5300380438/report-20211021113000.pdf'),
	(685, '5310183227', '2021-10-21 10:30:26', '2021-10-21 10:34:03', NULL, 2, NULL, NULL, 24, '2021-10-21 10:31:04', 0, 1, '/report/5310183227/report-20211021103344.pdf'),
	(686, '56HGL00301', '2021-10-21 10:35:57', '2021-10-21 10:55:22', NULL, 2, 'Lỗi 1-8. Gỡ tiền kẹt và dây su tại DDU. Đã nhắc nhở khách hàng lựa tiền thật kỹ khi tiếp quỹ.', NULL, 26, '2021-10-21 10:51:20', 0, 1, '/report/56HGL00301/report-20211021105500.pdf'),
	(687, '56hg707938', '2021-10-21 12:02:36', NULL, NULL, 0, NULL, NULL, 30, NULL, 0, 0, NULL),
	(688, '5300378321', '2021-10-21 15:32:39', '2021-10-21 15:33:26', NULL, 2, NULL, NULL, 20, '2021-10-21 15:32:43', 1, 1, '/report/5300378321/report-20211021153323.pdf'),
	(689, '5300379210', '2021-10-22 05:38:57', '2021-10-22 08:26:49', NULL, 1, NULL, NULL, 32, '2021-10-22 08:26:49', 0, 0, NULL),
	(690, '5310181613', '2021-10-22 08:08:37', '2021-10-22 09:51:51', NULL, 2, NULL, NULL, 23, '2021-10-22 09:51:38', 1, 0, NULL),
	(691, '5300379210', '2021-10-22 08:27:12', '2021-10-22 08:29:07', NULL, 2, NULL, NULL, 32, '2021-10-22 08:27:46', 0, 1, '/report/5300379210/report-20211022082843.pdf'),
	(692, '5300378945', '2021-10-22 09:26:18', '2021-10-22 11:09:43', NULL, 2, NULL, NULL, 37, '2021-10-22 11:45:00', 1, 1, '/report/5300378945/report-20211022110921.pdf'),
	(693, '5310180639', '2021-10-22 09:54:35', '2021-10-22 09:56:10', NULL, 2, NULL, NULL, 23, '2021-10-22 09:56:02', 1, 0, NULL),
	(694, '5310107064', '2021-10-22 10:01:10', '2021-10-22 11:12:51', NULL, 2, NULL, NULL, 23, '2021-10-22 11:12:07', 1, 0, NULL),
	(695, '5310181086', '2021-10-22 10:03:11', '2021-10-22 12:14:41', NULL, 2, NULL, NULL, 18, '2021-10-22 12:14:37', 1, 0, NULL),
	(696, '5310182628', '2021-10-22 10:24:55', '2021-10-22 10:36:52', NULL, 2, NULL, NULL, 13, '2021-10-22 10:36:39', 1, 0, NULL),
	(697, '5310180677', '2021-10-22 10:56:54', '2021-10-22 10:58:17', NULL, 2, NULL, NULL, 16, '2021-10-22 10:56:57', 0, 1, '/report/5310180677/report-20211022105812.pdf'),
	(698, '5310180603', '2021-10-22 11:00:00', '2021-10-22 11:00:55', NULL, 2, 'máy ko online', NULL, 19, '2021-10-22 11:00:10', 0, 1, '/report/5310180603/report-20211022110048.pdf'),
	(699, '56HG707943', '2021-10-22 11:01:10', '2021-10-22 11:03:08', NULL, 2, 'máy bị văng tiền khay 200k, do không mở được khay nên hướng dẫn khách về kiểm tra lại tiền trong khay. Hiện tại máy đang chạy khay 500k và 100k', NULL, 19, '2021-10-22 11:01:15', 0, 1, '/report/56HG707943/report-20211022110304.pdf'),
	(700, '5310181675', '2021-10-22 11:23:02', '2021-10-22 12:18:19', NULL, 2, NULL, NULL, 23, '2021-10-22 12:01:21', 1, 0, NULL),
	(701, '5310181673', '2021-10-22 11:23:04', '2021-10-22 11:48:02', NULL, 2, NULL, NULL, 13, '2021-10-22 11:47:54', 1, 0, NULL),
	(702, '5300380399', '2021-10-22 12:00:13', '2021-10-22 12:00:43', NULL, 2, NULL, NULL, 16, '2021-10-22 12:00:15', 1, 0, NULL),
	(703, '5300380412', '2021-10-22 12:08:48', '2021-10-22 12:10:09', NULL, 2, NULL, NULL, 20, '2021-10-22 12:08:49', 1, 1, '/report/5300380412/report-20211022121004.pdf'),
	(704, '5310105833', '2021-10-22 12:10:24', '2021-10-22 12:11:07', NULL, 2, NULL, NULL, 20, '2021-10-22 12:10:26', 1, 1, '/report/5310105833/report-20211022121103.pdf'),
	(705, 'J821006581', '2021-10-22 12:36:16', '2021-10-22 12:36:52', NULL, 2, NULL, NULL, 36, '2021-10-22 12:36:21', 0, 1, '/report/J821006581/report-20211022123649.pdf'),
	(706, '5300377162', '2021-10-22 13:20:03', '2021-10-22 14:51:01', NULL, 2, NULL, NULL, 37, '2021-10-22 15:30:00', 1, 1, '/report/5300377162/report-20211022145050.pdf'),
	(707, '5310107343', '2021-10-22 13:40:38', '2021-10-22 14:48:46', NULL, 2, NULL, NULL, 18, '2021-10-22 14:48:28', 1, 1, '/report/5310107343/report-20211022144844.pdf'),
	(708, '5310181415', '2021-10-22 14:36:32', '2021-10-22 14:55:07', NULL, 2, NULL, NULL, 13, '2021-10-22 14:55:01', 1, 0, NULL),
	(709, '5300378825', '2021-10-22 14:51:41', '2021-10-22 14:51:55', NULL, 1, NULL, NULL, 37, '2021-10-22 14:51:55', 0, 0, NULL),
	(710, '56HG707991', '2021-10-22 14:53:49', '2021-10-22 14:58:35', NULL, 1, NULL, NULL, 37, '2021-10-22 14:58:35', 0, 0, NULL),
	(711, '56HG805398', '2021-10-22 14:54:05', '2021-10-22 15:33:07', NULL, 2, 'chỉ thay 01 pin', NULL, 7, '2021-10-22 15:32:13', 0, 1, '/report/56HG805398/report-20211022153303.pdf'),
	(712, '5310181383', '2021-10-22 14:55:33', '2021-10-22 15:41:14', NULL, 2, NULL, NULL, 13, '2021-10-22 15:41:06', 1, 0, NULL),
	(713, '5300380293', '2021-10-22 15:16:28', '2021-10-22 15:18:01', NULL, 2, NULL, NULL, 16, '2021-10-22 15:16:30', 1, 1, '/report/5300380293/report-20211022151757.pdf'),
	(714, '5300378419', '2021-10-22 16:24:38', NULL, NULL, 0, NULL, NULL, 30, NULL, 0, 0, NULL),
	(715, '5310182448', '2021-10-22 16:42:12', '2021-10-22 16:42:39', NULL, 2, NULL, NULL, 16, '2021-10-22 12:32:00', 1, 0, NULL),
	(716, '56HGL03517', '2021-10-22 17:00:44', '2021-10-22 17:01:31', NULL, 2, 'tuột dây cuaroa tầng ex1', NULL, 19, '2021-10-22 17:00:50', 0, 1, '/report/56HGL03517/report-20211022170128.pdf'),
	(717, '5310183305', '2021-10-22 17:21:20', '2021-10-22 17:48:55', NULL, 2, NULL, NULL, 13, '2021-10-22 17:48:07', 0, 1, '/report/5310183305/report-20211022174851.pdf'),
	(718, '5310107258', '2021-10-22 17:29:31', '2021-10-22 19:18:10', NULL, 2, NULL, NULL, 18, '2021-10-22 19:18:05', 1, 0, NULL),
	(719, '56HGL00302', '2021-10-23 00:40:58', '2021-10-26 09:21:49', NULL, 1, NULL, NULL, 31, '2021-10-26 09:21:49', 0, 0, NULL),
	(720, '5300378825', '2021-10-23 15:36:53', '2021-10-23 15:37:35', NULL, 2, NULL, NULL, 37, '2021-10-23 16:36:00', 1, 0, NULL),
	(721, '5300380374', '2021-10-23 21:10:08', '2021-10-23 21:13:39', NULL, 2, 'Gửi part qua nhà xe, hướng dẫn từ xa', NULL, 35, '2021-10-23 15:02:00', 0, 1, '/report/5300380374/report-20211023211311.pdf'),
	(722, '5300378551', '2021-10-24 14:44:50', '2021-10-24 14:49:38', NULL, 2, 'Bảo  trì định kỳ và khắc phục sự cố', NULL, 32, '2021-10-24 14:44:53', 1, 1, '/report/5300378551/report-20211024144858.pdf'),
	(723, '5310106119', '2021-10-24 20:23:02', '2021-10-24 20:23:28', NULL, 2, 'máy lỗi 24', NULL, 13, '2021-10-24 20:23:04', 0, 1, '/report/5310106119/report-20211024202323.pdf'),
	(724, '5300380019', '2021-10-24 20:23:46', '2021-10-24 20:24:26', NULL, 2, 'máy bị hỏng dây mạng', NULL, 13, '2021-10-24 20:23:47', 0, 1, '/report/5300380019/report-20211024202422.pdf'),
	(725, '5310180750', '2021-10-25 08:03:41', '2021-10-25 08:40:57', NULL, 2, NULL, NULL, 24, '2021-10-25 08:03:49', 0, 1, '/report/5310180750/report-20211025084052.pdf'),
	(726, '5310181350', '2021-10-25 09:18:24', '2021-10-25 09:52:36', NULL, 2, 'thay 01 shofkey', NULL, 38, '2021-10-25 09:51:45', 0, 1, '/report/5310181350/report-20211025095233.pdf'),
	(727, '56HG707943', '2021-10-25 10:52:19', '2021-10-25 10:54:35', NULL, 2, 'Máy chưa online, đường truyền mạng bị mất (phía nhà mạng). Test 10 nhiều lần đều báo good.', NULL, 20, '2021-10-25 10:52:31', 1, 1, '/report/56HG707943/report-20211025105426.pdf'),
	(728, '5310180790', '2021-10-25 11:01:29', '2021-10-25 11:01:58', NULL, 2, NULL, NULL, 13, '2021-10-25 11:01:36', 0, 1, '/report/5310180790/report-20211025110155.pdf'),
	(729, '5310180806', '2021-10-25 11:27:14', '2021-10-25 11:27:36', NULL, 2, 'máy lỗi 1.9', NULL, 13, '2021-10-25 11:27:15', 0, 1, '/report/5310180806/report-20211025112733.pdf'),
	(730, '56HGL03527', '2021-10-25 14:32:22', '2021-10-25 15:04:54', NULL, 2, 'Lỗi 2-8. Hướng dẫn qua điện thoại thay thế cửa shutter.', NULL, 26, '2021-10-25 15:03:38', 0, 1, '/report/56HGL03527/report-20211025150440.pdf'),
	(731, '5300380502', '2021-10-25 14:35:10', '2021-10-25 14:35:19', NULL, 2, NULL, NULL, 20, '2021-10-25 14:35:12', 1, 0, NULL),
	(732, '5300380920', '2021-10-25 14:38:15', '2021-10-25 14:58:33', NULL, 2, 'lỗi 1-8 kẹt tiền, lỗi 1-7, hướng dẫn gỡ tiền kẹt, chỉnh lại clamp', NULL, 35, '2021-10-25 15:00:00', 0, 1, '/report/5300380920/report-20211025145821.pdf'),
	(733, '5300381809', '2021-10-25 15:09:00', '2021-10-25 15:09:09', NULL, 2, NULL, NULL, 20, '2021-10-25 15:09:04', 1, 0, NULL),
	(734, '56hg806301', '2021-10-25 15:09:17', '2021-10-25 16:23:24', NULL, 2, 'máy kẹt dị vật tại extrator', NULL, 38, '2021-10-25 16:20:37', 0, 1, '/report/56hg806301/report-20211025162259.pdf'),
	(735, '5310181373', '2021-10-25 17:21:23', '2021-10-25 17:21:30', NULL, 2, NULL, NULL, 20, '2021-10-25 17:21:24', 1, 0, NULL),
	(736, '5310180806', '2021-10-25 17:42:25', '2021-10-25 17:43:21', NULL, 2, NULL, NULL, 16, '2021-10-25 15:42:00', 1, 0, NULL),
	(737, '5310106109', '2021-10-25 17:47:00', '2021-10-25 17:47:16', NULL, 2, NULL, NULL, 16, '2021-10-25 17:47:01', 1, 0, NULL),
	(738, '5300378547', '2021-10-25 17:52:44', '2021-10-25 17:58:08', NULL, 1, NULL, NULL, 32, '2021-10-25 17:58:08', 0, 0, NULL),
	(739, '5300378547', '2021-10-25 17:58:16', '2021-10-26 08:42:11', NULL, 1, NULL, NULL, 32, '2021-10-26 08:42:11', 0, 0, NULL),
	(740, '5310180595', '2021-10-26 07:50:12', '2021-10-26 10:20:58', NULL, 2, NULL, NULL, 23, '2021-10-26 10:20:52', 1, 0, NULL),
	(741, '5300378551', '2021-10-26 08:42:29', '2021-10-26 08:43:32', NULL, 1, NULL, NULL, 32, '2021-10-26 08:43:32', 0, 0, NULL),
	(742, '5300378547', '2021-10-26 08:44:37', '2021-10-26 08:49:38', NULL, 2, 'Bảo trì và khắc phục sự cố', NULL, 32, '2021-10-26 08:44:41', 1, 1, '/report/5300378547/report-20211026084910.pdf'),
	(743, '56HG707962', '2021-10-26 08:50:17', '2021-10-26 10:35:43', NULL, 2, 'thay pin cmos', NULL, 18, '2021-10-26 10:34:00', 0, 1, '/report/56HG707962/report-20211026103540.pdf'),
	(744, '56HGL03536', '2021-10-26 09:22:17', '2021-10-26 09:22:46', NULL, 2, NULL, NULL, 31, '2021-10-26 09:22:22', 0, 1, '/report/56HGL03536/report-20211026092243.pdf'),
	(745, '56HGL00302', '2021-10-26 09:23:10', '2021-10-26 09:24:14', NULL, 2, 'chuyển địa điểm đến Số 225, Đường 30/4, Khu phố 1, Phường 1, Tp Tây Ninh', NULL, 31, '2021-10-26 09:23:15', 1, 0, NULL),
	(746, 'J821006599', '2021-10-26 09:38:12', '2021-10-26 09:58:02', NULL, 2, 'bỏ khuyên đen cửa shuter', NULL, 20, '2021-10-26 09:55:16', 0, 1, '/report/J821006599/report-20211026095759.pdf'),
	(747, '5310181552', '2021-10-26 10:49:20', '2021-10-26 10:49:32', NULL, 2, NULL, NULL, 16, '2021-10-26 10:49:21', 1, 0, NULL),
	(748, 'J821001582', '2021-10-26 10:58:22', '2021-10-26 11:31:19', NULL, 2, NULL, NULL, 18, '2021-10-26 11:30:59', 1, 1, '/report/J821001582/report-20211026113116.pdf'),
	(749, '5300378007', '2021-10-26 11:50:53', '2021-10-26 12:05:59', NULL, 2, NULL, NULL, 17, '2021-10-26 11:51:46', 0, 1, '/report/5300378007/report-20211026120523.pdf'),
	(750, '5300378007', '2021-10-26 12:06:17', '2021-10-26 12:06:56', NULL, 1, NULL, NULL, 17, '2021-10-26 12:06:56', 0, 0, NULL),
	(751, '5310105816', '2021-10-26 13:22:11', '2021-10-26 15:08:37', NULL, 2, NULL, NULL, 16, '2021-10-26 15:08:31', 1, 0, NULL),
	(752, '5310183008', '2021-10-26 13:46:35', '2021-10-26 16:44:30', NULL, 2, NULL, NULL, 25, '2021-10-26 16:44:04', 1, 0, NULL),
	(753, '5310107206', '2021-10-26 14:41:18', '2021-10-26 15:36:16', NULL, 2, NULL, NULL, 20, '2021-10-26 15:34:03', 0, 1, '/report/5310107206/report-20211026153610.pdf'),
	(754, 'J821006599', '2021-10-26 15:50:29', '2021-10-26 16:31:03', NULL, 2, NULL, NULL, 18, '2021-10-26 16:30:03', 0, 1, '/report/J821006599/report-20211026163057.pdf'),
	(755, '5310180603', '2021-10-26 16:57:03', '2021-10-26 16:57:27', NULL, 2, 'máy ko online', NULL, 13, '2021-10-26 16:57:04', 0, 1, '/report/5310180603/report-20211026165725.pdf'),
	(756, '5300378266', '2021-10-26 16:57:59', '2021-10-26 16:58:24', NULL, 2, 'máy lỗi 18', NULL, 13, '2021-10-26 16:58:00', 0, 1, '/report/5300378266/report-20211026165822.pdf'),
	(757, '5310107015', '2021-10-26 16:58:47', '2021-10-26 16:59:06', NULL, 2, 'máy lỗi 19', NULL, 13, '2021-10-26 16:58:49', 0, 1, '/report/5310107015/report-20211026165904.pdf'),
	(758, 'J821002772', '2021-10-26 16:59:58', '2021-10-26 17:00:26', NULL, 2, NULL, NULL, 13, '2021-10-26 17:00:00', 0, 1, '/report/J821002772/report-20211026170024.pdf'),
	(759, '56HGL03510', '2021-10-26 17:35:25', '2021-10-26 17:49:20', NULL, 2, 'Bptt báo lỗi cửa shutter do vướng dây báo động. Đã hướng dẫn đi lại dây báo động.', NULL, 26, '2021-10-26 17:35:30', 0, 1, '/report/56HGL03510/report-20211026174908.pdf'),
	(760, '5300380412', '2021-10-26 18:02:50', '2021-10-26 18:03:15', NULL, 2, 'đầu đọc thẻ báo erro', NULL, 13, '2021-10-26 18:02:51', 0, 1, '/report/5300380412/report-20211026180313.pdf'),
	(761, '5310180595', '2021-10-26 18:03:25', '2021-10-26 18:05:02', NULL, 2, 'máy báo lỗi 25 (mô tơ chính do đối tác ký bảo trì lẻ thay, máy báo 25 nhưng ko có tiền kẹt), nếu bị lỗi lại phải thay mô tơ chính khác.', NULL, 13, '2021-10-26 18:03:27', 0, 1, '/report/5310180595/report-20211026180459.pdf'),
	(762, '5310106996', '2021-10-27 08:47:34', '2021-10-27 08:47:46', NULL, 1, NULL, NULL, 23, '2021-10-27 08:47:46', 0, 0, NULL),
	(763, '5310106969', '2021-10-27 08:47:57', '2021-10-27 09:11:03', NULL, 2, NULL, NULL, 23, '2021-10-27 09:50:44', 1, 0, NULL),
	(764, 'J821012674', '2021-10-27 09:25:55', '2021-10-27 10:07:44', NULL, 2, 'gỡ tiền kẹt mệnh giá 100k và 10k tại miếng nhựa trong, máy báo lỗi 2-0 ', NULL, 25, '2021-10-27 10:05:55', 0, 1, '/report/J821012674/report-20211027100740.pdf'),
	(765, '5310183233', '2021-10-27 09:42:21', '2021-10-27 11:14:46', NULL, 2, NULL, NULL, 23, '2021-10-27 11:14:39', 1, 0, NULL),
	(766, '5300380438', '2021-10-27 10:50:36', '2021-10-27 10:51:53', NULL, 2, NULL, NULL, 29, '2021-10-27 10:50:58', 0, 1, '/report/5300380438/report-20211027105145.pdf'),
	(767, '5310182525', '2021-10-27 10:54:59', '2021-10-27 10:55:10', NULL, 2, NULL, NULL, 16, '2021-10-27 10:55:05', 1, 0, NULL),
	(768, '5310106163', '2021-10-27 11:04:53', '2021-10-27 11:29:16', NULL, 2, NULL, NULL, 18, '2021-10-27 11:28:32', 1, 1, '/report/5310106163/report-20211027112912.pdf'),
	(769, '5310180661', '2021-10-27 13:43:42', '2021-10-27 13:44:02', NULL, 2, NULL, NULL, 16, '2021-10-27 13:43:48', 1, 0, NULL),
	(770, '5310182690', '2021-10-27 13:45:41', '2021-10-27 16:34:03', NULL, 2, NULL, NULL, 18, '2021-10-27 15:47:49', 1, 0, NULL),
	(771, '5310106134', '2021-10-27 13:58:50', NULL, NULL, 0, NULL, NULL, 24, NULL, 0, 0, NULL),
	(772, '5310183229', '2021-10-27 14:32:50', '2021-10-27 16:34:03', NULL, 2, NULL, NULL, 16, '2021-10-27 15:48:12', 1, 0, NULL);
/*!40000 ALTER TABLE `job` ENABLE KEYS */;

-- Dumping structure for table atmservice.job_perform
CREATE TABLE IF NOT EXISTS `job_perform` (
  `id` bigint(20) NOT NULL AUTO_INCREMENT,
  `name` varchar(255) NOT NULL,
  PRIMARY KEY (`id`)
) ENGINE=InnoDB AUTO_INCREMENT=6 DEFAULT CHARSET=utf8mb4;

-- Dumping data for table atmservice.job_perform: ~4 rows (approximately)
/*!40000 ALTER TABLE `job_perform` DISABLE KEYS */;
INSERT INTO `job_perform` (`id`, `name`) VALUES
	(1, 'Vệ sinh, căn chỉnh thiết bị'),
	(2, 'Vệ sinh, thay thế linh kiện'),
	(3, 'Ghost lại hệ điều hành'),
	(4, 'Đặt lại thông số '),
	(5, 'Hướng dẫn qua điện thoại');
/*!40000 ALTER TABLE `job_perform` ENABLE KEYS */;

-- Dumping structure for table atmservice.kpsc
CREATE TABLE IF NOT EXISTS `kpsc` (
  `id` bigint(20) NOT NULL AUTO_INCREMENT,
  `job_id` bigint(20) NOT NULL,
  `job_perform_id` bigint(20) DEFAULT NULL,
  `error_desc` varchar(255) DEFAULT NULL,
  `device_id` bigint(20) DEFAULT NULL,
  PRIMARY KEY (`id`),
  KEY `fk_kpsc_1_idx` (`job_id`),
  KEY `fk_kpsc_2_idx` (`job_perform_id`),
  KEY `fk_kpsc_4_idx` (`device_id`),
  CONSTRAINT `fk_kpsc_1` FOREIGN KEY (`job_id`) REFERENCES `job` (`id`) ON DELETE NO ACTION ON UPDATE NO ACTION,
  CONSTRAINT `fk_kpsc_2` FOREIGN KEY (`job_perform_id`) REFERENCES `job_perform` (`id`),
  CONSTRAINT `fk_kpsc_4` FOREIGN KEY (`device_id`) REFERENCES `device` (`id`)
) ENGINE=InnoDB AUTO_INCREMENT=647 DEFAULT CHARSET=utf8mb4;

-- Dumping data for table atmservice.kpsc: ~427 rows (approximately)
/*!40000 ALTER TABLE `kpsc` DISABLE KEYS */;
INSERT INTO `kpsc` (`id`, `job_id`, `job_perform_id`, `error_desc`, `device_id`) VALUES
	(53, 111, 2, 'Không trả được tiền', 2),
	(54, 111, NULL, NULL, NULL),
	(55, 111, NULL, NULL, NULL),
	(56, 113, 2, 'Hay nuốt thẻ', 3),
	(57, 113, NULL, NULL, NULL),
	(58, 117, 2, 'Hay nuốt thẻ', 3),
	(59, 117, NULL, NULL, NULL),
	(60, 131, 1, 'Không trả được tiền', 2),
	(61, 135, 2, 'Bật không lên', 1),
	(62, 135, NULL, NULL, NULL),
	(63, 138, 2, 'Không trả được tiền', 2),
	(64, 138, NULL, NULL, NULL),
	(65, 137, 2, 'Kẹt tiền', 2),
	(66, 137, NULL, NULL, NULL),
	(67, 140, 2, 'Hay nuốt thẻ', 3),
	(68, 140, NULL, NULL, NULL),
	(69, 142, 1, 'Kẹt tiền', 2),
	(70, 145, 2, 'Hay nuốt thẻ', 3),
	(71, 145, NULL, NULL, NULL),
	(72, 146, 1, 'Kẹt tiền', 2),
	(73, 146, 1, 'Kẹt tiền', 2),
	(74, 147, 2, 'Kẹt giấy', 4),
	(75, 147, NULL, NULL, NULL),
	(76, 148, 1, 'Không hoạt động', 1),
	(77, 148, 2, 'Không hoạt động', 1),
	(78, 148, NULL, NULL, NULL),
	(79, 149, 1, 'Tiền loại nhiều', 2),
	(80, 150, 2, 'Không đọc được thẻ', 3),
	(81, 150, NULL, NULL, NULL),
	(82, 152, 1, 'Không trả được tiền', 2),
	(83, 154, 4, 'Bật không lên', 1),
	(84, 155, 3, 'Không hoạt động', 1),
	(85, 156, 1, 'Không trả được tiền', 2),
	(86, 157, 2, 'Kẹt tiền', 2),
	(87, 157, NULL, NULL, NULL),
	(88, 159, 2, 'Không hoạt động', 1),
	(89, 159, NULL, NULL, NULL),
	(90, 158, 3, 'Bật không lên', 1),
	(91, 158, 2, 'Bật không lên', 1),
	(92, 158, NULL, NULL, NULL),
	(97, 162, 2, 'Không hoạt động', 1),
	(98, 162, NULL, NULL, NULL),
	(99, 164, 2, 'Kẹt tiền', 2),
	(100, 164, NULL, NULL, NULL),
	(103, 168, 2, 'Kẹt tiền', 2),
	(104, 168, NULL, NULL, NULL),
	(105, 170, 2, 'Kẹt tiền', 2),
	(106, 170, NULL, NULL, NULL),
	(107, 171, 2, 'Bật không lên', 1),
	(108, 171, NULL, NULL, NULL),
	(109, 172, 1, 'Không trả được tiền', 2),
	(110, 173, 2, 'Bật không lên', 1),
	(111, 173, NULL, NULL, NULL),
	(112, 174, 3, 'Không hoạt động', 1),
	(113, 175, 3, 'Màn hình không hiển thị', 1),
	(114, 175, 4, 'Màn hình không hiển thị', 1),
	(115, 175, 2, 'Màn hình không hiển thị', 1),
	(116, 175, NULL, NULL, NULL),
	(117, 177, 1, 'Không đọc được một số loại thẻ', 3),
	(118, 178, 1, 'Không đọc được một số loại thẻ', 3),
	(119, 179, 1, 'Không trả được tiền', 2),
	(120, 180, 2, 'Không trả được tiền', 2),
	(121, 180, NULL, NULL, NULL),
	(122, 180, NULL, NULL, NULL),
	(123, 181, 1, 'Tiền loại nhiều', 2),
	(124, 182, 4, 'Không hoạt động', 1),
	(125, 183, 2, 'Không trả được tiền', 2),
	(126, 183, NULL, NULL, NULL),
	(127, 184, 3, 'Màn hình không hiển thị', 1),
	(128, 185, 4, 'Không hoạt động', 1),
	(130, 188, 2, 'Không đọc được thẻ', 3),
	(131, 188, NULL, NULL, NULL),
	(132, 192, 2, 'Tiền loại nhiều', 2),
	(133, 192, NULL, NULL, NULL),
	(134, 190, 3, 'Không hoạt động', 1),
	(135, 191, 1, 'Tiền loại nhiều', 2),
	(136, 194, 2, 'Không hoạt động', 1),
	(137, 194, NULL, NULL, NULL),
	(138, 195, 1, 'Tiền loại nhiều', 2),
	(139, 195, 1, 'Kẹt tiền', 2),
	(140, 197, 2, 'Không trả được tiền', 2),
	(141, 197, NULL, NULL, NULL),
	(142, 189, 2, 'Không trả được tiền', 2),
	(143, 189, NULL, NULL, NULL),
	(144, 196, 3, 'Bật không lên', 1),
	(145, 198, 4, 'Không hoạt động', 1),
	(146, 199, 1, 'Không hoạt động', 3),
	(147, 200, 1, 'Không trả được tiền', 2),
	(148, 201, 1, 'Không trả được tiền', 2),
	(149, 202, 1, 'Tiền loại nhiều', 2),
	(150, 205, 2, 'Không đọc được thẻ', 3),
	(151, 205, NULL, NULL, NULL),
	(152, 204, 1, 'Không trả được tiền', 2),
	(153, 203, 1, 'Không trả được tiền', 2),
	(154, 206, 3, 'Không hoạt động', 1),
	(155, 207, 1, 'Kẹt tiền', 2),
	(156, 208, 2, 'Kẹt tiền', 2),
	(157, 208, NULL, NULL, NULL),
	(158, 209, 2, 'Không trả được tiền', 2),
	(159, 209, NULL, NULL, NULL),
	(160, 210, 2, 'Không đọc được một số loại thẻ', 3),
	(161, 210, NULL, NULL, NULL),
	(162, 211, 2, 'Không trả được tiền', 2),
	(163, 211, NULL, NULL, NULL),
	(164, 212, 2, 'Không đọc được một số loại thẻ', 3),
	(165, 212, NULL, NULL, NULL),
	(166, 213, 1, 'Kẹt tiền', 2),
	(167, 214, 1, 'Không hoạt động', 4),
	(168, 215, 2, 'Không trả được tiền', 2),
	(169, 215, NULL, NULL, NULL),
	(170, 216, 1, 'Không hoạt động', 3),
	(171, 217, 1, 'Không hoạt động', 1),
	(172, 218, 4, 'Không hoạt động', 1),
	(173, 220, 1, 'Kẹt tiền', 2),
	(174, 221, 1, 'Bật không lên', 1),
	(175, 222, 2, 'Không hoạt động', 3),
	(176, 222, NULL, NULL, NULL),
	(177, 224, 1, 'Không hoạt động', 1),
	(178, 227, 2, 'Không hoạt động', 1),
	(179, 227, NULL, NULL, NULL),
	(180, 228, 3, 'Không hoạt động', 1),
	(181, 230, 3, 'Không hoạt động', 1),
	(182, 232, 2, 'Không trả được tiền', 2),
	(183, 232, NULL, NULL, NULL),
	(184, 233, 2, 'Không đọc được một số loại thẻ', 3),
	(185, 233, NULL, NULL, NULL),
	(186, 235, 2, 'Hay nuốt thẻ', 3),
	(187, 235, NULL, NULL, NULL),
	(188, 238, 2, 'Tiền loại nhiều', 2),
	(189, 238, NULL, NULL, NULL),
	(190, 239, 3, 'Không hoạt động', 1),
	(191, 237, 2, 'Không trả được tiền', 2),
	(192, 237, NULL, NULL, NULL),
	(193, 242, 2, 'Không hoạt động', 1),
	(194, 242, NULL, NULL, NULL),
	(195, 243, 2, 'Kẹt tiền', 2),
	(196, 243, NULL, NULL, NULL),
	(197, 246, 1, 'Không trả được tiền', 2),
	(198, 245, 3, 'Không hoạt động', 1),
	(199, 250, 2, 'Không trả được tiền', 2),
	(200, 250, NULL, NULL, NULL),
	(201, 251, 1, 'Không trả được tiền', 2),
	(202, 253, 2, 'Không trả được tiền', 2),
	(203, 253, NULL, NULL, NULL),
	(204, 254, 2, 'Không trả được tiền', 2),
	(205, 254, NULL, NULL, NULL),
	(206, 255, 2, 'Không trả được tiền', 2),
	(207, 255, NULL, NULL, NULL),
	(208, 256, 2, 'Kẹt tiền', 2),
	(209, 256, NULL, NULL, NULL),
	(210, 258, 2, 'Không hoạt động', 4),
	(211, 258, NULL, NULL, NULL),
	(212, 260, 1, 'Không trả được tiền', 2),
	(213, 257, 3, 'Không hoạt động', 1),
	(214, 259, 1, 'Không trả được tiền', 2),
	(215, 264, 2, 'Không trả được tiền', 2),
	(216, 264, NULL, NULL, NULL),
	(217, 262, 1, 'Không trả được tiền', 2),
	(218, 265, 2, 'Hay nuốt thẻ', 3),
	(219, 265, NULL, NULL, NULL),
	(220, 266, 1, 'Kẹt tiền', 2),
	(221, 268, 2, 'Không trả được tiền', 2),
	(222, 268, NULL, NULL, NULL),
	(223, 270, 1, 'Không trả được tiền', 2),
	(224, 271, 1, 'Không trả được tiền', 2),
	(225, 272, 1, 'Không trả được tiền', 2),
	(226, 273, 2, 'Không trả được tiền', 2),
	(227, 273, NULL, NULL, NULL),
	(228, 274, 1, 'Không đọc được thẻ', 3),
	(229, 269, 1, 'Tiền loại nhiều', 2),
	(230, 275, 1, 'Không hoạt động', 1),
	(231, 276, 2, 'Không trả được tiền', 2),
	(232, 276, NULL, NULL, NULL),
	(233, 277, 2, 'Không hoạt động', 1),
	(234, 277, NULL, NULL, NULL),
	(235, 267, 2, 'Không trả được tiền', 2),
	(236, 267, NULL, NULL, NULL),
	(237, 278, 1, 'Kẹt giấy', 4),
	(238, 279, 1, 'Không trả được tiền', 2),
	(239, 280, 1, 'Không hoạt động', 3),
	(240, 281, 1, 'Không hoạt động', 4),
	(241, 288, 1, 'Không trả được tiền', 2),
	(242, 291, 1, 'Tiền loại nhiều', 2),
	(243, 292, 1, 'Kẹt giấy', 4),
	(244, 294, 1, 'Kẹt tiền', 2),
	(245, 295, 1, 'Kẹt giấy', 4),
	(246, 296, 1, 'Hay nuốt thẻ', 3),
	(247, 298, 2, 'Tiền loại nhiều', 2),
	(248, 298, NULL, NULL, NULL),
	(249, 299, 1, 'Không trả được tiền', 2),
	(250, 300, 2, 'Không trả được tiền', 2),
	(251, 300, NULL, NULL, NULL),
	(252, 301, 2, 'Không trả được tiền', 2),
	(253, 301, NULL, NULL, NULL),
	(254, 293, 1, 'Không hoạt động', 1),
	(255, 293, 2, 'Không hoạt động', 1),
	(256, 293, NULL, NULL, NULL),
	(257, 303, 1, 'Không hoạt động', 4),
	(258, 306, 1, 'Kẹt tiền', 2),
	(259, 308, 1, 'Kẹt tiền', 2),
	(260, 307, 2, 'Không trả được tiền', 2),
	(261, 307, NULL, NULL, NULL),
	(262, 309, 1, 'Không trả được tiền', 2),
	(263, 310, 4, 'Không trả được tiền', 2),
	(264, 311, 3, 'Không hoạt động', 1),
	(265, 313, 1, 'Không trả được tiền', 2),
	(266, 314, 1, 'Không trả được tiền', 2),
	(267, 315, 4, 'Không trả được tiền', 2),
	(268, 316, 4, 'Không trả được tiền', 2),
	(269, 318, 2, 'Tiền loại nhiều', 2),
	(270, 318, NULL, NULL, NULL),
	(271, 319, 4, 'Không hoạt động', 1),
	(272, 322, 1, 'Không trả được tiền', 2),
	(273, 321, 1, 'Không trả được tiền', 2),
	(274, 323, 1, 'Kẹt tiền', 2),
	(275, 325, 1, 'Kẹt giấy', 4),
	(276, 329, 4, 'Không trả được tiền', 2),
	(277, 328, 2, 'Không hoạt động', 1),
	(278, 328, NULL, NULL, NULL),
	(279, 331, 1, 'Không trả được tiền', 2),
	(280, 333, 2, 'Không hoạt động', 1),
	(281, 333, NULL, NULL, NULL),
	(282, 334, 1, 'Kẹt tiền', 2),
	(283, 336, 2, 'Không hoạt động', 1),
	(284, 336, NULL, NULL, NULL),
	(285, 337, 1, 'Không trả được tiền', 2),
	(286, 338, 1, 'Không trả được tiền', 2),
	(287, 341, 1, 'Không hoạt động', 4),
	(288, 342, 1, 'Không trả được tiền', 2),
	(289, 345, 1, 'Không hoạt động', 1),
	(290, 346, 1, 'Không hoạt động', 1),
	(291, 347, 1, 'Không trả được tiền', 2),
	(292, 348, 1, 'Tiền loại nhiều', 2),
	(293, 349, 1, 'Kẹt tiền', 2),
	(294, 350, 2, 'Không trả được tiền', 2),
	(295, 350, NULL, NULL, NULL),
	(296, 354, 1, 'Không hoạt động', 3),
	(297, 354, 1, 'Không trả được tiền', 2),
	(298, 356, 1, 'Không trả được tiền', 2),
	(299, 355, 1, 'Không trả được tiền', 2),
	(300, 358, 1, 'Không trả được tiền', 2),
	(301, 359, 1, 'Không hoạt động', 1),
	(302, 361, 1, 'Kẹt tiền', 2),
	(303, 364, 1, 'Không trả được tiền', 2),
	(304, 367, 2, 'Không trả được tiền', 2),
	(305, 367, NULL, NULL, NULL),
	(306, 363, 2, 'Không trả được tiền', 2),
	(307, 363, NULL, NULL, NULL),
	(308, 362, 3, 'Không hoạt động', 1),
	(309, 370, 4, 'Không trả được tiền', 2),
	(310, 375, 2, 'Không trả được tiền', 2),
	(311, 375, NULL, NULL, NULL),
	(312, 382, 1, 'Tiền loại nhiều', 2),
	(313, 384, 1, 'Không trả được tiền', 2),
	(314, 385, 1, 'Không trả được tiền', 2),
	(315, 386, 1, 'Kẹt tiền', 2),
	(316, 389, 1, 'Không hoạt động', 1),
	(317, 394, 2, 'Không trả được tiền', 2),
	(318, 394, NULL, NULL, NULL),
	(319, 402, 1, 'Không trả được tiền', 2),
	(320, 400, 1, 'Không trả được tiền', 2),
	(321, 403, 1, 'Kẹt tiền', 2),
	(322, 404, 1, 'Không hoạt động', 3),
	(323, 405, 1, 'Không trả được tiền', 2),
	(324, 406, 1, 'Kẹt giấy', 4),
	(325, 407, 1, 'Không trả được tiền', 2),
	(326, 408, 1, 'Tiền loại nhiều', 2),
	(327, 410, 1, 'Không đọc được thẻ', 3),
	(328, 409, 3, 'Không hoạt động', 1),
	(329, 411, 1, 'Không trả được tiền', 2),
	(330, 412, 1, 'Kẹt tiền', 2),
	(331, 413, 2, 'Không trả được tiền', 2),
	(332, 413, NULL, NULL, NULL),
	(333, 414, 2, 'Bật không lên', 1),
	(334, 414, NULL, NULL, NULL),
	(335, 416, 1, 'Không trả được tiền', 2),
	(336, 417, 1, 'Kẹt tiền', 2),
	(337, 418, 1, 'Không trả được tiền', 2),
	(338, 419, 1, 'Không trả được tiền', 2),
	(339, 420, 1, 'Không hoạt động', 3),
	(340, 415, 1, 'Không hoạt động', 3),
	(341, 421, 1, 'Không hoạt động', 3),
	(342, 422, 1, 'Kẹt tiền', 2),
	(343, 423, 1, 'Không trả được tiền', 2),
	(344, 424, 1, 'Không trả được tiền', 2),
	(345, 425, 1, 'Không hoạt động', 3),
	(346, 427, 1, 'Kẹt tiền', 2),
	(347, 426, 2, 'Không hoạt động', 1),
	(348, 426, NULL, NULL, NULL),
	(349, 428, 1, 'Không hoạt động', 1),
	(350, 429, 1, 'Không trả được tiền', 2),
	(351, 430, 1, 'Không trả được tiền', 2),
	(352, 431, 4, 'Không hoạt động', 1),
	(353, 432, 2, 'Không trả được tiền', 2),
	(354, 432, NULL, NULL, NULL),
	(355, 432, NULL, NULL, NULL),
	(356, 434, 4, 'Không hoạt động', 1),
	(357, 437, 1, 'Kẹt giấy', 4),
	(358, 438, 2, 'Không hoạt động', 1),
	(359, 438, 2, 'Không trả được tiền', 2),
	(360, 438, NULL, NULL, NULL),
	(361, 438, NULL, NULL, NULL),
	(362, 440, 1, 'Bật không lên', 1),
	(363, 441, 2, 'Không trả được tiền', 2),
	(364, 441, NULL, NULL, NULL),
	(365, 443, 1, 'Không trả được tiền', 2),
	(366, 444, 1, 'Không hoạt động', 1),
	(367, 450, 2, 'Không trả được tiền', 2),
	(368, 450, NULL, NULL, NULL),
	(369, 457, 1, 'Không hoạt động', 1),
	(370, 455, 1, 'Không trả được tiền', 2),
	(371, 459, 1, 'Không trả được tiền', 2),
	(372, 456, 1, 'Kẹt tiền', 2),
	(373, 460, 1, 'Kẹt tiền', 2),
	(374, 462, 3, 'Bật không lên', 1),
	(375, 464, 1, 'Không trả được tiền', 2),
	(376, 461, 2, 'Không trả được tiền', 2),
	(377, 461, NULL, NULL, NULL),
	(378, 467, 3, 'Không hoạt động', 1),
	(379, 439, 1, 'Bật không lên', 1),
	(380, 481, 1, 'Không trả được tiền', 2),
	(381, 472, 3, 'Không hoạt động', 1),
	(382, 472, 2, 'Không hoạt động', 1),
	(383, 472, NULL, NULL, NULL),
	(384, 482, 2, 'Hay nuốt thẻ', 3),
	(385, 482, NULL, NULL, NULL),
	(386, 486, 2, 'Hay nuốt thẻ', 3),
	(387, 486, NULL, NULL, NULL),
	(388, 485, 1, 'Không trả được tiền', 2),
	(389, 487, 4, 'Không hoạt động', 1),
	(390, 477, 2, 'Kẹt tiền', 2),
	(391, 477, NULL, NULL, NULL),
	(392, 488, 1, 'Không hoạt động', 3),
	(393, 489, 2, 'Không đọc được thẻ', 3),
	(394, 489, NULL, NULL, NULL),
	(395, 490, 1, 'Kẹt giấy', 4),
	(396, 491, 1, 'Không hoạt động', 1),
	(397, 492, 1, 'Không trả được tiền', 2),
	(398, 493, 1, 'Không trả được tiền', 2),
	(399, 501, 2, 'Tiền loại nhiều', 2),
	(400, 501, NULL, NULL, NULL),
	(401, 503, 1, 'Không hoạt động', 4),
	(402, 508, 2, 'Không hoạt động', 1),
	(403, 508, NULL, NULL, NULL),
	(404, 507, 3, 'Bật không lên', 1),
	(405, 510, 1, 'Kẹt tiền', 2),
	(406, 511, 1, 'Không hoạt động', 1),
	(407, 512, 1, 'Kẹt giấy', 4),
	(408, 513, 1, 'Kẹt tiền', 2),
	(409, 514, 1, 'Không trả được tiền', 2),
	(410, 515, 1, 'Không trả được tiền', 2),
	(411, 516, 1, 'Kẹt tiền', 2),
	(412, 517, 1, 'Không trả được tiền', 2),
	(413, 518, 1, 'Kẹt tiền', 2),
	(414, 519, 1, 'Kẹt tiền', 2),
	(415, 520, 1, 'Không trả được tiền', 2),
	(416, 521, 1, 'Không trả được tiền', 2),
	(417, 522, 1, 'Không trả được tiền', 2),
	(418, 504, 2, 'Không trả được tiền', 2),
	(419, 504, NULL, NULL, NULL),
	(420, 523, 1, 'Không trả được tiền', 2),
	(421, 524, 1, 'Không trả được tiền', 2),
	(422, 528, 2, 'Không trả được tiền', 2),
	(423, 528, NULL, NULL, NULL),
	(424, 532, 2, 'Kẹt tiền', 2),
	(425, 532, NULL, NULL, NULL),
	(426, 532, NULL, NULL, NULL),
	(427, 535, 2, 'Không hoạt động', 1),
	(428, 535, NULL, NULL, NULL),
	(429, 530, 4, 'Không hoạt động', 1),
	(430, 538, 1, 'Không trả được tiền', 2),
	(431, 542, 1, 'Không trả được tiền', 2),
	(432, 545, 1, 'Không trả được tiền', 2),
	(433, 546, 2, 'Không trả được tiền', 2),
	(434, 546, NULL, NULL, NULL),
	(435, 552, 2, 'Không trả được tiền', 2),
	(436, 552, NULL, NULL, NULL),
	(437, 554, 1, 'Màn hình không hiển thị', 1),
	(438, 553, 2, 'Tiền loại nhiều', 2),
	(439, 553, NULL, NULL, NULL),
	(440, 551, 1, 'Không hoạt động', 1),
	(441, 556, 1, 'Không hoạt động', 1),
	(442, 544, 1, 'Không hoạt động', 1),
	(443, 557, 2, 'Không trả được tiền', 2),
	(444, 557, NULL, NULL, NULL),
	(445, 559, 2, 'Tiền loại nhiều', 2),
	(446, 559, NULL, NULL, NULL),
	(447, 558, 2, 'Không đọc được thẻ', 3),
	(448, 558, NULL, NULL, NULL),
	(449, 549, 2, 'Không hoạt động', 1),
	(450, 549, NULL, NULL, NULL),
	(451, 549, NULL, NULL, NULL),
	(452, 549, NULL, NULL, NULL),
	(453, 563, 1, 'Tiền loại nhiều', 2),
	(454, 564, 1, 'Không trả được tiền', 2),
	(455, 565, 1, 'Không trả được tiền', 2),
	(456, 566, 1, 'Không trả được tiền', 2),
	(457, 567, 1, 'Không trả được tiền', 2),
	(458, 568, 1, 'Không trả được tiền', 2),
	(459, 569, 1, 'Không trả được tiền', 2),
	(460, 570, 1, 'Không trả được tiền', 2),
	(461, 571, 2, 'Không hoạt động', 4),
	(462, 571, NULL, NULL, NULL),
	(463, 572, 1, 'Không trả được tiền', 2),
	(464, 573, 2, 'Không hoạt động', 4),
	(465, 573, NULL, NULL, NULL),
	(466, 574, 1, 'Kẹt tiền', 2),
	(467, 575, 1, 'Không trả được tiền', 2),
	(468, 561, 4, 'Không hoạt động', 1),
	(469, 577, 4, 'Không hoạt động', 1),
	(470, 578, 1, 'Kẹt giấy', 4),
	(471, 582, 2, 'Không trả được tiền', 2),
	(472, 582, NULL, NULL, NULL),
	(473, 583, 1, 'Không hoạt động', 1),
	(474, 585, 3, 'Không hoạt động', 1),
	(481, 579, 2, 'Không hoạt động', 3),
	(482, 579, NULL, NULL, NULL),
	(483, 589, 2, 'Không trả được tiền', 2),
	(484, 589, NULL, NULL, NULL),
	(485, 589, NULL, NULL, NULL),
	(486, 589, NULL, NULL, NULL),
	(487, 591, 1, 'Không trả được tiền', 2),
	(495, 594, 1, 'Kẹt giấy', 4),
	(496, 580, 2, 'Không trả được tiền', 2),
	(497, 580, NULL, NULL, NULL),
	(498, 595, 1, 'Không trả được tiền', 2),
	(499, 596, 1, 'Không trả được tiền', 2),
	(500, 562, 2, 'Không hoạt động', 1),
	(501, 562, NULL, NULL, NULL),
	(502, 600, 1, 'Không trả được tiền', 2),
	(503, 601, 2, 'Không hoạt động', 1),
	(504, 601, NULL, NULL, NULL),
	(505, 603, 2, 'Không trả được tiền', 2),
	(506, 603, NULL, NULL, NULL),
	(507, 604, 1, 'Không trả được tiền', 2),
	(508, 608, 1, 'Tiền loại nhiều', 2),
	(509, 610, 2, 'Không trả được tiền', 2),
	(510, 610, NULL, NULL, NULL),
	(511, 611, 1, 'Không trả được tiền', 2),
	(512, 613, 2, 'Không trả được tiền', 2),
	(513, 613, NULL, NULL, NULL),
	(514, 614, 1, 'Không nhận giấy', 4),
	(515, 615, 1, 'Không trả được tiền', 2),
	(516, 617, 1, 'Không trả được tiền', 2),
	(517, 618, 1, 'Không trả được tiền', 2),
	(518, 619, 2, 'Không trả được tiền', 2),
	(519, 619, NULL, NULL, NULL),
	(520, 620, 3, 'Không trả được tiền', 2),
	(521, 620, 2, 'Không trả được tiền', 2),
	(522, 620, NULL, NULL, NULL),
	(523, 621, 2, 'Không trả được tiền', 2),
	(524, 621, NULL, NULL, NULL),
	(525, 622, 4, 'Không trả được tiền', 2),
	(526, 625, 2, 'Không trả được tiền', 2),
	(527, 625, NULL, NULL, NULL),
	(528, 626, 1, 'Không trả được tiền', 2),
	(529, 627, 1, 'Không hoạt động', 1),
	(530, 628, 1, 'Không trả được tiền', 2),
	(531, 629, 1, 'Kẹt tiền', 2),
	(532, 630, 1, 'Không trả được tiền', 2),
	(533, 631, 1, 'Không trả được tiền', 2),
	(534, 632, 1, 'Không trả được tiền', 2),
	(535, 633, 5, 'Không trả được tiền', 2),
	(536, 634, 5, 'Không trả được tiền', 2),
	(537, 635, 5, 'Kẹt tiền', 2),
	(538, 637, 5, 'Không trả được tiền', 2),
	(539, 636, 1, 'Kẹt tiền', 2),
	(540, 639, 5, 'Không trả được tiền', 2),
	(541, 640, 2, 'Không trả được tiền', 2),
	(542, 640, NULL, NULL, NULL),
	(543, 641, 1, 'Tiền loại nhiều', 2),
	(544, 643, 1, 'Không trả được tiền', 2),
	(545, 645, 1, 'Tiền loại nhiều', 2),
	(546, 644, 2, 'Tiền loại nhiều', 2),
	(547, 644, NULL, NULL, NULL),
	(548, 646, 1, 'Không trả được tiền', 2),
	(549, 648, 3, 'Không hoạt động', 1),
	(550, 653, 2, 'Không trả được tiền', 2),
	(551, 653, NULL, NULL, NULL),
	(552, 657, 5, 'Không trả được tiền', 2),
	(553, 659, 2, 'Không trả được tiền', 2),
	(554, 659, NULL, NULL, NULL),
	(555, 660, 1, 'Bật không lên', 1),
	(556, 661, 2, 'Không trả được tiền', 2),
	(557, 661, NULL, NULL, NULL),
	(558, 665, 5, 'Không trả được tiền', 2),
	(559, 666, 1, 'Không trả được tiền', 2),
	(560, 672, 2, 'Không trả được tiền', 2),
	(561, 672, NULL, NULL, NULL),
	(562, 672, NULL, NULL, NULL),
	(563, 674, 5, 'Không trả được tiền', 2),
	(564, 676, 1, 'Tiền loại nhiều', 2),
	(565, 677, 5, 'Không cắt giấy', 4),
	(566, 673, 2, 'Không hoạt động', 1),
	(567, 673, NULL, NULL, NULL),
	(568, 679, 2, 'Tiền loại nhiều', 2),
	(569, 679, NULL, NULL, NULL),
	(570, 678, 3, 'Không hoạt động', 1),
	(571, 668, 1, 'Không trả được tiền', 2),
	(572, 681, 1, 'Không hoạt động', 1),
	(573, 682, 5, 'Không trả được tiền', 2),
	(574, 680, 1, 'Kẹt giấy', 4),
	(575, 675, 2, 'Không trả được tiền', 2),
	(576, 675, NULL, NULL, NULL),
	(577, 685, 2, 'Không hoạt động', 3),
	(578, 685, NULL, NULL, NULL),
	(579, 686, 5, 'Không trả được tiền', 2),
	(580, 684, 1, 'Không trả được tiền', 2),
	(581, 688, 2, 'Không trả được tiền', 2),
	(582, 688, NULL, NULL, NULL),
	(583, 691, 2, 'Không trả được tiền', 2),
	(584, 691, NULL, NULL, NULL),
	(585, 697, 1, 'Tiền loại nhiều', 2),
	(586, 698, 5, 'Không hoạt động', 1),
	(587, 699, 5, 'Tiền loại nhiều', 2),
	(588, 692, 2, 'Không trả được tiền', 2),
	(589, 692, NULL, NULL, NULL),
	(590, 703, 2, 'Tiền loại nhiều', 2),
	(591, 703, NULL, NULL, NULL),
	(592, 704, 2, 'Tiền loại nhiều', 2),
	(593, 704, NULL, NULL, NULL),
	(594, 705, 2, 'Không trả được tiền', 2),
	(595, 705, NULL, NULL, NULL),
	(596, 707, 1, 'Không nhận giấy', 4),
	(597, 706, 2, 'Tiền loại nhiều', 2),
	(598, 706, NULL, NULL, NULL),
	(599, 713, 2, 'Tiền loại nhiều', 2),
	(600, 713, NULL, NULL, NULL),
	(601, 711, 2, 'Không trả được tiền', 2),
	(602, 711, NULL, NULL, NULL),
	(603, 716, 5, 'Kẹt tiền', 2),
	(604, 717, 2, 'Không hoạt động', 1),
	(605, 717, NULL, NULL, NULL),
	(606, 721, 2, 'Không trả được tiền', 2),
	(607, 721, 2, 'Kẹt tiền', 2),
	(608, 721, NULL, NULL, NULL),
	(609, 722, 2, 'Kẹt tiền', 2),
	(610, 722, NULL, NULL, NULL),
	(611, 723, 5, 'Không trả được tiền', 2),
	(612, 724, 5, 'Không hoạt động', 1),
	(613, 725, 1, 'Kẹt tiền', 2),
	(614, 726, 1, 'Không hoạt động', 1),
	(615, 727, 2, 'Không trả được tiền', 2),
	(616, 727, NULL, NULL, NULL),
	(617, 728, 5, 'Kẹt giấy', 4),
	(618, 729, 5, 'Không trả được tiền', 2),
	(619, 732, 1, 'Kẹt tiền', 2),
	(620, 730, 2, 'Không trả được tiền', 2),
	(621, 730, NULL, NULL, NULL),
	(622, 734, 1, 'Kẹt tiền', 2),
	(623, 742, 2, 'Không trả được tiền', 2),
	(624, 742, NULL, NULL, NULL),
	(625, 742, NULL, NULL, NULL),
	(626, 744, 5, 'Không hoạt động', 3),
	(627, 746, 1, 'Không trả được tiền', 2),
	(628, 743, 4, 'Không trả được tiền', 2),
	(629, 743, 2, 'Không trả được tiền', 2),
	(630, 743, NULL, NULL, NULL),
	(631, 748, 1, 'Không trả được tiền', 2),
	(632, 749, 1, 'Không hoạt động', 1),
	(633, 753, 1, 'Không trả được tiền', 2),
	(634, 754, 2, 'Không trả được tiền', 2),
	(635, 754, NULL, NULL, NULL),
	(636, 755, 5, 'Không hoạt động', 1),
	(637, 756, 5, 'Không trả được tiền', 2),
	(638, 757, 5, 'Không trả được tiền', 2),
	(639, 758, 3, 'Không hoạt động', 1),
	(640, 759, 5, 'Không trả được tiền', 2),
	(641, 760, 5, 'Không hoạt động', 3),
	(642, 761, 5, 'Không trả được tiền', 2),
	(643, 764, 1, 'Kẹt tiền', 2),
	(644, 766, 1, 'Không trả được tiền', 2),
	(645, 768, 2, 'Không đọc được một số loại thẻ', 3),
	(646, 768, NULL, NULL, NULL);
/*!40000 ALTER TABLE `kpsc` ENABLE KEYS */;

-- Dumping structure for table atmservice.period
CREATE TABLE IF NOT EXISTS `period` (
  `id` bigint(20) NOT NULL AUTO_INCREMENT,
  `contract_id` bigint(20) NOT NULL,
  `start_time` datetime NOT NULL,
  `end_time` datetime NOT NULL,
  `period_index` int(11) NOT NULL,
  PRIMARY KEY (`id`),
  KEY `fk_period_contract_idx` (`contract_id`),
  CONSTRAINT `fk_period_contract` FOREIGN KEY (`contract_id`) REFERENCES `contract` (`id`) ON DELETE NO ACTION ON UPDATE NO ACTION
) ENGINE=InnoDB AUTO_INCREMENT=91 DEFAULT CHARSET=utf8mb4;

-- Dumping data for table atmservice.period: ~50 rows (approximately)
/*!40000 ALTER TABLE `period` DISABLE KEYS */;
INSERT INTO `period` (`id`, `contract_id`, `start_time`, `end_time`, `period_index`) VALUES
	(1, 1, '2019-12-01 00:00:00', '2020-03-01 00:00:00', 1),
	(2, 1, '2020-03-01 00:00:00', '2020-06-01 00:00:00', 2),
	(3, 1, '2020-06-01 00:00:00', '2020-09-01 00:00:00', 3),
	(4, 1, '2020-09-01 00:00:00', '2020-12-01 00:00:00', 4),
	(5, 1, '2020-12-01 00:00:00', '2021-03-01 00:00:00', 5),
	(6, 1, '2021-03-01 00:00:00', '2021-06-01 00:00:00', 6),
	(7, 1, '2021-06-01 00:00:00', '2021-09-01 00:00:00', 7),
	(8, 1, '2021-09-01 00:00:00', '2021-12-01 00:00:00', 8),
	(9, 1, '2021-12-01 00:00:00', '2022-03-01 00:00:00', 9),
	(10, 1, '2022-03-01 00:00:00', '2022-06-01 00:00:00', 10),
	(11, 1, '2022-06-01 00:00:00', '2022-09-01 00:00:00', 11),
	(12, 1, '2022-09-01 00:00:00', '2022-12-01 00:00:00', 12),
	(13, 1, '2022-12-01 00:00:00', '2022-12-30 00:00:00', 13),
	(14, 2, '2021-09-10 00:00:00', '2022-09-09 00:00:00', 1),
	(27, 5, '2020-09-02 00:00:00', '2020-12-02 00:00:00', 1),
	(28, 5, '2020-12-02 00:00:00', '2021-03-02 00:00:00', 2),
	(29, 5, '2021-03-02 00:00:00', '2021-06-02 00:00:00', 3),
	(30, 5, '2021-06-02 00:00:00', '2021-09-01 00:00:00', 4),
	(32, 8, '2021-04-01 00:00:00', '2021-10-01 00:00:00', 1),
	(33, 8, '2021-10-01 00:00:00', '2022-04-01 00:00:00', 2),
	(34, 8, '2022-04-01 00:00:00', '2022-10-01 00:00:00', 3),
	(35, 8, '2022-10-01 00:00:00', '2023-04-01 00:00:00', 4),
	(36, 8, '2023-04-01 00:00:00', '2023-10-01 00:00:00', 5),
	(37, 8, '2023-10-01 00:00:00', '2024-03-31 00:00:00', 6),
	(38, 9, '2021-12-21 00:00:00', '2022-12-20 00:00:00', 1),
	(39, 10, '2021-03-01 00:00:00', '2021-09-01 00:00:00', 1),
	(40, 10, '2021-09-01 00:00:00', '2022-03-01 00:00:00', 2),
	(41, 10, '2022-03-01 00:00:00', '2022-09-01 00:00:00', 3),
	(42, 10, '2022-09-01 00:00:00', '2023-03-01 00:00:00', 4),
	(43, 10, '2023-03-01 00:00:00', '2023-09-01 00:00:00', 5),
	(44, 10, '2023-09-01 00:00:00', '2024-02-29 00:00:00', 6),
	(45, 7, '2021-02-17 00:00:00', '2022-02-16 00:00:00', 1),
	(46, 4, '2021-04-01 00:00:00', '2021-10-01 00:00:00', 1),
	(47, 4, '2021-10-01 00:00:00', '2022-04-01 00:00:00', 2),
	(48, 4, '2022-04-01 00:00:00', '2022-10-01 00:00:00', 3),
	(49, 4, '2022-10-01 00:00:00', '2023-04-01 00:00:00', 4),
	(50, 4, '2023-04-01 00:00:00', '2023-10-01 00:00:00', 5),
	(51, 4, '2023-10-01 00:00:00', '2024-03-31 00:00:00', 6),
	(78, 12, '2021-09-06 00:00:00', '2022-03-06 00:00:00', 1),
	(79, 12, '2022-03-06 00:00:00', '2022-09-06 00:00:00', 2),
	(80, 12, '2022-09-06 00:00:00', '2023-03-06 00:00:00', 3),
	(81, 12, '2023-03-06 00:00:00', '2023-09-06 00:00:00', 4),
	(82, 12, '2023-09-06 00:00:00', '2024-03-06 00:00:00', 5),
	(83, 12, '2024-03-06 00:00:00', '2024-09-06 00:00:00', 6),
	(84, 12, '2024-09-06 00:00:00', '2024-09-07 00:00:00', 7);
/*!40000 ALTER TABLE `period` ENABLE KEYS */;

-- Dumping structure for table atmservice.persistent_logins
CREATE TABLE IF NOT EXISTS `persistent_logins` (
  `username` varchar(64) NOT NULL,
  `series` varchar(64) NOT NULL,
  `token` varchar(64) NOT NULL,
  `last_used` timestamp NOT NULL,
  PRIMARY KEY (`series`)
) ENGINE=InnoDB DEFAULT CHARSET=utf8mb4;

-- Dumping data for table atmservice.persistent_logins: ~0 rows (approximately)
/*!40000 ALTER TABLE `persistent_logins` DISABLE KEYS */;
/*!40000 ALTER TABLE `persistent_logins` ENABLE KEYS */;

-- Dumping structure for table atmservice.region
CREATE TABLE IF NOT EXISTS `region` (
  `id` int(11) NOT NULL AUTO_INCREMENT,
  `name` varchar(255) NOT NULL,
  PRIMARY KEY (`id`)
) ENGINE=InnoDB AUTO_INCREMENT=4 DEFAULT CHARSET=utf8mb4;

-- Dumping data for table atmservice.region: ~2 rows (approximately)
/*!40000 ALTER TABLE `region` DISABLE KEYS */;
INSERT INTO `region` (`id`, `name`) VALUES
	(1, 'Miền Trung'),
	(2, 'Miền Nam'),
	(3, 'Miền Bắc');
/*!40000 ALTER TABLE `region` ENABLE KEYS */;

-- Dumping structure for table atmservice.replacement_accessory
CREATE TABLE IF NOT EXISTS `replacement_accessory` (
  `id` bigint(20) NOT NULL AUTO_INCREMENT,
  `error_device_id` bigint(20) NOT NULL,
  `accessory_id` bigint(20) NOT NULL,
  `quantity` int(11) NOT NULL,
  `kpsc_id` bigint(20) NOT NULL,
  PRIMARY KEY (`id`),
  KEY `fk_device_2_idx` (`error_device_id`),
  KEY `fk_accessory_idx` (`accessory_id`),
  KEY `fk_kpsc_accessory_idx` (`kpsc_id`),
  CONSTRAINT `fk_accessory` FOREIGN KEY (`accessory_id`) REFERENCES `accessory` (`id`) ON DELETE NO ACTION ON UPDATE NO ACTION,
  CONSTRAINT `fk_device_2` FOREIGN KEY (`error_device_id`) REFERENCES `error_device` (`id`),
  CONSTRAINT `fk_kpsc_accessory` FOREIGN KEY (`kpsc_id`) REFERENCES `kpsc` (`id`) ON DELETE NO ACTION ON UPDATE NO ACTION
) ENGINE=InnoDB AUTO_INCREMENT=209 DEFAULT CHARSET=utf8mb4;

-- Dumping data for table atmservice.replacement_accessory: ~124 rows (approximately)
/*!40000 ALTER TABLE `replacement_accessory` DISABLE KEYS */;
INSERT INTO `replacement_accessory` (`id`, `error_device_id`, `accessory_id`, `quantity`, `kpsc_id`) VALUES
	(32, 3, 1, 1, 54),
	(33, 5, 9, 1, 55),
	(34, 10, 34, 1, 57),
	(35, 10, 34, 1, 59),
	(36, 1, 54, 1, 62),
	(37, 7, 22, 2, 64),
	(38, 3, 1, 1, 66),
	(39, 10, 34, 1, 68),
	(40, 10, 34, 1, 71),
	(41, 11, 33, 1, 75),
	(42, 7, 22, 20, 78),
	(43, 10, 36, 1, 81),
	(44, 7, 21, 1, 87),
	(45, 8, 46, 1, 89),
	(46, 1, 50, 1, 92),
	(49, 1, 54, 2, 98),
	(50, 7, 16, 2, 100),
	(52, 7, 22, 2, 104),
	(53, 3, 5, 1, 106),
	(54, 1, 52, 2, 108),
	(55, 1, 52, 1, 111),
	(56, 1, 52, 1, 116),
	(57, 3, 30, 1, 121),
	(58, 6, 61, 1, 122),
	(59, 5, 9, 1, 126),
	(60, 10, 34, 1, 131),
	(61, 7, 15, 1, 133),
	(62, 1, 54, 1, 137),
	(63, 3, 1, 1, 141),
	(64, 3, 1, 1, 143),
	(65, 10, 35, 1, 151),
	(66, 5, 9, 1, 157),
	(67, 7, 16, 1, 159),
	(68, 10, 40, 1, 161),
	(69, 3, 1, 1, 163),
	(70, 10, 35, 1, 165),
	(71, 6, 60, 1, 169),
	(72, 10, 34, 1, 176),
	(73, 1, 50, 1, 179),
	(74, 7, 21, 1, 183),
	(75, 10, 34, 1, 185),
	(76, 10, 43, 1, 187),
	(77, 7, 15, 1, 189),
	(78, 7, 22, 2, 192),
	(79, 1, 52, 1, 194),
	(80, 7, 22, 4, 196),
	(81, 5, 9, 1, 200),
	(82, 7, 25, 6, 203),
	(83, 7, 21, 1, 205),
	(84, 6, 61, 1, 207),
	(85, 7, 22, 2, 209),
	(86, 11, 32, 4, 211),
	(87, 6, 60, 1, 216),
	(88, 10, 34, 1, 219),
	(89, 5, 9, 1, 222),
	(90, 3, 1, 1, 227),
	(91, 3, 1, 1, 232),
	(92, 1, 49, 1, 234),
	(93, 7, 22, 2, 236),
	(94, 7, 22, 2, 248),
	(95, 4, 55, 1, 251),
	(96, 4, 55, 1, 253),
	(97, 5, 9, 1, 256),
	(98, 5, 9, 1, 261),
	(99, 7, 15, 1, 270),
	(100, 8, 45, 1, 278),
	(101, 1, 50, 1, 281),
	(102, 2, 57, 1, 284),
	(103, 3, 30, 1, 295),
	(104, 3, 1, 1, 305),
	(105, 3, 30, 1, 307),
	(106, 7, 18, 1, 311),
	(107, 7, 19, 1, 311),
	(108, 7, 20, 1, 311),
	(109, 7, 21, 1, 318),
	(110, 7, 22, 2, 332),
	(111, 1, 50, 1, 334),
	(112, 9, 63, 1, 348),
	(113, 7, 22, 2, 354),
	(114, 9, 63, 1, 355),
	(115, 7, 22, 2, 360),
	(116, 9, 63, 1, 361),
	(117, 7, 21, 1, 364),
	(118, 7, 22, 2, 368),
	(119, 3, 30, 1, 377),
	(120, 1, 54, 2, 383),
	(121, 1, 50, 1, 383),
	(122, 10, 34, 1, 385),
	(123, 10, 34, 1, 387),
	(124, 3, 2, 2, 391),
	(125, 3, 3, 2, 391),
	(126, 3, 4, 1, 391),
	(127, 3, 5, 2, 391),
	(128, 10, 34, 1, 394),
	(129, 7, 25, 1, 400),
	(130, 2, 59, 1, 403),
	(131, 7, 15, 1, 419),
	(132, 7, 22, 2, 423),
	(133, 7, 16, 1, 423),
	(134, 7, 21, 1, 425),
	(135, 3, 30, 1, 426),
	(136, 1, 50, 1, 428),
	(137, 1, 52, 1, 428),
	(138, 7, 18, 1, 434),
	(139, 7, 22, 2, 434),
	(140, 5, 9, 1, 436),
	(141, 7, 16, 1, 439),
	(142, 7, 17, 1, 439),
	(143, 7, 22, 2, 439),
	(144, 7, 24, 3, 444),
	(145, 7, 15, 1, 446),
	(146, 10, 37, 1, 448),
	(147, 8, 45, 1, 450),
	(148, 9, 63, 1, 451),
	(149, 3, 30, 1, 452),
	(150, 11, 33, 1, 462),
	(151, 11, 33, 1, 465),
	(152, 7, 15, 1, 472),
	(155, 10, 43, 1, 482),
	(156, 3, 30, 1, 484),
	(157, 3, 1, 1, 484),
	(158, 3, 6, 1, 484),
	(159, 5, 9, 1, 485),
	(160, 7, 15, 2, 486),
	(164, 5, 12, 4, 497),
	(165, 6, 60, 1, 501),
	(166, 1, 52, 1, 504),
	(167, 7, 21, 1, 506),
	(168, 1, 50, 1, 510),
	(169, 1, 51, 1, 510),
	(170, 1, 52, 1, 510),
	(171, 1, 53, 1, 510),
	(172, 1, 49, 1, 510),
	(173, 7, 15, 1, 513),
	(174, 3, 1, 1, 519),
	(175, 3, 30, 1, 522),
	(176, 7, 22, 2, 524),
	(177, 3, 1, 1, 527),
	(178, 3, 30, 1, 542),
	(179, 7, 25, 3, 547),
	(180, 3, 1, 1, 551),
	(181, 7, 25, 2, 554),
	(182, 6, 62, 1, 557),
	(183, 3, 1, 1, 561),
	(184, 5, 9, 1, 562),
	(185, 2, 58, 1, 567),
	(186, 7, 15, 1, 569),
	(187, 5, 11, 1, 576),
	(188, 10, 34, 1, 578),
	(189, 3, 2, 2, 582),
	(190, 7, 15, 1, 584),
	(191, 7, 15, 1, 589),
	(192, 7, 22, 2, 591),
	(193, 7, 22, 2, 593),
	(194, 7, 16, 1, 593),
	(195, 6, 60, 1, 595),
	(196, 7, 15, 1, 598),
	(197, 7, 22, 2, 600),
	(198, 3, 30, 1, 602),
	(199, 2, 59, 1, 605),
	(200, 7, 15, 2, 608),
	(201, 7, 22, 2, 610),
	(202, 7, 22, 2, 616),
	(203, 6, 60, 1, 621),
	(204, 5, 12, 4, 624),
	(205, 10, 34, 1, 625),
	(206, 3, 6, 1, 630),
	(207, 6, 60, 1, 635),
	(208, 10, 34, 1, 646);
/*!40000 ALTER TABLE `replacement_accessory` ENABLE KEYS */;

-- Dumping structure for table atmservice.role
CREATE TABLE IF NOT EXISTS `role` (
  `id` bigint(8) NOT NULL AUTO_INCREMENT,
  `name` varchar(50) NOT NULL,
  `desc` varchar(255) NOT NULL,
  PRIMARY KEY (`id`)
) ENGINE=InnoDB AUTO_INCREMENT=5 DEFAULT CHARSET=utf8mb4;

-- Dumping data for table atmservice.role: ~4 rows (approximately)
/*!40000 ALTER TABLE `role` DISABLE KEYS */;
INSERT INTO `role` (`id`, `name`, `desc`) VALUES
	(1, 'ROLE_ADMIN', 'Admin'),
	(2, 'ROLE_DEPLOYMENT', 'Triển khai'),
	(3, 'ROLE_ADMINISTRATIVE', 'Hành chính'),
	(4, 'ROLE_MONITOR', 'Giám sát');
/*!40000 ALTER TABLE `role` ENABLE KEYS */;

-- Dumping structure for table atmservice.series
CREATE TABLE IF NOT EXISTS `series` (
  `id` bigint(20) NOT NULL AUTO_INCREMENT,
  `name` varchar(45) NOT NULL,
  PRIMARY KEY (`id`)
) ENGINE=InnoDB AUTO_INCREMENT=5 DEFAULT CHARSET=utf8mb4;

-- Dumping data for table atmservice.series: ~4 rows (approximately)
/*!40000 ALTER TABLE `series` DISABLE KEYS */;
INSERT INTO `series` (`id`, `name`) VALUES
	(1, 'WN 2100'),
	(2, 'CS 280'),
	(3, 'WN C2070'),
	(4, 'DN C2070');
/*!40000 ALTER TABLE `series` ENABLE KEYS */;

-- Dumping structure for table atmservice.statistical
CREATE TABLE IF NOT EXISTS `statistical` (
  `id` bigint(20) NOT NULL AUTO_INCREMENT,
  `job_id` bigint(20) DEFAULT NULL,
  `contract_id` bigint(20) DEFAULT NULL,
  `serial_number` varchar(255) DEFAULT NULL,
  `username` varchar(255) DEFAULT NULL,
  `department_id` bigint(20) DEFAULT NULL,
  `region_id` bigint(20) DEFAULT NULL,
  `job_complete_time` datetime DEFAULT NULL,
  `is_maintenance` tinyint(4) DEFAULT NULL,
  `quantity` int(11) DEFAULT NULL,
  `status` tinyint(4) DEFAULT NULL,
  PRIMARY KEY (`id`),
  UNIQUE KEY `job_id_UNIQUE` (`job_id`)
) ENGINE=InnoDB AUTO_INCREMENT=640 DEFAULT CHARSET=utf8mb4;

-- Dumping data for table atmservice.statistical: ~388 rows (approximately)
/*!40000 ALTER TABLE `statistical` DISABLE KEYS */;
INSERT INTO `statistical` (`id`, `job_id`, `contract_id`, `serial_number`, `username`, `department_id`, `region_id`, `job_complete_time`, `is_maintenance`, `quantity`, `status`) VALUES
	(1, 111, 7, 'J821012686', 'hieppn', 4, 3, '2021-07-16 10:01:58', 1, 2, 2),
	(2, 113, 5, '5300378254', 'tuanva', 4, 3, '2021-07-16 11:09:14', 0, 1, 2),
	(3, 115, 1, '5310107122', 'hieppn', 4, 3, '2021-07-19 16:17:54', 1, NULL, 2),
	(4, 117, 5, '5300380305', 'thangnx', 4, 3, '2021-07-16 15:19:49', 1, 1, 2),
	(5, 131, 5, '5300380669', 'longnv', 1, 1, '2021-07-16 17:40:50', 0, NULL, 2),
	(6, 135, 5, '5300378254', 'hieppn', 4, 3, '2021-07-19 10:54:16', 0, 1, 2),
	(7, 137, 5, '5300378276', 'hoathv', 4, 3, '2021-07-19 15:03:44', 0, 1, 2),
	(8, 138, 10, '56HGL00269', 'duclb', 4, 3, '2021-07-19 14:58:23', 1, 2, 2),
	(9, 139, 5, '5300377168', 'bannt', 4, 3, '2021-07-19 16:24:27', 1, NULL, 2),
	(10, 140, 5, '5300378203', 'hanh', 4, 3, '2021-07-19 16:08:35', 0, 1, 2),
	(11, 141, 8, '56HG707946', 'hieppn', 4, 3, '2021-07-19 16:17:32', 1, NULL, 2),
	(12, 142, 10, '56HG806307', 'thangnx', 4, 3, '2021-07-19 17:43:04', 0, NULL, 2),
	(13, 143, 10, '56HGL00284', 'hieppn', 4, 3, '2021-07-20 10:03:38', 1, NULL, 2),
	(14, 144, 10, '56HGL03505', 'hieppn', 4, 3, '2021-07-20 11:29:20', 1, NULL, 2),
	(15, 145, 5, '5300378254', 'thangnx', 4, 3, '2021-07-20 10:40:47', 0, 1, 2),
	(16, 146, 5, '5300380536', 'tuanva', 4, 3, '2021-07-20 12:47:08', 1, NULL, 2),
	(17, 147, 1, '5310106165', 'tuanva', 4, 3, '2021-07-20 14:31:50', 0, 1, 2),
	(18, 148, 10, '56HG805391', 'bannt', 4, 3, '2021-07-20 16:27:23', 1, 20, 2),
	(19, 149, 7, 'J821012715', 'luannt', 6, 2, '2021-07-21 08:27:29', 0, NULL, 2),
	(20, 150, 5, '5300381704', 'thuongd', 5, 3, '2021-07-21 09:28:24', 0, 1, 2),
	(21, 151, 10, '56HGL00293', 'hieppn', 4, 3, '2021-07-21 10:23:22', 1, NULL, 2),
	(22, 152, NULL, '5310183305', 'tuanva', 4, 3, '2021-07-21 09:29:53', 0, NULL, 2),
	(23, 153, 8, '56HG707953', 'hieppn', 4, 3, '2021-07-21 11:35:44', 1, NULL, 2),
	(24, 154, 4, 'J821001604', 'tuanva', 4, 3, '2021-07-21 10:54:52', 0, NULL, 2),
	(25, 155, 10, '56HG806299', 'ngoccd', 4, 3, '2021-07-21 11:43:36', 0, NULL, 2),
	(26, 156, NULL, '5310182628', 'tuanva', 4, 3, '2021-07-21 15:20:19', 0, NULL, 2),
	(27, 157, 10, '56HG806301', 'lanmx', 4, 3, '2021-07-21 16:55:17', 1, 1, 2),
	(28, 158, 10, '56HGL03522', 'hoathv', 4, 3, '2021-07-22 10:58:55', 0, 1, 2),
	(29, 159, 5, '5300380642', 'tuanva', 4, 3, '2021-07-22 10:26:39', 1, 1, 2),
	(30, 162, 5, '5300381813', 'tuanva', 4, 3, '2021-07-22 14:53:47', 1, 2, 2),
	(31, 163, 5, '5300378851', 'huudp', 6, 2, '2021-07-23 12:12:55', 1, NULL, 2),
	(32, 164, 5, '5300378851', 'huudp', 6, 2, '2021-07-23 12:14:25', 0, 2, 2),
	(35, 167, 5, '5300377933', 'hoathv', 4, 3, '2021-07-23 15:59:28', 1, NULL, 2),
	(36, 168, 5, '5300381712', 'thuongd', 5, 3, '2021-07-26 09:33:00', 0, 2, 2),
	(38, 170, 10, '56HG805388', 'thuongd', 4, 3, '2021-07-27 10:01:45', 0, 1, 2),
	(39, 171, 10, '56hgl03545', 'tuanva', 4, 3, '2021-07-27 14:50:40', 1, 2, 2),
	(40, 172, NULL, '5310181629', 'lanmx', 4, 3, '2021-07-28 11:09:37', 0, NULL, 2),
	(41, 173, 10, '56HG806299', 'hieppn', 4, 3, '2021-07-28 12:27:27', 0, 1, 2),
	(42, 174, 10, '56hgl03545', 'bannt', 4, 3, '2021-07-28 15:18:37', 0, NULL, 2),
	(43, 175, 10, '56hgl03545', 'bannt', 4, 3, '2021-07-29 15:50:34', 0, 1, 2),
	(45, 177, NULL, 'J821012672', 'cuongnd', 1, 1, '2021-07-29 16:20:43', 0, NULL, 2),
	(46, 178, 7, 'J821012695', 'cuongnd', 1, 1, '2021-07-29 17:09:18', 0, NULL, 2),
	(47, 179, 5, '5300380322', 'cuongnd', 1, 1, '2021-07-30 09:44:35', 0, NULL, 2),
	(48, 180, 10, '56HG806317', 'thoibt', 1, 1, '2021-07-30 10:00:07', 0, 2, 2),
	(49, 181, 5, '5300378276', 'bannt', 4, 3, '2021-07-30 10:23:13', 0, NULL, 2),
	(50, 182, 7, 'J821012693', 'hieppn', 4, 3, '2021-08-02 12:09:52', 0, NULL, 2),
	(51, 183, 5, '5300380374', 'thangnd', 2, 2, '2021-08-03 09:49:56', 0, 1, 2),
	(52, 184, 10, '56HGL00284', 'duclb', 4, 3, '2021-08-03 10:37:57', 0, NULL, 3),
	(53, 185, NULL, 'J821002769', 'tienvm', 4, 3, '2021-08-03 10:40:53', 0, NULL, 2),
	(56, 188, 10, '56HG805404', 'thoibt', 1, 1, '2021-08-03 11:13:16', 0, 1, 2),
	(57, 189, 5, '5300378203', 'hoathv', 4, 3, '2021-08-03 11:33:00', 0, 1, 2),
	(58, 190, 10, '56HGL00269', 'duclb', 4, 3, '2021-08-03 15:33:01', 0, NULL, 2),
	(59, 191, NULL, '5310181629', 'lanmx', 4, 3, '2021-08-03 15:59:29', 0, NULL, 2),
	(60, 192, 8, '56HG707974', 'thoibt', 1, 1, '2021-08-03 15:31:10', 0, 1, 2),
	(62, 194, 5, '5300380326', 'thuongd', 5, 3, '2021-08-04 07:37:52', 0, 1, 2),
	(63, 195, 8, '56HG707933', 'thangnd', 2, 2, '2021-08-04 11:25:03', 1, NULL, 2),
	(64, 196, 10, '56HGL03540', 'duclb', 4, 3, '2021-08-04 12:20:06', 0, NULL, 2),
	(65, 197, 10, '56hgl00284', 'hoathv', 4, 3, '2021-08-04 11:32:44', 0, 1, 2),
	(66, 198, 10, '56HGL00300', 'longnv', 1, 1, '2021-08-04 14:36:39', 0, NULL, 2),
	(67, 199, NULL, '5310180692', 'longnv', 1, 1, '2021-08-04 17:12:53', 0, NULL, 2),
	(68, 200, 5, '5300380622', 'thoibt', 1, 1, '2021-08-05 08:23:55', 0, NULL, 2),
	(69, 201, NULL, '5310180692', 'longnv', 1, 1, '2021-08-05 10:56:17', 0, NULL, 2),
	(70, 202, 5, '5300380773', 'cuongnd', 1, 1, '2021-08-05 15:02:15', 0, NULL, 2),
	(71, 203, 10, '56HGL00284', 'hanh', 4, 3, '2021-08-09 11:02:00', 0, NULL, 2),
	(72, 204, 8, '56HG707967', 'thoibt', 1, 1, '2021-08-09 15:39:20', 0, NULL, 2),
	(73, 205, 10, '56HGL03524', 'thuongd', 5, 3, '2021-08-09 15:38:20', 0, 1, 2),
	(74, 206, 8, '56hg707968', 'hanh', 4, 3, '2021-08-10 10:27:17', 0, NULL, 2),
	(75, 207, 10, '56Hg806301', 'lanmx', 4, 3, '2021-08-12 15:08:00', 0, NULL, 2),
	(76, 208, 1, '5310107143', 'lanmx', 4, 3, '2021-08-13 09:56:52', 0, 1, 2),
	(77, 209, 5, '5300380354', 'thuongd', 5, 3, '2021-08-13 09:55:00', 0, 1, 2),
	(78, 210, NULL, '5310181629', 'lanmx', 4, 3, '2021-08-14 12:10:41', 0, 1, 3),
	(79, 211, 10, '56HGL03527', 'thoibt', 1, 1, '2021-08-16 12:17:19', 0, 1, 2),
	(80, 212, NULL, '5310181629', 'lanmx', 4, 3, '2021-08-17 11:08:00', 0, 1, 2),
	(81, 213, 10, '56HGL00301', 'cuongnd', 1, 1, '2021-08-17 11:40:08', 0, NULL, 2),
	(82, 214, NULL, 'J821002771', 'hieppn', 4, 3, '2021-08-17 15:59:39', 0, NULL, 2),
	(83, 215, NULL, '5310182376', 'thuongd', 5, 3, '2021-08-18 08:46:53', 0, 1, 2),
	(84, 216, NULL, '5310181629', 'lanmx', 4, 3, '2021-08-19 10:04:55', 0, NULL, 3),
	(85, 217, 5, '5300380322', 'cuongnd', 1, 1, '2021-08-19 15:21:49', 0, NULL, 2),
	(86, 218, 10, '56HG806311', 'thoibt', 1, 1, '2021-08-19 17:28:30', 0, NULL, 2),
	(88, 220, NULL, '5310182349', 'lanmx', 4, 3, '2021-08-23 12:27:40', 0, NULL, 2),
	(89, 221, NULL, '5310181409', 'lanmx', 4, 3, '2021-08-23 18:03:53', 0, NULL, 3),
	(90, 222, NULL, '5310181629', 'lanmx', 4, 3, '2021-08-24 09:55:17', 0, 1, 2),
	(92, 224, NULL, 'J821006594', 'hieppn', 4, 3, '2021-08-25 10:47:17', 0, NULL, 2),
	(93, 225, 8, '56HG707930', 'ngoccd', 4, 3, '2021-08-26 11:30:00', 1, NULL, 2),
	(94, 226, 8, '56HG707954', 'ngoccd', 4, 3, '2021-08-30 11:30:00', 1, NULL, 2),
	(95, 227, NULL, '5310181409', 'lanmx', 4, 3, '2021-08-30 12:18:23', 1, 1, 2),
	(96, 228, 10, '56HG805392', 'hanh', 4, 3, '2021-08-30 16:05:07', 1, NULL, 2),
	(98, 230, 10, '56HG806308', 'hanh', 4, 3, '2021-08-31 10:14:10', 0, NULL, 2),
	(99, 231, NULL, '5310181356', 'lanmx', 4, 3, '2021-08-31 10:50:49', 1, NULL, 2),
	(100, 232, 8, '56HG707937', 'thangnx', 4, 3, '2021-08-31 10:17:00', 1, 1, 2),
	(101, 233, 8, '56HG707968', 'thangnx', 4, 3, '2021-08-31 10:18:35', 0, 1, 2),
	(102, 234, NULL, '5310182349', 'lanmx', 4, 3, '2021-08-31 16:25:14', 1, NULL, 2),
	(103, 235, 5, '5300380476', 'hieppn', 4, 3, '2021-09-06 14:59:05', 0, 1, 2),
	(105, 237, 8, '56HG707959', 'duclb', 4, 3, '2021-09-07 20:43:01', 1, 2, 2),
	(106, 238, 8, '56HG707974', 'thoibt', 1, 1, '2021-09-07 14:28:16', 0, 1, 2),
	(107, 239, 8, '56HG707930', 'ngoccd', 4, 3, '2021-09-07 15:11:29', 0, NULL, 2),
	(108, 240, 10, '56HGL00271', 'thuongd', 5, 3, '2021-09-13 14:12:28', 1, NULL, 2),
	(110, 242, 8, '56HG707970', 'phucltv', 1, 1, '2021-09-14 14:59:19', 0, 1, 2),
	(111, 243, 8, '56HG707948', 'thuongd', 5, 3, '2021-09-15 09:34:34', 0, 4, 2),
	(112, 244, 12, '5310180683', 'lanmx', 4, 3, '2021-09-15 15:34:47', 1, NULL, 2),
	(113, 245, 10, '56HG806317', 'thoibt', 1, 1, '2021-09-15 17:17:01', 1, NULL, 2),
	(114, 246, 7, 'J821012672', 'cuongnd', 1, 1, '2021-09-15 15:53:02', 0, NULL, 2),
	(117, 249, 12, '5310180972', 'lanmx', 4, 3, '2021-09-16 09:33:27', 1, NULL, 2),
	(118, 250, 5, '5300381704', 'thuongd', 5, 3, '2021-09-16 08:57:59', 1, 1, 2),
	(119, 251, 7, 'J821012679', 'cuongnd', 1, 3, '2021-09-16 10:07:36', 0, NULL, 2),
	(120, 252, 1, '5310105339', 'lanmx', 4, 3, '2021-09-16 16:35:42', 1, NULL, 2),
	(121, 253, 10, '56HG806308', 'hieppn', 4, 3, '2021-09-16 10:37:34', 1, 6, 2),
	(122, 254, 8, '56HG707981', 'cuongnd', 1, 1, '2021-09-16 16:50:51', 1, 1, 2),
	(123, 255, 10, '56HGL03505', 'hieppn', 4, 3, '2021-09-16 16:56:21', 1, 1, 2),
	(124, 256, 10, '56HG805388', 'thuongd', 4, 3, '2021-09-17 08:54:37', 0, 2, 2),
	(125, 257, 1, '5310105339', 'lanmx', 4, 3, '2021-09-17 11:26:40', 0, NULL, 2),
	(126, 258, 10, '56HG805398', 'hieppn', 4, 3, '2021-09-17 10:16:56', 1, 4, 2),
	(127, 259, 8, '56HG707968', 'hieppn', 4, 3, '2021-09-17 11:29:17', 1, NULL, 2),
	(128, 260, 7, 'J821012720', 'cuongnd', 1, 1, '2021-09-17 11:12:59', 0, NULL, 2),
	(130, 262, 10, '56HGL03537', 'hieppn', 4, 3, '2021-09-17 16:39:23', 0, NULL, 2),
	(131, 263, 1, '5310107143', 'lanmx', 4, 3, '2021-09-17 17:34:18', 1, NULL, 2),
	(132, 264, 12, '5310182376', 'thuongd', 5, 3, '2021-09-17 15:36:19', 0, 1, 2),
	(133, 265, 5, '5300378254', 'hieppn', 4, 3, '2021-09-17 17:39:29', 0, 1, 2),
	(134, 266, 12, '5310181356', 'lanmx', 4, 3, '2021-09-18 10:29:38', 0, NULL, 2),
	(135, 267, 12, '5310180755', 'thuongd', 5, 3, '2021-09-20 19:55:09', 1, 2, 2),
	(136, 268, 5, '5300378613', 'longnv', 1, 1, '2021-09-20 11:01:26', 0, 1, 2),
	(137, 269, 10, '56hg806321', 'lanmx', 4, 3, '2021-09-20 11:48:48', 1, NULL, 2),
	(138, 270, 12, '5310180878', 'tuanva', 4, 3, '2021-09-20 11:15:15', 0, NULL, 2),
	(139, 271, 5, '5300381669', 'tuanva', 5, 3, '2021-09-20 11:16:57', 0, NULL, 2),
	(140, 272, 5, '5300380763', 'tuanva', 4, 3, '2021-09-20 11:18:26', 0, NULL, 2),
	(141, 273, 1, '5310107225', 'tuanva', 4, 3, '2021-09-20 11:19:41', 0, 1, 2),
	(142, 274, 5, '5300378257', 'tuanva', 4, 3, '2021-09-20 11:22:25', 0, NULL, 2),
	(143, 275, 10, '56HG805398', 'hieppn', 4, 3, '2021-09-20 14:57:43', 0, NULL, 2),
	(144, 276, 1, '5310105901', 'tuanva', 4, 3, '2021-09-20 16:08:03', 0, 1, 2),
	(145, 277, 5, '5300380019', 'tuanva', 4, 3, '2021-09-20 17:39:10', 0, 1, 2),
	(146, 278, 12, '5310182921', 'thuongd', 5, 3, '2021-09-20 19:59:44', 1, NULL, 2),
	(147, 279, 5, '5300380006', 'tuanva', 4, 3, '2021-09-21 07:59:08', 0, NULL, 2),
	(148, 280, 1, '5310105311', 'tuanva', 4, 3, '2021-09-21 08:13:03', 0, NULL, 2),
	(149, 281, 7, 'J821012691', 'bannt', 4, 3, '2021-09-21 09:19:54', 0, NULL, 2),
	(150, 282, 12, '5310181109', 'hieppn', 4, 3, '2021-09-21 10:24:55', 1, NULL, 2),
	(151, 283, 12, '5310180916', 'thuongd', 5, 3, '2021-09-21 09:36:03', 1, NULL, 2),
	(154, 286, 12, '5310182550', 'ngoccd', 4, 3, '2021-09-21 11:09:28', 1, NULL, 2),
	(155, 287, 5, '5300380278', 'hanh', 4, 3, '2021-09-21 10:21:16', 1, NULL, 2),
	(156, 288, 5, '5300378273', 'cuongnd', 1, 1, '2021-09-21 10:49:19', 0, NULL, 2),
	(159, 291, 7, 'J821012719', 'thangnx', 4, 3, '2021-09-21 14:25:59', 0, NULL, 2),
	(160, 292, 8, '56HG707968', 'bannt', 4, 3, '2021-09-21 14:56:51', 0, NULL, 2),
	(161, 293, 1, '5310107227', 'bannt', 4, 3, '2021-09-22 09:13:28', 1, 1, 2),
	(162, 294, 12, '5310181532', 'tuanva', 4, 3, '2021-09-21 18:46:39', 0, NULL, 2),
	(163, 295, 12, '5310182628', 'tuanva', NULL, 3, '2021-09-21 18:48:16', 0, NULL, 2),
	(164, 296, 5, '5300378257', 'tuanva', 4, 3, '2021-09-21 18:49:54', 0, NULL, 2),
	(166, 298, 12, '5310182742', 'thuongd', 5, 3, '2021-09-22 08:07:49', 1, 2, 2),
	(167, 299, 5, '5300380520', 'tuanva', 4, 3, '2021-09-22 09:49:36', 0, NULL, 2),
	(168, 300, 5, '5300378844', 'cuongnd', 1, 1, '2021-09-22 10:22:52', 0, 1, 2),
	(169, 301, 5, '5300378844', 'cuongnd', 1, 1, '2021-09-22 10:32:39', 0, 1, 2),
	(170, 302, 12, '5310181268', 'bannt', NULL, 3, '2021-09-22 10:52:27', 1, NULL, 2),
	(171, 303, 10, '56HGL00288', 'hieppn', 4, 3, '2021-09-22 12:20:49', 1, NULL, 2),
	(172, 304, 12, '5310181004', 'ngoccd', 4, 3, '2021-09-22 12:17:51', 1, NULL, 2),
	(173, 305, 10, '56HGL03545', 'hieppn', 4, 3, '2021-09-22 13:37:56', 1, NULL, 2),
	(174, 306, 5, '5300380351', 'tuanva', 4, 3, '2021-09-22 13:36:09', 0, NULL, 2),
	(175, 307, 5, '5300380445', 'thoibt', 1, 1, '2021-09-22 14:57:34', 0, 1, 2),
	(176, 308, 12, '5310180720', 'tuanva', NULL, 3, '2021-09-22 14:30:20', 0, NULL, 2),
	(177, 309, 8, '56HG707942', 'duclb', 6, 2, '2021-09-22 15:17:44', 0, NULL, 2),
	(178, 310, 10, '56HG806314', 'tuanva', 4, 3, '2021-09-22 15:20:39', 0, NULL, 2),
	(179, 311, 10, '56HG806315', 'hanh', 4, 3, '2021-09-22 15:28:13', 0, NULL, 2),
	(180, 312, 12, '5310181181', 'thangnx', 4, 3, '2021-09-22 16:46:53', 1, NULL, 2),
	(181, 313, 12, '5310180785', 'bannt', 4, 3, '2021-09-22 16:07:16', 0, NULL, 3),
	(182, 314, 12, '5310180785', 'bannt', 4, 3, '2021-09-22 16:09:55', 0, NULL, 2),
	(183, 315, 8, '56HG707943', 'tunt', 4, 3, '2021-09-22 16:26:06', 0, NULL, 2),
	(184, 316, 10, '56HGL03544', 'tunt', 4, 3, '2021-09-22 16:27:13', 0, NULL, 2),
	(185, 317, 12, '5310182988', 'thuongd', 5, 3, '2021-09-23 09:24:10', 1, NULL, 2),
	(186, 318, 12, '5310182491', 'tuanva', 5, 3, '2021-09-23 10:27:54', 0, 1, 2),
	(187, 319, 12, '5310181566', 'tuanva', 4, 3, '2021-09-23 10:29:39', 0, NULL, 2),
	(188, 320, 1, '5310107302', 'ngoccd', 4, 3, '2021-09-23 11:20:56', 1, NULL, 2),
	(189, 321, 5, '5300380362', 'thoibt', 1, 1, '2021-09-23 11:56:24', 0, NULL, 2),
	(190, 322, 5, '5300380271', 'tuanva', 4, 3, '2021-09-23 11:27:14', 0, NULL, 2),
	(191, 323, 12, '5310181300', 'tuanva', NULL, 3, '2021-09-23 13:11:20', 0, NULL, 2),
	(193, 325, 1, '5310107122', 'tuanva', 4, 3, '2021-09-23 14:09:37', 0, NULL, 2),
	(194, 326, 1, '5310105484', 'hieppn', 4, 3, '2021-09-23 17:20:05', 1, NULL, 2),
	(195, 327, 12, '5310180750', 'thuongd', 5, 3, '2021-09-23 14:28:19', 1, NULL, 2),
	(196, 328, 10, '56HG806307', 'bannt', 4, 3, '2021-09-23 15:14:34', 0, 1, 2),
	(197, 329, 1, '5310106119', 'duclb', 4, 3, '2021-09-23 15:07:56', 0, NULL, 2),
	(198, 330, 12, '5310181014', 'ngoccd', 4, 3, '2021-09-23 16:05:45', 1, NULL, 2),
	(199, 331, 5, '5300380647', 'tunt', 4, 3, '2021-09-23 17:15:31', 0, NULL, 2),
	(200, 332, 12, '5310182424', 'hanh', NULL, 3, '2021-09-23 17:22:45', 1, NULL, 2),
	(201, 333, 12, '5310180766', 'tuanva', 5, 3, '2021-09-23 17:41:33', 0, 1, 2),
	(202, 334, 12, '5310183240', 'tuanva', NULL, 3, '2021-09-23 17:42:50', 0, NULL, 2),
	(203, 335, 5, '5300377933', 'hieppn', 4, 3, '2021-09-24 10:29:25', 1, NULL, 2),
	(204, 336, 1, '5310106103', 'tuanva', 4, 3, '2021-09-24 09:41:54', 0, 1, 2),
	(205, 337, 12, '5310182491', 'duclb', 5, 3, '2021-09-24 09:51:17', 0, NULL, 2),
	(206, 338, 1, '5310106165', 'duclb', 4, 3, '2021-09-24 09:53:22', 0, NULL, 2),
	(208, 340, 1, '5310105869', 'hanh', 4, 3, '2021-09-24 10:17:01', 1, NULL, 2),
	(209, 341, 10, '56HG806315', 'hieppn', 4, 3, '2021-09-24 12:31:10', 0, NULL, 2),
	(210, 342, 10, '56HGL00301', 'thoibt', 1, 1, '2021-09-24 14:47:31', 0, NULL, 2),
	(211, 343, 12, '5310181058', 'bannt', NULL, 3, '2021-09-24 17:03:50', 1, NULL, 2),
	(212, 344, 12, '5310180929', 'thangnx', NULL, 3, '2021-09-24 16:26:00', 1, NULL, 2),
	(213, 345, 12, '5310182690', 'tuanva', NULL, 3, '2021-09-25 10:56:16', 0, NULL, 2),
	(214, 346, 12, '5310182491', 'tuanva', 5, 3, '2021-09-25 10:57:39', 0, NULL, 2),
	(215, 347, 1, '5310107258', 'tuanva', 4, 3, '2021-09-27 08:15:04', 0, NULL, 2),
	(216, 348, 5, '5300378007', 'tuanva', 4, 3, '2021-09-27 08:15:55', 0, NULL, 2),
	(217, 349, 12, '5310181617', 'tuanva', 5, 3, '2021-09-27 09:48:58', 0, NULL, 2),
	(218, 350, 8, '56HG707953', 'hieppn', 4, 3, '2021-09-27 11:32:55', 1, 1, 2),
	(219, 351, 12, '5310181193', 'thuongd', 5, 3, '2021-09-27 10:08:37', 1, NULL, 2),
	(220, 352, 1, '5310107122', 'hanh', 4, 3, '2021-09-27 11:32:43', 1, NULL, 2),
	(221, 353, 12, '5310182530', 'bannt', NULL, 3, '2021-09-27 15:41:41', 1, NULL, 2),
	(222, 354, 12, '5310181223', 'tuanva', NULL, 3, '2021-09-27 11:39:25', 0, NULL, 2),
	(223, 355, 12, '5310181516', 'hoathv', NULL, 3, '2021-09-27 11:44:12', 0, NULL, 2),
	(224, 356, 5, '5300380006', 'tuanva', 4, 3, '2021-09-27 11:41:23', 0, NULL, 2),
	(226, 358, 12, '5310182902', 'hoathv', NULL, 3, '2021-09-27 09:50:00', 0, NULL, 2),
	(227, 359, 1, '5310107047', 'tuanva', 4, 3, '2021-09-27 14:31:56', 0, NULL, 2),
	(228, 360, 12, '5310182771', 'thuongd', NULL, 3, '2021-09-27 14:35:54', 1, NULL, 2),
	(229, 361, 12, '5310180790', 'tuanva', NULL, 3, '2021-09-27 14:42:21', 0, NULL, 2),
	(230, 362, 10, '56HG806314', 'hanh', 4, 3, '2021-09-27 19:05:17', 0, NULL, 2),
	(231, 363, 10, '56hg806308', 'tunt', 4, 3, '2021-09-27 16:17:49', 0, 1, 2),
	(232, 364, 8, '56HG707950', 'hieppn', 4, 3, '2021-09-27 16:14:38', 0, NULL, 2),
	(234, 366, 10, '56HG805391', 'thangnx', 4, 3, '2021-09-27 16:56:24', 1, NULL, 2),
	(235, 367, 5, '5300381717', 'tuanva', 5, 3, '2021-09-27 16:14:29', 0, 1, 2),
	(236, 368, 10, '56HG805398', 'thangnx', 4, 3, '2021-09-27 16:57:21', 1, NULL, 2),
	(238, 370, 1, '5310107039', 'hoathv', 4, 3, '2021-09-28 09:34:41', 0, NULL, 2),
	(239, 371, 12, '5310181601', 'tuanva', NULL, 3, '2021-09-28 14:12:02', 1, NULL, 2),
	(241, 373, 12, '5310182457', 'tuanva', NULL, 3, '2021-09-28 14:47:15', 1, NULL, 2),
	(242, 374, 1, '5310105348', 'hieppn', 4, 3, '2021-09-28 15:58:43', 1, NULL, 2),
	(243, 375, 5, '5300378007', 'ngoccd', 4, 3, '2021-09-28 15:48:11', 0, 3, 2),
	(245, 377, 5, '5300378007', 'ngoccd', 4, 3, '2021-09-28 17:30:00', 1, NULL, 2),
	(249, 381, 12, '5310181485', 'hanh', NULL, 3, '2021-09-28 16:17:35', 1, NULL, 2),
	(250, 382, 1, '5310107221', 'tuanva', 4, 3, '2021-09-28 16:45:58', 0, NULL, 2),
	(251, 383, 12, '5310181322', 'thuongd', 5, 3, '2021-09-28 16:59:17', 1, NULL, 2),
	(252, 384, 5, '5300380763', 'tuanva', 4, 3, '2021-09-28 18:26:36', 0, NULL, 2),
	(253, 385, 5, '5300378031', 'tuanva', 4, 3, '2021-09-29 07:22:18', 0, NULL, 2),
	(254, 386, 12, '5310182442', 'tuanva', NULL, 3, '2021-09-29 07:33:33', 0, NULL, 2),
	(255, 387, 12, '5310181805', 'thuongd', 5, 3, '2021-09-29 08:45:45', 1, NULL, 2),
	(257, 389, 12, '5310180711', 'hanh', 7, 3, '2021-09-29 09:54:41', 0, NULL, 2),
	(258, 390, 12, '5310182609', 'hanh', NULL, 3, '2021-09-29 11:46:36', 1, NULL, 2),
	(259, 391, 12, '5310181535', 'bannt', NULL, 3, '2021-09-29 09:59:00', 1, NULL, 2),
	(260, 392, 12, '5310182781', 'thuongd', 5, 3, '2021-09-29 14:54:50', 1, NULL, 2),
	(261, 393, 12, '5310182817', 'thuongd', 5, 3, '2021-09-29 15:14:43', 1, NULL, 2),
	(262, 394, 10, '56HG806307', 'hieppn', 4, 3, '2021-09-29 16:32:35', 0, 1, 2),
	(264, 396, 12, '5310183245', 'thuongd', 5, 3, '2021-09-30 07:52:01', 1, NULL, 2),
	(265, 397, 12, '5310183047', 'thuongd', 5, 3, '2021-09-30 09:49:48', 1, NULL, 2),
	(266, 398, 12, '5310180619', 'thuongd', 5, 3, '2021-09-30 09:51:59', 1, NULL, 2),
	(268, 400, 1, '5310107047', 'tuanva', 4, 3, '2021-09-30 14:38:56', 0, NULL, 2),
	(269, 401, 1, '5310106147', 'thangnx', 4, 3, '2021-09-30 11:38:54', 1, NULL, 2),
	(270, 402, 12, '5310182365', 'hoathv', 4, 3, '2021-09-30 14:31:41', 0, NULL, 2),
	(271, 403, 5, '5300381801', 'tuanva', 4, 3, '2021-09-30 14:40:19', 0, NULL, 2),
	(272, 404, 5, '5300380019', 'tuanva', 4, 3, '2021-09-30 14:42:12', 0, NULL, 2),
	(273, 405, 12, '5310180878', 'tuanva', 4, 3, '2021-09-30 14:43:55', 0, NULL, 2),
	(274, 406, 5, '5300379996', 'tuanva', 4, 3, '2021-09-30 14:44:44', 0, NULL, 2),
	(275, 407, 12, '5310182998', 'tuanva', 4, 3, '2021-09-30 14:48:04', 0, NULL, 2),
	(276, 408, 12, '5310181379', 'tuanva', NULL, 3, '2021-09-30 15:20:27', 0, NULL, 2),
	(277, 409, 10, '56HGL00288', 'hieppn', 4, 3, '2021-09-30 16:40:20', 0, NULL, 2),
	(278, 410, 5, '5300380271', 'tuanva', 4, 3, '2021-09-30 16:06:27', 0, NULL, 2),
	(279, 411, 1, '5310107258', 'tuanva', 4, 3, '2021-09-30 17:29:37', 0, NULL, 2),
	(280, 412, NULL, 'J821006595', 'thuongd', 5, 3, '2021-09-30 17:44:38', 0, NULL, 2),
	(281, 413, 5, '5300380438', 'luannt', 6, 2, '2021-10-01 09:17:36', 1, 2, 2),
	(282, 414, 7, 'J821012741', 'cantt', 6, 2, '2021-10-01 10:25:00', 0, 1, 2),
	(283, 415, 10, '56HGL00270', 'hieppn', 4, 3, '2021-10-01 14:37:39', 0, NULL, 2),
	(284, 416, 5, '5300380578', 'luannt', 6, 2, '2021-10-01 13:34:58', 1, NULL, 2),
	(285, 417, 5, '5300378031', 'tuanva', 4, 3, '2021-10-01 14:23:17', 0, NULL, 2),
	(286, 418, 12, '5310180677', 'tuanva', NULL, 3, '2021-10-01 14:32:11', 0, NULL, 2),
	(287, 419, 1, '5310105354', 'tuanva', 4, 3, '2021-10-01 14:33:13', 0, NULL, 2),
	(288, 420, 12, '5310180737', 'tuanva', NULL, 3, '2021-10-01 14:36:51', 0, NULL, 2),
	(289, 421, 1, '5310106147', 'tuanva', 4, 3, '2021-10-01 14:38:07', 0, NULL, 2),
	(290, 422, 4, 'J821001603', 'tuanva', 4, 3, '2021-10-01 14:40:49', 0, NULL, 2),
	(291, 423, 5, '5300380019', 'tuanva', 4, 3, '2021-10-01 16:16:35', 0, NULL, 2),
	(292, 424, 1, '5310105317', 'tuanva', 4, 3, '2021-10-01 18:51:43', 0, NULL, 2),
	(293, 425, 8, '56HG707977', 'tuanva', 4, 3, '2021-10-02 15:09:12', 0, NULL, 2),
	(294, 426, 5, '5300378007', 'ngoccd', 4, 3, '2021-10-02 18:30:00', 0, 1, 2),
	(295, 427, 8, '56HG707946', 'tuanva', 4, 3, '2021-10-02 18:01:36', 0, NULL, 2),
	(296, 428, 8, '56HG707946', 'duclb', 4, 3, '2021-10-03 10:48:48', 0, NULL, 2),
	(297, 429, 1, '5310107350', 'tuanva', 4, 3, '2021-10-03 10:58:34', 0, NULL, 2),
	(298, 430, 12, '5310182468', 'tuanva', NULL, 3, '2021-10-04 08:04:56', 0, NULL, 2),
	(299, 431, 7, 'J821012686', 'hanh', 4, 3, '2021-10-04 13:49:16', 0, NULL, 2),
	(300, 432, 5, '5300378419', 'cantt', 6, 2, '2021-10-04 15:00:00', 1, 3, 2),
	(301, 433, 8, '56HG707943', 'thangnx', 4, 3, '2021-10-04 15:48:49', 1, NULL, 2),
	(302, 434, 8, '56HG707930', 'ngoccd', 4, 3, '2021-10-04 15:52:08', 0, NULL, 2),
	(305, 437, 8, '56HG707966', 'phucltv', 6, 2, '2021-10-04 16:33:48', 0, NULL, 2),
	(306, 438, 5, '5300378419', 'phucltv', 6, 2, '2021-10-04 16:35:23', 1, 3, 2),
	(307, 439, 5, '5300380297', 'phucltv', 6, 2, '2021-10-07 07:25:28', 0, NULL, 2),
	(308, 440, 5, '5300380297', 'phucltv', 6, 2, '2021-10-04 16:36:58', 1, NULL, 3),
	(309, 441, 10, '56HG806324', 'thangnx', 4, 3, '2021-10-04 17:18:28', 1, 1, 2),
	(311, 443, 12, '5310180860', 'hoathv', NULL, 3, '2021-10-05 08:50:17', 0, NULL, 2),
	(312, 444, 5, '5300380609', 'hanh', 4, 3, '2021-10-05 09:30:57', 0, NULL, 2),
	(318, 450, 12, '5310182988', 'thuongd', 5, 3, '2021-10-05 11:24:41', 0, 2, 2),
	(322, 455, 12, '5310183240', 'duclb', NULL, 3, '2021-10-06 09:35:25', 0, NULL, 2),
	(323, 456, 5, '5300381470', 'thangnx', 4, 3, '2021-10-06 09:38:34', 0, NULL, 2),
	(324, 457, 12, '5310182871', 'tuanva', 4, 3, '2021-10-06 09:15:51', 0, NULL, 2),
	(326, 459, 5, '5300380310', 'duclb', 4, 3, '2021-10-06 09:36:52', 0, NULL, 2),
	(327, 460, 12, '5310181046', 'hoathv', 5, 3, '2021-10-06 09:59:29', 0, NULL, 2),
	(328, 461, 8, '56HG707971', 'cantt', 6, 2, '2021-10-06 13:30:00', 0, 1, 2),
	(329, 462, 10, '56HGL03524', 'thuongd', 5, 3, '2021-10-06 10:29:10', 0, NULL, 2),
	(331, 464, 7, 'J821012696', 'thoibt', 1, 1, '2021-10-06 10:51:56', 0, NULL, 2),
	(334, 467, 10, '56HG805393', 'sonmh', 6, 2, '2021-10-06 16:10:29', 0, NULL, 2),
	(335, 468, 7, 'J821012686', 'hanh', 4, 3, '2021-10-06 15:31:05', 1, NULL, 2),
	(336, 469, 1, '5310107221', 'hieppn', 4, 3, '2021-10-07 09:24:29', 1, NULL, 2),
	(337, 470, 12, '5310183244', 'bannt', NULL, 3, '2021-10-07 10:13:27', 1, NULL, 2),
	(338, 471, 1, '5310107036', 'bannt', 4, 3, '2021-10-07 12:19:26', 1, NULL, 2),
	(339, 472, 5, '5300380358', 'huudp', 6, 2, '2021-10-07 16:13:06', 0, 3, 2),
	(341, 474, 12, '5310183243', 'hieppn', NULL, 3, '2021-10-07 10:45:00', 1, NULL, 2),
	(342, 475, 12, '5310182357', 'hieppn', NULL, 3, '2021-10-07 11:45:00', 1, NULL, 2),
	(343, 476, 12, '5310181464', 'hieppn', NULL, 3, '2021-10-08 14:45:48', 1, NULL, 2),
	(344, 477, 5, '5300380043', 'sonmh', 6, 2, '2021-10-07 16:00:00', 0, 7, 2),
	(345, 478, 1, '5310107238', 'bannt', 4, 3, '2021-10-07 15:18:37', 1, NULL, 2),
	(347, 480, 12, '5310181747', 'bannt', NULL, 3, '2021-10-08 10:25:47', 1, NULL, 2),
	(348, 481, 1, '5310105333', 'thangnx', 4, 3, '2021-10-07 15:24:43', 1, NULL, 2),
	(349, 482, NULL, 'J821006593', 'lamn', 6, 2, '2021-10-07 16:26:22', 0, 1, 2),
	(352, 485, 5, '5300379198', 'lamn', 6, 2, '2021-10-07 16:34:23', 0, NULL, 2),
	(353, 486, 5, '5300380510', 'lamn', 6, 2, '2021-10-07 16:32:50', 0, 1, 2),
	(354, 487, 5, '5300378273', 'cuongnd', 1, 1, '2021-10-07 17:22:27', 0, NULL, 2),
	(355, 488, 5, '5300381528', 'tuanva', 4, 3, '2021-10-07 20:07:11', 0, NULL, 2),
	(356, 489, 5, '5300380884', 'tuanva', 4, 3, '2021-10-07 20:08:06', 0, 1, 2),
	(357, 490, 12, '5310181332', 'tuanva', NULL, 3, '2021-10-07 20:09:21', 0, NULL, 2),
	(358, 491, 5, '5300378007', 'tuanva', 4, 3, '2021-10-07 20:10:48', 0, NULL, 2),
	(359, 492, 12, '5310182628', 'tuanva', NULL, 3, '2021-10-07 20:12:38', 0, NULL, 2),
	(360, 493, 1, '5310106163', 'tuanva', 4, 3, '2021-10-07 20:14:35', 0, NULL, 2),
	(361, 494, 12, '5310180670', 'thuongd', 5, 3, '2021-10-07 21:27:31', 1, NULL, 2),
	(362, 495, 5, '5300381766', 'sonmh', 6, 2, '2021-10-08 22:30:00', 1, NULL, 2),
	(363, 496, 5, '5300378518', 'hieppn', 4, 3, '2021-10-09 09:47:27', 1, NULL, 2),
	(364, 497, 12, '5310181101', 'bannt', NULL, 3, '2021-10-08 11:06:15', 1, NULL, 2),
	(365, 498, 12, '5310181366', 'hieppn', NULL, 3, '2021-10-09 13:32:20', 1, NULL, 2),
	(367, 500, 5, '5300380659', 'bannt', 4, 3, '2021-10-08 13:31:57', 1, NULL, 2),
	(368, 501, 12, '5310181181', 'duclb', 4, 3, '2021-10-08 14:49:35', 0, 1, 2),
	(369, 502, 12, '5310183240', 'bannt', NULL, 3, '2021-10-08 14:52:33', 1, NULL, 2),
	(370, 503, 12, '5310181629', 'lanmx', 8, 3, '2021-10-08 15:46:47', 1, NULL, 2),
	(371, 504, 5, '5300378419', 'sonmh', 6, 2, '2021-10-08 16:30:00', 0, 1, 2),
	(374, 507, 5, '5300380685', 'bannt', 4, 3, '2021-10-08 17:16:17', 1, NULL, 2),
	(375, 508, 12, '5310180779', 'ngoccd', 4, 3, '2021-10-08 17:01:29', 0, 1, 2),
	(376, 509, 12, '5310180779', 'ngoccd', 4, 3, '2021-10-08 17:32:25', 1, NULL, 2),
	(377, 510, 4, 'J821001604', 'tuanva', 4, 3, '2021-10-08 18:27:15', 0, NULL, 2),
	(378, 511, 5, '5300381513', 'tuanva', 4, 3, '2021-10-08 18:28:04', 0, NULL, 2),
	(379, 512, 12, '5310181577', 'tuanva', 4, 3, '2021-10-08 18:29:05', 0, NULL, 2),
	(380, 513, 12, '5310181601', 'tuanva', NULL, 3, '2021-10-08 18:30:05', 0, NULL, 2),
	(381, 514, 12, '5310182998', 'tuanva', 4, 3, '2021-10-08 18:30:52', 0, NULL, 2),
	(382, 515, 1, '5310106163', 'tuanva', 4, 3, '2021-10-08 18:32:08', 0, NULL, 2),
	(383, 516, 12, '5310181560', 'tuanva', NULL, 3, '2021-10-08 18:32:53', 0, NULL, 2),
	(384, 517, 5, '5300380310', 'tuanva', 4, 3, '2021-10-08 18:33:42', 0, NULL, 2),
	(385, 518, 1, '5310107221', 'tuanva', 4, 3, '2021-10-08 18:36:05', 0, NULL, 2),
	(386, 519, 10, '56HGL00271', 'tuanva', 5, 3, '2021-10-08 18:37:22', 0, NULL, 2),
	(387, 520, 5, '5300378031', 'tuanva', 4, 3, '2021-10-08 18:38:01', 0, NULL, 2),
	(388, 521, 10, '56HG806305', 'tuanva', 4, 3, '2021-10-08 18:41:28', 0, NULL, 2),
	(389, 522, 5, '5300380271', 'tuanva', 4, 3, '2021-10-08 18:55:41', 0, NULL, 2),
	(390, 523, 5, '5300381528', 'tuanva', 4, 3, '2021-10-09 12:29:41', 0, NULL, 2),
	(391, 524, 10, '56hg806310', 'lanmx', 4, 3, '2021-10-11 10:39:26', 1, NULL, 2),
	(392, 525, 1, '5310106144', 'lanmx', 4, 3, '2021-10-11 11:50:12', 1, NULL, 2),
	(393, 526, 5, '5300381717', 'hieppn', 5, 3, '2021-10-12 15:14:41', 1, NULL, 2),
	(394, 527, 12, '5310181566', 'lanmx', 4, 3, '2021-10-11 15:40:13', 1, NULL, 2),
	(395, 528, 10, '56HGL03545', 'duclb', 4, 3, '2021-10-11 15:24:15', 0, 3, 2),
	(396, 529, 12, '5310182491', 'hieppn', 5, 3, '2021-10-12 16:22:33', 1, NULL, 2),
	(397, 530, 11, 'J821012718', 'tienvm', NULL, NULL, '2021-10-11 17:45:18', 0, NULL, 2),
	(398, 531, 12, '5310181153', 'bannt', 5, 3, '2021-10-11 16:14:57', 1, NULL, 2),
	(399, 532, 8, '56HG707981', 'cuongnd', 1, 1, '2021-10-11 17:06:20', 0, 2, 2),
	(402, 535, 10, '56HG805396', 'thoibt', 1, 1, '2021-10-11 17:41:24', 0, 2, 2),
	(403, 536, 12, '5310180645', 'hieppn', 5, 3, '2021-10-12 18:20:26', 1, NULL, 2),
	(404, 537, 12, '5310180904', 'bannt', 5, 3, '2021-10-12 07:51:26', 1, NULL, 2),
	(405, 538, 1, '5310105856', 'duclb', 4, 3, '2021-10-12 08:14:07', 0, NULL, 2),
	(406, 539, 12, '5310182468', 'lanmx', NULL, 3, '2021-10-12 09:45:34', 1, NULL, 2),
	(407, 540, 12, '5310181046', 'hieppn', 5, 3, '2021-10-13 09:38:58', 1, NULL, 2),
	(408, 541, 1, '5310105317', 'lanmx', 4, 3, '2021-10-12 11:33:24', 1, NULL, 2),
	(409, 542, 10, '56hgl00275', 'ngoccd', 4, 3, '2021-10-12 11:25:45', 1, NULL, 2),
	(411, 544, 10, '56HGL03529', 'phucltv', 6, 2, '2021-10-12 15:25:00', 0, 0, 2),
	(412, 545, 1, '5310107350', 'ngoccd', 4, 3, '2021-10-12 16:38:38', 1, NULL, 2),
	(413, 546, 5, '5300377181', 'lamn', 6, 2, '2021-10-12 19:40:38', 1, 3, 2),
	(416, 549, 5, '5300378281', 'tienvm', 4, 3, '2021-10-13 14:20:00', 1, 3, 2),
	(417, 550, 12, '5310183227', 'thuongd', 5, 3, '2021-10-13 08:46:21', 1, NULL, 2),
	(418, 551, 12, '5310181350', 'lanmx', 8, 3, '2021-10-13 11:36:24', 0, NULL, 3),
	(419, 552, 12, '5310183305', 'duclb', NULL, 3, '2021-10-13 10:39:02', 1, 1, 2),
	(420, 553, 12, '5310181595', 'duclb', NULL, 3, '2021-10-13 11:26:37', 1, 4, 2),
	(421, 554, 5, '5300378273', 'cuongnd', 1, 1, '2021-10-13 11:08:58', 0, NULL, 2),
	(423, 556, 5, '5300380743', 'thoibt', 1, 1, '2021-10-13 11:42:09', 0, NULL, 2),
	(424, 557, 12, '5310181493', 'duclb', NULL, 3, '2021-10-13 15:11:59', 1, 3, 2),
	(425, 558, 10, '56hg806307', 'hieppn', 4, 3, '2021-10-14 16:04:02', 0, 1, 2),
	(426, 559, 8, '56HG707981', 'cuongnd', 1, 1, '2021-10-13 15:33:39', 0, 1, 2),
	(427, 560, 12, '5310181226', 'duclb', NULL, 3, '2021-10-13 16:29:56', 1, 0, 2),
	(428, 561, 11, 'J821012683', 'tienvm', NULL, NULL, '2021-10-13 17:40:00', 0, 0, 2),
	(429, 562, 10, '56hgL03545', 'hieppn', 4, 3, '2021-10-15 15:56:08', 0, 1, 2),
	(430, 563, 1, '5310107229', 'duclb', 4, 3, '2021-10-13 17:59:24', 1, 0, 2),
	(431, 564, 12, '5310182599', 'tuanva', NULL, 3, '2021-10-13 18:16:35', 0, 0, 2),
	(432, 565, 5, '5300381769', 'tuanva', 4, 3, '2021-10-13 18:18:57', 0, 0, 2),
	(433, 566, 5, '5300377924', 'tuanva', 4, 3, '2021-10-13 18:19:39', 0, 0, 2),
	(434, 567, 12, '5310182954', 'tuanva', NULL, 3, '2021-10-13 18:20:17', 0, 0, 2),
	(435, 568, 12, '5310183139', 'tuanva', 4, 3, '2021-10-13 18:20:51', 0, 0, 2),
	(436, 569, 13, '5300377957', 'tuanva', 4, 3, '2021-10-13 18:21:26', 0, 0, 2),
	(437, 570, 1, '5310106175', 'tuanva', 4, 3, '2021-10-13 18:22:09', 0, 0, 2),
	(438, 571, 12, '5310182628', 'tuanva', NULL, 3, '2021-10-13 18:22:47', 0, 1, 2),
	(439, 572, 5, '5300380351', 'tuanva', 4, 3, '2021-10-13 18:23:50', 0, 0, 2),
	(440, 573, 12, '5310182357', 'tuanva', NULL, 3, '2021-10-13 18:26:21', 0, 1, 2),
	(441, 574, 5, '5300378007', 'tuanva', 4, 3, '2021-10-13 18:27:24', 0, 0, 2),
	(442, 575, 8, '56HG707941', 'tuanva', 4, 3, '2021-10-13 18:29:15', 0, 0, 2),
	(444, 577, 8, '56HG707986', 'tienvm', 4, 3, '2021-10-13 20:24:00', 0, 0, 2),
	(445, 578, 10, '56HGL00297', 'huudp', 6, 2, '2021-10-14 09:29:54', 0, 0, 2),
	(446, 579, 12, '5310181629', 'lanmx', 8, 3, '2021-10-14 10:24:06', 0, 1, 2),
	(447, 580, 5, '5300381762', 'thoibt', 1, 1, '2021-10-14 14:47:20', 0, 4, 2),
	(448, 581, 5, '5300380387', 'lamn', 6, 2, '2021-10-14 09:47:59', 1, 0, 2),
	(449, 582, 5, '5300378419', 'sonmh', 6, 2, '2021-10-14 09:48:56', 0, 1, 2),
	(450, 583, 5, '5300378290', 'phucltv', 6, 2, '2021-10-14 09:55:42', 0, 0, 2),
	(452, 585, 8, '56hg707938', 'sonmh', 6, 2, '2021-10-14 07:30:00', 0, 0, 2),
	(456, 589, 5, '5300379210', 'phucltv', 6, 2, '2021-10-14 10:32:36', 0, 6, 2),
	(458, 591, 5, '5300379058', 'cantt', 6, 2, '2021-10-14 10:58:02', 0, 0, 2),
	(461, 594, 8, '56HG707966', 'phucltv', 6, 2, '2021-10-14 12:41:18', 0, 0, 2),
	(462, 595, 1, '5310106134', 'duclb', 5, 3, '2021-10-14 15:12:03', 1, 0, 2),
	(463, 596, 5, '5300380920', 'thangnd', 2, 2, '2021-10-14 15:20:37', 0, 0, 2),
	(465, 598, 12, '5310182560', 'tienvm', 5, 3, '2021-10-14 17:17:00', 1, 0, 2),
	(467, 600, 1, '5310106185', 'duclb', 5, 3, '2021-10-14 17:05:57', 1, 0, 2),
	(468, 601, 8, '56HG707930', 'ngoccd', 4, 3, '2021-10-14 17:10:08', 0, 1, 2),
	(469, 602, 1, '5310107015', 'ngoccd', 4, 3, '2021-10-14 17:43:27', 1, 0, 2),
	(470, 603, 8, '56HG707945', 'ngoccd', 4, 3, '2021-10-14 17:44:22', 1, 1, 2),
	(471, 604, 1, '5310105317', 'tuanva', 4, 3, '2021-10-14 20:08:53', 0, 0, 2),
	(472, 605, 12, '5310181235', 'thuongd', 5, 3, '2021-10-14 20:09:27', 1, 0, 2),
	(473, 606, 12, '5310183234', 'thuongd', 5, 3, '2021-10-14 20:09:57', 1, 0, 2),
	(474, 607, 12, '5310181617', 'thuongd', 5, 3, '2021-10-14 20:10:24', 1, 0, 2),
	(475, 608, 12, '5310180755', 'thuongd', 5, 3, '2021-10-14 20:11:14', 0, 0, 2),
	(477, 610, 5, '5300380374', 'phucltv', 2, 2, '2021-10-14 20:42:01', 0, 5, 2),
	(478, 611, 10, '56HGl00285', 'vinhvx', 6, 2, '2021-10-14 21:11:00', 0, 0, 2),
	(479, 612, 5, '5300380358', 'huudp', 6, 2, NULL, 0, 0, 0),
	(480, 613, 5, '5300380665', 'bannt', 4, 3, '2021-10-15 10:41:01', 0, 1, 2),
	(481, 614, 10, '56HG806305', 'duclb', 4, 3, '2021-10-15 10:43:31', 0, 0, 2),
	(482, 615, 2, 'J821002776', 'sonmh', 6, 2, '2021-10-15 13:00:00', 1, 0, 2),
	(484, 617, 8, '56HG707964', 'thoibt', 1, 1, '2021-10-15 16:01:58', 0, 0, 2),
	(485, 618, 5, '5300378840', 'phucltv', 3, 2, '2021-10-15 17:30:14', 0, 0, 2),
	(486, 619, 5, '5300380445', 'thoibt', 1, 1, '2021-10-15 17:43:04', 0, 1, 2),
	(487, 620, 10, '56HG806306', 'cuongnd', 1, 1, '2021-10-16 08:50:42', 0, 1, 2),
	(488, 621, 8, '56HG707953', 'hanh', 4, 3, '2021-10-16 10:39:36', 0, 2, 2),
	(489, 622, 1, '5310107361', 'hanh', 4, 3, '2021-10-16 14:02:58', 0, 0, 2),
	(492, 625, 5, '5300380412', 'tuanva', 4, 3, '2021-10-17 21:49:55', 0, 1, 2),
	(493, 626, 1, '5310106119', 'tuanva', 4, 3, '2021-10-17 21:51:20', 0, 0, 2),
	(494, 627, 12, '5310180603', 'tuanva', 5, 3, '2021-10-17 21:52:47', 0, 0, 2),
	(495, 628, 12, '5310181241', 'tuanva', 7, 3, '2021-10-17 21:54:28', 0, 0, 2),
	(496, 629, 5, '5300380502', 'tuanva', 4, 3, '2021-10-17 21:55:22', 0, 0, 2),
	(497, 630, 5, '5300378257', 'tuanva', 4, 3, '2021-10-17 21:56:15', 0, 0, 2),
	(498, 631, 5, '5300380271', 'tuanva', 4, 3, '2021-10-17 21:57:02', 0, 0, 2),
	(499, 632, 12, '5310182599', 'tuanva', NULL, 3, '2021-10-17 21:57:46', 0, 0, 2),
	(500, 633, 12, '5310181493', 'tuanva', NULL, 3, '2021-10-18 09:12:21', 0, 0, 2),
	(501, 634, 12, '5310181660', 'tuanva', NULL, 3, '2021-10-18 09:13:13', 0, 0, 2),
	(502, 635, 12, '5310182871', 'tuanva', 4, 3, '2021-10-18 09:14:03', 0, 0, 2),
	(503, 636, 8, '56HG707979', 'cantt', 6, 2, '2021-10-18 09:14:56', 0, 0, 2),
	(504, 637, 5, '5300380063', 'tuanva', 4, 3, '2021-10-18 09:15:07', 0, 0, 2),
	(505, 638, 10, '56hg806300', 'sonmh', 6, 2, '2021-10-18 11:00:00', 1, 0, 2),
	(506, 639, 5, '5300380310', 'duclb', 4, 3, '2021-10-18 09:44:04', 0, 0, 2),
	(507, 640, 12, '5310183305', 'hanh', NULL, 3, '2021-10-18 10:12:15', 0, 1, 2),
	(508, 641, 7, 'J821012730', 'cuongnd', 1, 1, '2021-10-18 12:35:39', 0, 0, 2),
	(509, 642, 12, '5310182640', 'hieppn', NULL, 3, '2021-10-18 14:51:13', 1, 0, 2),
	(510, 643, 12, '5310181241', 'bannt', 7, 3, '2021-10-18 14:18:24', 1, 0, 2),
	(511, 644, 1, '5310106165', 'hieppn', 4, 3, '2021-10-18 15:46:14', 1, 3, 2),
	(512, 645, 10, '56HG806310', 'lanmx', 4, 3, '2021-10-18 15:38:32', 0, 0, 2),
	(513, 646, 12, '5310182486', 'duclb', NULL, 3, '2021-10-18 15:55:59', 1, 0, 2),
	(514, 647, 12, '5310182429', 'bannt', 7, 3, '2021-10-18 15:29:19', 1, 0, 2),
	(515, 648, 5, '5300378203', 'tuanva', 4, 3, '2021-10-18 17:51:34', 1, 0, 2),
	(516, 649, 12, '5310181241', 'hanh', 7, 3, '2021-10-18 16:28:31', 1, 0, 2),
	(517, 650, 1, '5310107206', 'hanh', 4, 3, '2021-10-18 17:22:38', 1, 0, 2),
	(519, 652, 1, '5310106194', 'thangnx', 4, 3, '2021-10-18 18:16:39', 1, 0, 2),
	(520, 653, 1, '5310107199', 'thangnx', 4, 3, '2021-10-18 18:17:32', 1, 1, 2),
	(521, 654, 1, '5310105909', 'bannt', 4, 3, '2021-10-19 10:25:10', 1, 0, 2),
	(522, 655, 1, '5310106091', 'bannt', 4, 3, '2021-10-19 12:04:03', 1, 0, 2),
	(523, 656, 12, '5310180677', 'hanh', NULL, 3, '2021-10-19 10:52:20', 1, 0, 2),
	(524, 657, 12, '5310183231', 'duclb', 4, 3, '2021-10-19 11:39:48', 0, 0, 2),
	(525, 658, 5, '5300379996', 'hanh', 4, 3, '2021-10-19 11:43:13', 1, 0, 2),
	(526, 659, 8, '56HG707972', 'nguyenvd', 3, 2, '2021-10-19 14:00:00', 1, 2, 2),
	(527, 660, 12, '5310180577', 'thangnx', 4, 3, '2021-10-19 14:23:44', 1, 0, 2),
	(528, 661, 12, '5310181223', 'tuanva', NULL, 3, '2021-10-19 15:58:42', 1, 1, 2),
	(529, 662, 12, '5310181350', 'lanmx', 8, 3, '2021-10-19 16:10:28', 1, 0, 2),
	(530, 663, 8, '56HG707984', 'nguyenvd', 3, 2, '2021-10-19 14:59:17', 1, 0, 2),
	(531, 664, 12, '5310182568', 'bannt', 4, 3, '2021-10-19 16:15:16', 1, 0, 2),
	(532, 665, 5, '5300380006', 'tuanva', 4, 3, '2021-10-19 16:00:25', 0, 0, 2),
	(533, 666, 5, '5300380387', 'lamn', 6, 2, '2021-10-19 16:20:15', 0, 0, 2),
	(534, 667, 10, '56HG805403', 'nguyenvd', 3, 2, '2021-10-19 16:50:00', 1, 0, 2),
	(535, 668, 5, '5300378595', 'hieppn', 4, 3, '2021-10-20 14:37:10', 0, 0, 2),
	(539, 672, 5, '5300380347', 'sonmh', 6, 2, '2021-10-19 21:27:54', 0, 2, 2),
	(540, 673, 8, '56HG707946', 'hanh', 4, 3, '2021-10-20 11:08:32', 1, 1, 2),
	(541, 674, 8, '56HG707943', 'tunt', 4, 3, '2021-10-20 09:28:22', 0, 0, 2),
	(542, 675, 2, 'J821002772', 'bannt', 4, 3, '2021-10-20 11:27:00', 0, 1, 2),
	(543, 676, 5, '5300381741', 'thuongd', 5, 3, '2021-10-20 10:47:32', 1, 0, 2),
	(544, 677, 1, '5310106126', 'tunt', 4, 3, '2021-10-20 10:58:13', 0, 0, 2),
	(545, 678, 10, '56HG805394', 'sonmh', 6, 2, '2021-10-20 13:00:00', 0, 0, 2),
	(546, 679, 5, '5300380271', 'thangnx', 4, 3, '2021-10-20 11:41:50', 1, 1, 2),
	(547, 680, 8, '56hg707938', 'sonmh', 6, 2, '2021-10-20 16:00:00', 0, 0, 2),
	(548, 681, 12, '5310181241', 'hoathv', 7, 3, '2021-10-20 14:54:43', 0, 0, 2),
	(549, 682, 5, '5300380399', 'duclb', 4, 3, '2021-10-20 16:40:21', 0, 0, 2),
	(550, 683, 10, '56HGL03529', 'huudp', 6, 2, '2021-10-21 10:08:19', 1, 0, 2),
	(551, 684, 5, '5300380438', 'huudp', 6, 2, '2021-10-21 11:29:22', 0, 0, 2),
	(552, 685, 12, '5310183227', 'thuongd', 5, 3, '2021-10-21 10:31:04', 0, 1, 2),
	(553, 686, 10, '56HGL00301', 'thoibt', 1, 1, '2021-10-21 10:51:20', 0, 0, 2),
	(554, 687, 8, '56hg707938', 'sonmh', 6, 2, NULL, 0, 0, 0),
	(555, 688, 5, '5300378321', 'hanh', 4, 3, '2021-10-21 15:32:43', 1, 2, 2),
	(557, 690, 12, '5310181613', 'hieppn', 4, 3, '2021-10-22 09:51:38', 1, 0, 2),
	(558, 691, 5, '5300379210', 'vinhvx', 6, 2, '2021-10-22 08:27:46', 0, 1, 2),
	(559, 692, 5, '5300378945', 'cantt', 6, 2, '2021-10-22 11:45:00', 1, 1, 2),
	(560, 693, 12, '5310180639', 'hieppn', NULL, 3, '2021-10-22 09:56:02', 1, 0, 2),
	(561, 694, 1, '5310107064', 'hieppn', 4, 3, '2021-10-22 11:12:07', 1, 0, 2),
	(562, 695, 12, '5310181086', 'thangnx', NULL, 3, '2021-10-22 12:14:37', 1, 0, 2),
	(563, 696, 12, '5310182628', 'tuanva', NULL, 3, '2021-10-22 10:36:39', 1, 0, 2),
	(564, 697, 12, '5310180677', 'bannt', NULL, 3, '2021-10-22 10:56:57', 0, 0, 2),
	(565, 698, 12, '5310180603', 'tunt', 5, 3, '2021-10-22 11:00:10', 0, 0, 2),
	(566, 699, 8, '56HG707943', 'tunt', 4, 3, '2021-10-22 11:01:15', 0, 0, 2),
	(567, 700, 12, '5310181675', 'hieppn', 4, 3, '2021-10-22 12:01:21', 1, 0, 2),
	(568, 701, 12, '5310181673', 'tuanva', NULL, 3, '2021-10-22 11:47:54', 1, 0, 2),
	(569, 702, 5, '5300380399', 'bannt', 4, 3, '2021-10-22 12:00:15', 1, 0, 2),
	(570, 703, 5, '5300380412', 'hanh', 4, 3, '2021-10-22 12:08:49', 1, 2, 2),
	(571, 704, 1, '5310105833', 'hanh', 4, 3, '2021-10-22 12:10:26', 1, 3, 2),
	(572, 705, NULL, 'J821006581', 'phucltv', 6, 2, '2021-10-22 12:36:21', 0, 1, 2),
	(573, 706, 5, '5300377162', 'cantt', 6, 2, '2021-10-22 15:30:00', 1, 1, 2),
	(574, 707, 1, '5310107343', 'thangnx', 4, 3, '2021-10-22 14:48:28', 1, 0, 2),
	(575, 708, 12, '5310181415', 'tuanva', NULL, 3, '2021-10-22 14:55:01', 1, 0, 2),
	(578, 711, 10, '56HG805398', 'duclb', 4, 3, '2021-10-22 15:32:13', 0, 1, 2),
	(579, 712, 12, '5310181383', 'tuanva', NULL, 3, '2021-10-22 15:41:06', 1, 0, 2),
	(580, 713, 5, '5300380293', 'bannt', 4, 3, '2021-10-22 15:16:30', 1, 2, 2),
	(581, 714, 5, '5300378419', 'sonmh', 6, 2, NULL, 0, 0, 0),
	(582, 715, 12, '5310182448', 'bannt', NULL, 3, '2021-10-22 12:32:00', 1, 0, 2),
	(583, 716, 10, '56HGL03517', 'tunt', 4, 3, '2021-10-22 17:00:50', 0, 0, 2),
	(584, 717, 12, '5310183305', 'tuanva', NULL, 3, '2021-10-22 17:48:07', 0, 1, 2),
	(585, 718, 1, '5310107258', 'thangnx', 4, 3, '2021-10-22 19:18:05', 1, 0, 2),
	(587, 720, 5, '5300378825', 'cantt', 6, 2, '2021-10-23 16:36:00', 1, 0, 2),
	(588, 721, 5, '5300380374', 'thangnd', 2, 2, '2021-10-23 15:02:00', 0, 2, 2),
	(589, 722, 5, '5300378551', 'vinhvx', 6, 2, '2021-10-24 14:44:53', 1, 2, 2),
	(590, 723, 1, '5310106119', 'tuanva', 4, 3, '2021-10-24 20:23:04', 0, 0, 2),
	(591, 724, 5, '5300380019', 'tuanva', 4, 3, '2021-10-24 20:23:47', 0, 0, 2),
	(592, 725, 12, '5310180750', 'thuongd', 5, 3, '2021-10-25 08:03:49', 0, 0, 2),
	(593, 726, 12, '5310181350', 'lanmx', 8, 3, '2021-10-25 09:51:45', 0, 0, 2),
	(594, 727, 8, '56HG707943', 'hanh', 4, 3, '2021-10-25 10:52:31', 1, 2, 2),
	(595, 728, 12, '5310180790', 'tuanva', NULL, 3, '2021-10-25 11:01:36', 0, 0, 2),
	(596, 729, 12, '5310180806', 'tuanva', 4, 3, '2021-10-25 11:27:15', 0, 0, 2),
	(597, 730, 10, '56HGL03527', 'thoibt', 1, 1, '2021-10-25 15:03:38', 0, 1, 2),
	(598, 731, 5, '5300380502', 'hanh', 4, 3, '2021-10-25 14:35:12', 1, 0, 2),
	(599, 732, 5, '5300380920', 'thangnd', 2, 2, '2021-10-25 15:00:00', 0, 0, 2),
	(600, 733, 5, '5300381809', 'hanh', 4, 3, '2021-10-25 15:09:04', 1, 0, 2),
	(601, 734, 10, '56hg806301', 'lanmx', 4, 3, '2021-10-25 16:20:37', 0, 0, 2),
	(602, 735, 12, '5310181373', 'hanh', NULL, 3, '2021-10-25 17:21:24', 1, 0, 2),
	(603, 736, 12, '5310180806', 'bannt', 4, 3, '2021-10-25 15:42:00', 1, 0, 2),
	(604, 737, 1, '5310106109', 'bannt', 4, 3, '2021-10-25 17:47:01', 1, 0, 2),
	(607, 740, 12, '5310180595', 'hieppn', 4, 3, '2021-10-26 10:20:52', 1, 0, 2),
	(609, 742, 5, '5300378547', 'vinhvx', 3, 2, '2021-10-26 08:44:41', 1, 5, 2),
	(610, 743, 8, '56HG707962', 'thangnx', 4, 3, '2021-10-26 10:34:00', 0, 1, 2),
	(611, 744, 10, '56HGL03536', 'lamn', 6, 2, '2021-10-26 09:22:22', 0, 0, 2),
	(612, 745, 10, '56HGL00302', 'lamn', 6, 2, '2021-10-26 09:23:15', 1, 0, 2),
	(613, 746, NULL, 'J821006599', 'hanh', 4, 3, '2021-10-26 09:55:16', 0, 0, 2),
	(614, 747, 12, '5310181552', 'bannt', NULL, 3, '2021-10-26 10:49:21', 1, 0, 2),
	(615, 748, 4, 'J821001582', 'thangnx', 4, 3, '2021-10-26 11:30:59', 1, 0, 2),
	(616, 749, 5, '5300378007', 'ngoccd', 4, 3, '2021-10-26 11:51:46', 0, 0, 2),
	(618, 751, 1, '5310105816', 'bannt', 4, 3, '2021-10-26 15:08:31', 1, 0, 2),
	(619, 752, 12, '5310183008', 'longnv', 1, 1, '2021-10-26 16:44:04', 1, 0, 2),
	(620, 753, 1, '5310107206', 'hanh', 4, 3, '2021-10-26 15:34:03', 0, 0, 2),
	(621, 754, NULL, 'J821006599', 'thangnx', 4, 3, '2021-10-26 16:30:03', 0, 1, 2),
	(622, 755, 12, '5310180603', 'tuanva', 5, 3, '2021-10-26 16:57:04', 0, 0, 2),
	(623, 756, 5, '5300378266', 'tuanva', 4, 3, '2021-10-26 16:58:00', 0, 0, 2),
	(624, 757, 1, '5310107015', 'tuanva', 4, 3, '2021-10-26 16:58:49', 0, 0, 2),
	(625, 758, 2, 'J821002772', 'tuanva', 4, 3, '2021-10-26 17:00:00', 0, 0, 2),
	(626, 759, 10, '56HGL03510', 'thoibt', 1, 1, '2021-10-26 17:35:30', 0, 0, 2),
	(627, 760, 5, '5300380412', 'tuanva', 4, 3, '2021-10-26 18:02:51', 0, 0, 2),
	(628, 761, 12, '5310180595', 'tuanva', 4, 3, '2021-10-26 18:03:27', 0, 0, 2),
	(630, 763, 1, '5310106969', 'hieppn', 4, 3, '2021-10-27 09:50:44', 1, 0, 2),
	(631, 764, 7, 'J821012674', 'longnv', 1, 1, '2021-10-27 10:05:55', 0, 0, 2),
	(632, 765, 12, '5310183233', 'hieppn', NULL, 3, '2021-10-27 11:14:39', 1, 0, 2),
	(633, 766, 5, '5300380438', 'luannt', 6, 2, '2021-10-27 10:50:58', 0, 0, 2),
	(634, 767, 12, '5310182525', 'bannt', 4, 3, '2021-10-27 10:55:05', 1, 0, 2),
	(635, 768, 1, '5310106163', 'thangnx', 4, 3, '2021-10-27 11:28:32', 1, 1, 2),
	(636, 769, 12, '5310180661', 'bannt', NULL, 3, '2021-10-27 13:43:48', 1, 0, 2),
	(637, 770, 12, '5310182690', 'thangnx', NULL, 3, '2021-10-27 15:47:49', 1, 0, 2),
	(638, 771, 1, '5310106134', 'thuongd', 5, 3, NULL, 0, 0, 0),
	(639, 772, 12, '5310183229', 'bannt', 4, 3, '2021-10-27 15:48:12', 1, 0, 2);
/*!40000 ALTER TABLE `statistical` ENABLE KEYS */;

-- Dumping structure for table atmservice.user
CREATE TABLE IF NOT EXISTS `user` (
  `id` bigint(8) NOT NULL AUTO_INCREMENT,
  `username` varchar(45) NOT NULL,
  `password` varchar(255) NOT NULL,
  `device_id` varchar(255) DEFAULT NULL,
  `full_name` varchar(255) DEFAULT NULL,
  `is_actived` tinyint(1) NOT NULL,
  `email` varchar(255) NOT NULL,
  `department_id` int(11) DEFAULT NULL,
  `phone_number` varchar(15) DEFAULT NULL,
  PRIMARY KEY (`id`),
  UNIQUE KEY `username_UNIQUE` (`username`),
  UNIQUE KEY `device_id_UNIQUE` (`device_id`),
  KEY `fk_user_department_idx` (`department_id`),
  CONSTRAINT `fk_user_department` FOREIGN KEY (`department_id`) REFERENCES `department` (`id`) ON DELETE NO ACTION ON UPDATE NO ACTION
) ENGINE=InnoDB AUTO_INCREMENT=45 DEFAULT CHARSET=utf8mb4;

-- Dumping data for table atmservice.user: ~36 rows (approximately)
/*!40000 ALTER TABLE `user` DISABLE KEYS */;
INSERT INTO `user` (`id`, `username`, `password`, `device_id`, `full_name`, `is_actived`, `email`, `department_id`, `phone_number`) VALUES
	(1, 'admin', '$2a$10$HVDYe2xXH.LVuvL8N42NY.1sy/.qzp.CKldwe4P5ptw8cCqN57IC2', NULL, 'admin', 1, 'admin@gmail.com', NULL, NULL),
	(2, 'hoandg', '$2a$10$HVDYe2xXH.LVuvL8N42NY.1sy/.qzp.CKldwe4P5ptw8cCqN57IC2', NULL, 'Đinh Gia Hoàn', 1, 'dinhgiahoan@gmail.com', 4, '12312'),
	(4, 'thanhnv', '$2a$10$xcdmwPFfzoYAX7wVXUnMvO/j2W8u0Ls6XlCWGHYFticVPEdT9xa9C', '5a418b1775876d58', 'Nguyễn Văn Thành', 1, 'thanhnv@mitec.com.vn', 4, ''),
	(6, 'anhvd', '$2a$10$oOD5imxwpLHtT0p7rrISc.e4mXh3YRo3miqJFK8IDovJLVPqxOo4.', '246793A6-6A18-477D-B277-393E52D71685', 'Vũ Duy Anh', 1, 'vuduyanh.bn.97@gmail.com', 4, ''),
	(7, 'duclb', '$2a$10$DI4.S.fuHAjmd4/nWDsuZ.ITDg8h8kzrt5xuGpntP5cHa0NB4mp7.', 'CF97D6C4-E07C-4586-B1D7-6EA295534486', 'Lê Bá Đức', 1, 'duclb@mitec.com.vn', 4, '0901759958'),
	(8, 'thuyennx', '$2a$10$RNxH84tyjEAueTBjVA66zOD/CXKQCpXQ3kAXQy26f1ayHIFvEusmW', 'C70B54FE-416C-42C5-AAFF-58D7D09B4C41', 'Nguyễn Xuân Thuyên', 1, 'thuyennx@mitec.com.vn', 4, ''),
	(10, 'tienvm', '$2a$10$B5JRBxbiDgc.yKylBUpf8eyXWaQs7iq4P8P0iYIRho8AkbgRxXQAy', '143a0b848150c5fa', 'Vũ Minh Tiến', 1, 'tienvm@mitec.com.vn', 4, '0936345881'),
	(13, 'tuanva', '$2a$10$Ch4zZflTOW3B0NcsumaUtuefY32BWTX4o3VBTJWOm9xpSszz0d3/S', '7C168820-F211-4F8E-AA8F-179F4A4F8056', 'Vi Anh Tuấn', 1, 'tuanva@mitec.com.vn', 4, '0974286386'),
	(15, 'sanglc1', '$2a$10$6kyRbHm632HV3oEZizy8YuvvMBa5wpa1D.lJ6rdC4JZslckShvmuq', '', 'Lê Công Sang', 1, 'sanglc@mitec.com.vn', 4, ''),
	(16, 'bannt', '$2a$10$rMc5esO/4lQWXd4yeXRx8OLOFCn81kzBp4LPKKPconNEfVc9FtPTm', '7418ED1A-F783-4533-8FBB-86CDBF3B4AC4', 'Nguyễn Tạ Ban', 1, 'bannt@mitec.com.vn', 4, '0902588799'),
	(17, 'ngoccd', '$2a$10$mYG4UXekluUjzl/.K33jP.L4YeX1J3Q3LfdUOVUdX4Qd7TGq2SnNq', 'F089D2DB-138C-438C-87E4-3DB573DFFD68', 'Cấn Đức Ngọc', 1, 'ngoccd@mitec.com.vn', 7, '0942696555'),
	(18, 'thangnx', '$2a$10$nzxDIbGPiEaCLbC9GLxGreaTpMdj1LBCuEFfaMQRrErWj7iScQcG.', 'EB034881-1FF8-41A4-91C0-C809D08E43F5', 'Nguyễn Xuân Thăng', 1, 'thangnx@mitec.com.vn', 4, '0913913444'),
	(19, 'tunt', '$2a$10$nQoJ6Ovt9YCLvHv6sT7CcO2xPHlUGlai9avZt4Kwhm9TvsSNYzCdq', 'BA2B4870-718D-4F1F-A7D4-30950DCC6419', 'Nguyễn Tá Tú', 1, 'tunt@mitec.com.vn', 4, '0915010448'),
	(20, 'hanh', '$2a$10$DUE4RDjApXmjnBN6fQGaBOvJ7okT8128CzpHb6hx.Tni14HHf.FNq', 'C475EBC1-EEEC-49E9-BCCA-533EB3939C67', 'Nguyễn Hữu Hà', 1, 'hanh@mitec.com.vn', 4, '0919018181'),
	(21, 'hoathv', '$2a$10$rRJ9/1vyqpqA8D4bzI2bROpviS08LBpvbUfY2io6GvrrStXbEh8CC', 'AAF3A06B-8586-4F07-8E6B-80563ECC2D2D', 'Hoàng Văn Hoạt', 1, 'hoathv@mitec.com.vn', 4, '0396828889'),
	(22, 'phuongtv', '$2a$10$8JQEm4OaF4UdMf/DASgmpuRfU8qb9I0eEjDuckJplxRJZKCOFD6Di', 'd676f682c62d031f', 'Tô Việt Phương', 1, 'phuongtv@mitec.com.vn', 4, '0984619940'),
	(23, 'hieppn', '$2a$10$Xh8sH7sGfUtQlosWeYJR1.JFRoOzFuuhtuJasfCFN//1jItBbNyV6', '3533d37b9c07585b', 'Phạm Ngọc Hiệp', 1, 'hieppn@mitec.com.vn', 4, '0936959556'),
	(24, 'thuongd', '$2a$10$cw61hfpto0jNmJ94qt4NE.84UYfC7uvfvfFmjXKcGqFxWJdv.t47G', '639D752B-BB20-475C-A15E-1DBE554639D0', 'Đinh Thương', 1, 'thuongd@mitec.com.vn', 5, '0989936005'),
	(25, 'longnv', '$2a$10$KrIClvUfarGekifbZ7.xEuSHu7Q.WV36Z8BKblIK0oU1sItV.23/2', 'DD2FFBCF-9AEB-4563-8167-436BC85FA9E4', 'Ngô Văn Long', 1, 'longnv@mitec.com.vn', 1, '0918403114'),
	(26, 'thoibt', '$2a$10$Meaf83GF5IsRf19u9Dd9t.Ef3fV6SWzldIUsQF2e9MSv6zbBEE4ge', 'effcd3b543e6225e', 'Bùi Tấn Thời', 1, 'thoibt@mitec.com.vn', 1, '0935399449'),
	(27, 'cuongnd', '$2a$10$vYeDp57iGADAOeeskFdXCOmiN.pnpT7Eo6aEuaj1rcOGXKOrz/Rn6', 'D1F8B5F3-AA1A-4628-8BF7-107C6657800A', 'Nguyễn Đăng Cường', 1, 'cuongnd@mitec.com.vn', 1, '0907122788'),
	(28, 'quyentt', '$2a$10$h0b6MLZAU/qXYkHb0/pkM.u/9e4lSpvWD7ysl9wEtZ/tph8W0qa3i', '03FE0E33-D345-4AE3-890E-951D363FEA9F', 'Trần Tuấn Quyền', 1, 'quyentt@mitec.com.vn', 6, '0909399073'),
	(29, 'luannt', '$2a$10$Q3M1VzcTU4Eb5CxBTvvW0OtM7topQ4eOwAud359ng4pfKxbZS85Pe', '19253CA9-54B8-499D-AC19-36642BB9ACB1', 'Nguyễn Thế Luân', 1, 'luannt@mitec.com.vn', 6, '0903045607'),
	(30, 'sonmh', '$2a$10$cJqj88ZCAEitOQrB85QkhOhIl3dNfUqBmmMVNjKPbW1RExqYWl6bC', '529C8A8C-7E33-4638-B32B-EDFD23C14EEA', 'Mai Hồng Sơn', 1, 'sonmh@mitec.com.vn', 6, NULL),
	(31, 'lamn', '$2a$10$AdsfCiNZzNWrUni0SvBIpe6BBCqMlz5utxiVCGX8p8faGc0Z9RtDu', 'BE17E560-A8C8-4FEA-9341-F8E92FF2C8E6', 'Nguyễn Lâm', 1, 'lamn@mitec.com.vn', 6, '0909571545'),
	(32, 'vinhvx', '$2a$10$xHsN6v04XtTmzpFIpm5Ok.vZFGfEs06DoZmaIl8f8.l2MvMPDy52i', 'df5934ab88a47624', 'Vũ Xuân Vinh', 1, 'vinhvx@mitec.com.vn', 3, '090 5520976'),
	(33, 'huudp', '$2a$10$6lP7mfEPdw9YgdbEpbdbEOqjn2x6CJVcDze8ViHiD2rh1H3bH8.La', 'A2E0717F-D5C0-431E-A4D7-3CAA3A05A3DB', 'Đoàn Phước Hữu', 1, 'huudp@mitec.com.vn', 6, '0903183000'),
	(34, 'nguyenvd', '$2a$10$ZUadw1FQk03pGrW8L3tpwOA1C1FzI.hpLvc0gkMO5sADBRvu4Nocm', '9468bce0ac12bdc6', 'Vũ Đình Nguyên', 1, 'nguyenvd@mitec.com.vn', 3, NULL),
	(35, 'thangnd', '$2a$10$FKHdRQt5YLgqTd8yI3Vujea0ZpuEwiSP.lNJO65/uRui2exxlFdb6', '24d974765c52dc60', 'Nguyễn Đức Thắng', 1, 'thangnd@mitec.com.vn', 2, '0942986244'),
	(36, 'phucltv', '$2a$10$9bds9e7sSushG33kmWMnRugmnJtTMW2SF84EuN2sSEAR0HIm80pxu', '3AF6CB75-2DC5-46BD-9B11-F8EABA17FB00', 'Lê Trình Vĩnh Phúc', 1, 'phucltv@mitec.com.vn', 6, '0908657001'),
	(37, 'cantt', '$2a$10$2LO5TCuyj42J3afbyG.ep.wIQsRB.6sDZ7Dh8som5iO1hMNSnKA/6', '469b492c94f2506e', 'Trần Trung Can', 1, 'cantt@mitec.com.vn', 6, '0903667734'),
	(38, 'lanmx', '$2a$10$ma48hGtp8orul4Kuyj8xu.OJM3x4/VKimsXUqwHBpCm7OInthCjiu', 'F89943DF-4365-438B-8DAE-2F45EB85E35C', 'Mạc Xuân Lân', 1, 'lanmx@mitec.com.vn', 8, '0938381369'),
	(39, 'dungnt', '$2a$10$GBgfRYo4MwDhfWLmjp112u6GAqXPZczbWrFxcRQbQPjknr.HFgzdy', NULL, 'Nguyễn Thùy Dung', 1, 'dungnt@mitec.com.vn', 4, NULL),
	(42, 'tuenm', '$2a$10$w4D.FafIvgFh7XkU9w8YGuMRdW/bVUg5oNJ.jP6BRX5cNiX6s4YVq', NULL, 'Nguyễn Minh Tuệ', 1, 'tuenm@mitec.com.vn', 4, ''),
	(43, 'quandt', '$2a$10$ZeViA2zv9WgNYpUMNChgk./TiRXwak7oGTr.yc6feGD/9c.jySMsy', NULL, 'Đặng Thế Quân', 1, 'quandt@mitec.com.vn', 4, ''),
	(44, 'anhbt', '$2a$10$/uoSXuGjOHz/HpDm6sS/pODMB9X3xDaoFvnipsY8GvTvC2pSRatXa', 'F3737318-D78D-4808-AD48-223C444751F9', 'Tuan Anh Bui', 1, 'buituananh2098@gmail.com', 4, '+843103413659');
/*!40000 ALTER TABLE `user` ENABLE KEYS */;

-- Dumping structure for table atmservice.user_role
CREATE TABLE IF NOT EXISTS `user_role` (
  `user_id` bigint(8) NOT NULL,
  `role_id` bigint(8) NOT NULL,
  KEY `fk_user_idx` (`user_id`),
  KEY `fk_role_idx` (`role_id`),
  CONSTRAINT `fk_role` FOREIGN KEY (`role_id`) REFERENCES `role` (`id`) ON DELETE CASCADE,
  CONSTRAINT `fk_user` FOREIGN KEY (`user_id`) REFERENCES `user` (`id`) ON DELETE NO ACTION ON UPDATE NO ACTION
) ENGINE=InnoDB DEFAULT CHARSET=utf8mb4;

-- Dumping data for table atmservice.user_role: ~49 rows (approximately)
/*!40000 ALTER TABLE `user_role` DISABLE KEYS */;
INSERT INTO `user_role` (`user_id`, `role_id`) VALUES
	(1, 1),
	(30, 2),
	(34, 2),
	(39, 3),
	(15, 1),
	(15, 4),
	(8, 1),
	(8, 4),
	(6, 1),
	(6, 4),
	(4, 1),
	(4, 4),
	(42, 3),
	(42, 4),
	(43, 3),
	(43, 4),
	(38, 2),
	(37, 2),
	(36, 2),
	(35, 2),
	(33, 2),
	(32, 2),
	(31, 2),
	(29, 2),
	(28, 2),
	(28, 3),
	(27, 2),
	(25, 2),
	(25, 3),
	(24, 2),
	(23, 2),
	(22, 2),
	(21, 2),
	(20, 2),
	(19, 2),
	(18, 2),
	(17, 2),
	(16, 2),
	(10, 2),
	(10, 3),
	(7, 1),
	(7, 2),
	(26, 2),
	(13, 2),
	(13, 3),
	(2, 2),
	(2, 3),
	(2, 4),
	(44, 2);
/*!40000 ALTER TABLE `user_role` ENABLE KEYS */;

/*!40101 SET SQL_MODE=IFNULL(@OLD_SQL_MODE, '') */;
/*!40014 SET FOREIGN_KEY_CHECKS=IF(@OLD_FOREIGN_KEY_CHECKS IS NULL, 1, @OLD_FOREIGN_KEY_CHECKS) */;
/*!40101 SET CHARACTER_SET_CLIENT=@OLD_CHARACTER_SET_CLIENT */;
